url	status	purpose	entity	disposition	canonical	indexability	inbound	outbound	target_state	redirect_code	note
https://progressivemartialarts.com.au/	200	homepage	ACADEMY	MODERNISE	https://progressivemartialarts.com.au/	indexable	1213	71	https://progressivemartialarts.com.au/		
https://progressivemartialarts.com.au/?s=test	200	search	-	KEEP		noindex	0	0	https://progressivemartialarts.com.au/?s=test		
https://progressivemartialarts.com.au/author/15ef25c842b4a4bf/	200	hashed author archive	-	REMOVE	https://progressivemartialarts.com.au/author/15ef25c842b4a4bf/	indexable	0	27		410	orphaned; disable author archives (Yoast)
https://progressivemartialarts.com.au/author/7afa0b863b49dcc6/	200	hashed author archive	-	REMOVE	https://progressivemartialarts.com.au/author/7afa0b863b49dcc6/	indexable	0	26		410	orphaned; disable author archives (Yoast)
https://progressivemartialarts.com.au/blog/	200	blog archive	HISTORICAL RECORD	KEEP	https://progressivemartialarts.com.au/blog/	indexable	4	32	https://progressivemartialarts.com.au/blog/		
https://progressivemartialarts.com.au/brand/iama/	200	brand archive	CATEGORY	KEEP	https://progressivemartialarts.com.au/brand/iama/	indexable	179	69	https://progressivemartialarts.com.au/brand/iama/		
https://progressivemartialarts.com.au/brand/jj-machado/	200	brand archive	CATEGORY	KEEP	https://progressivemartialarts.com.au/brand/jj-machado/	indexable	7	56	https://progressivemartialarts.com.au/brand/jj-machado/		
https://progressivemartialarts.com.au/brand/lameco/	200	brand archive	CATEGORY	KEEP	https://progressivemartialarts.com.au/brand/lameco/	indexable	14	63	https://progressivemartialarts.com.au/brand/lameco/		
https://progressivemartialarts.com.au/brand/morgan/	200	brand archive	CATEGORY	KEEP	https://progressivemartialarts.com.au/brand/morgan/	indexable	2	51	https://progressivemartialarts.com.au/brand/morgan/		
https://progressivemartialarts.com.au/brand/progressive/	200	brand archive	CATEGORY	KEEP	https://progressivemartialarts.com.au/brand/progressive/	indexable	15	64	https://progressivemartialarts.com.au/brand/progressive/		
https://progressivemartialarts.com.au/brand/punch/	200	brand archive	CATEGORY	KEEP	https://progressivemartialarts.com.au/brand/punch/	indexable	12	61	https://progressivemartialarts.com.au/brand/punch/		
https://progressivemartialarts.com.au/brand/revgear/	200	brand archive	CATEGORY	KEEP	https://progressivemartialarts.com.au/brand/revgear/	indexable	2	51	https://progressivemartialarts.com.au/brand/revgear/		
https://progressivemartialarts.com.au/brand/sharkee/	200	brand archive	CATEGORY	KEEP	https://progressivemartialarts.com.au/brand/sharkee/	indexable	2	51	https://progressivemartialarts.com.au/brand/sharkee/		
https://progressivemartialarts.com.au/brand/wtba/	200	brand archive	CATEGORY	KEEP	https://progressivemartialarts.com.au/brand/wtba/	indexable	5	54	https://progressivemartialarts.com.au/brand/wtba/		
https://progressivemartialarts.com.au/cart/	404	commerce alias	PRODUCT	REDIRECT		n/a	0	0	https://progressivemartialarts.com.au/shopping-bag/	301	P0: currently 404; standard slug must resolve to the cart
https://progressivemartialarts.com.au/category/news/	200	blog archive	HISTORICAL RECORD	KEEP	https://progressivemartialarts.com.au/category/news/	indexable	4	31	https://progressivemartialarts.com.au/category/news/		
https://progressivemartialarts.com.au/category/seminar/	200	blog archive	HISTORICAL RECORD	KEEP	https://progressivemartialarts.com.au/category/seminar/	indexable	4	30	https://progressivemartialarts.com.au/category/seminar/		
https://progressivemartialarts.com.au/category/uncategorized/	200	blog archive	HISTORICAL RECORD	KEEP	https://progressivemartialarts.com.au/category/uncategorized/	indexable	4	29	https://progressivemartialarts.com.au/category/uncategorized/		
https://progressivemartialarts.com.au/certified-instructors-under-guro-daniel-inosanto/	200	certification record	INSTRUCTOR	MODERNISE	https://progressivemartialarts.com.au/certified-instructors-under-guro-daniel-inosanto/	indexable	488	27	https://progressivemartialarts.com.au/certified-instructors-under-guro-daniel-inosanto/		distinct from current-instructor roster: certification relationship page
https://progressivemartialarts.com.au/checkout/	200	commerce alias	PRODUCT	REDIRECT	https://progressivemartialarts.com.au/shopping-bag/	noindex	0	25	https://progressivemartialarts.com.au/shopping-bag/	301	already redirects 302; make permanent
https://progressivemartialarts.com.au/contact/	200	contact/conversion	ENQUIRY	MODERNISE	https://progressivemartialarts.com.au/contact/	indexable	488	27	https://progressivemartialarts.com.au/contact/		general contact; acquisition splits to /start-training/ (new)
https://progressivemartialarts.com.au/courses/hair-advanced-cource/	200	theme demo remnant (courses CPT)	-	REMOVE	https://progressivemartialarts.com.au/courses/hair-advanced-cource/	indexable	0	25		410	hair/nail/makeup demo data; unregister CPT
https://progressivemartialarts.com.au/courses/hair-basic-cource/	200	theme demo remnant (courses CPT)	-	REMOVE	https://progressivemartialarts.com.au/courses/hair-basic-cource/	indexable	0	25		410	hair/nail/makeup demo data; unregister CPT
https://progressivemartialarts.com.au/courses/makeup-basic-cource/	200	theme demo remnant (courses CPT)	-	REMOVE	https://progressivemartialarts.com.au/courses/makeup-basic-cource/	indexable	0	25		410	hair/nail/makeup demo data; unregister CPT
https://progressivemartialarts.com.au/courses/nail-basic-cource/	200	theme demo remnant (courses CPT)	-	REMOVE	https://progressivemartialarts.com.au/courses/nail-basic-cource/	indexable	0	25		410	hair/nail/makeup demo data; unregister CPT
https://progressivemartialarts.com.au/grappling-bjj/	200	program page	PROGRAM	MODERNISE	https://progressivemartialarts.com.au/grappling-bjj/	indexable	488	27	https://progressivemartialarts.com.au/grappling-bjj/		URL kept (search equity); template/content modernised; joins /training/ hub
https://progressivemartialarts.com.au/guro-dan-and-sifu-francis-2022-seminar-photos/	200	event/media gallery	MEDIA	CONSOLIDATE	https://progressivemartialarts.com.au/guro-dan-and-sifu-francis-2022-seminar-photos/	indexable	488	25	https://progressivemartialarts.com.au/guro-dan-and-sifu-francis-2022-seminar-photos/		keep URL; leave primary nav; index from a single archive hub
https://progressivemartialarts.com.au/guro-dan/	200	person profile (blog post)	INSTRUCTOR	MODERNISE	https://progressivemartialarts.com.au/guro-dan/	indexable	4	29	https://progressivemartialarts.com.au/guro-dan/		person profile lives on a post; re-home under people model, keep URL
https://progressivemartialarts.com.au/historical-pictures-from-various-classes/	200	event/media gallery	MEDIA	CONSOLIDATE	https://progressivemartialarts.com.au/historical-pictures-from-various-classes/	indexable	488	25	https://progressivemartialarts.com.au/historical-pictures-from-various-classes/		keep URL; leave primary nav; index from a single archive hub
https://progressivemartialarts.com.au/home-1-boxer/	200	theme demo remnant	-	REMOVE	https://progressivemartialarts.com.au/home-1-boxer/	indexable	0	277		410	never legitimate content
https://progressivemartialarts.com.au/jeet-kune-do-concepts/	200	program page	PROGRAM	MODERNISE	https://progressivemartialarts.com.au/jeet-kune-do-concepts/	indexable	488	25	https://progressivemartialarts.com.au/jeet-kune-do-concepts/		URL kept (search equity); template/content modernised; joins /training/ hub
https://progressivemartialarts.com.au/kali/	200	program page	PROGRAM	MODERNISE	https://progressivemartialarts.com.au/kali/	indexable	488	25	https://progressivemartialarts.com.au/kali/		URL kept (search equity); template/content modernised; joins /training/ hub
https://progressivemartialarts.com.au/latest-news/	200	news page	HISTORICAL RECORD	CONSOLIDATE	https://progressivemartialarts.com.au/latest-news/	indexable	1	28	https://progressivemartialarts.com.au/blog/	301	duplicate news surface; /blog/ is the canonical archive
https://progressivemartialarts.com.au/lee-jun-fan-gung-fu/	200	program page	PROGRAM	MODERNISE	https://progressivemartialarts.com.au/lee-jun-fan-gung-fu/	indexable	488	25	https://progressivemartialarts.com.au/lee-jun-fan-gung-fu/		URL kept (search equity); template/content modernised; joins /training/ hub
https://progressivemartialarts.com.au/links/	200	external links	ACADEMY	CONSOLIDATE	https://progressivemartialarts.com.au/links/	indexable	488	39	https://progressivemartialarts.com.au/links/		merge affiliate-clubs content here or give both permalinks
https://progressivemartialarts.com.au/mini-muscles/	200	kids program	PROGRAM	MODERNISE	https://progressivemartialarts.com.au/mini-muscles/	indexable	488	26	https://progressivemartialarts.com.au/mini-muscles/		canonical kids URL; nav label 'Kids'
https://progressivemartialarts.com.au/muay-thai/	200	program page	PROGRAM	MODERNISE	https://progressivemartialarts.com.au/muay-thai/	indexable	488	25	https://progressivemartialarts.com.au/muay-thai/		URL kept (search equity); template/content modernised; joins /training/ hub
https://progressivemartialarts.com.au/my-account/	404	commerce account	PRODUCT	VERIFY		n/a	0	0	https://progressivemartialarts.com.au/my-account/		P0: 404 — recreate WooCommerce My Account page (work order)
https://progressivemartialarts.com.au/photos-of-cookie-with-other-instructors/	200	event/media gallery	MEDIA	CONSOLIDATE	https://progressivemartialarts.com.au/photos-of-cookie-with-other-instructors/	indexable	488	25	https://progressivemartialarts.com.au/photos-of-cookie-with-other-instructors/		keep URL; leave primary nav; index from a single archive hub
https://progressivemartialarts.com.au/pictures-from-earlier-seminars/	200	event/media gallery	MEDIA	CONSOLIDATE	https://progressivemartialarts.com.au/pictures-from-earlier-seminars/	indexable	488	25	https://progressivemartialarts.com.au/pictures-from-earlier-seminars/		keep URL; leave primary nav; index from a single archive hub
https://progressivemartialarts.com.au/pictures-master-jean-jacques-machado-seminar-2023/	200	event/media gallery	MEDIA	CONSOLIDATE	https://progressivemartialarts.com.au/pictures-master-jean-jacques-machado-seminar-2023/	indexable	488	25	https://progressivemartialarts.com.au/pictures-master-jean-jacques-machado-seminar-2023/		keep URL; leave primary nav; index from a single archive hub
https://progressivemartialarts.com.au/pmaai-history/	200	history/about	HISTORICAL RECORD	MODERNISE	https://progressivemartialarts.com.au/pmaai-history/	indexable	488	25	https://progressivemartialarts.com.au/pmaai-history/		doubles as About; canonical
https://progressivemartialarts.com.au/pmaai-instructors-and-support-crew/	200	people directory	INSTRUCTOR	MODERNISE	https://progressivemartialarts.com.au/pmaai-instructors-and-support-crew/	indexable	488	25	https://progressivemartialarts.com.au/pmaai-instructors-and-support-crew/		canonical people directory
https://progressivemartialarts.com.au/product-category/ankle-guards/	200	product category archive	CATEGORY	KEEP	https://progressivemartialarts.com.au/product-category/ankle-guards/	indexable	206	50	https://progressivemartialarts.com.au/product-category/ankle-guards/		
https://progressivemartialarts.com.au/product-category/bag/	200	product category archive	CATEGORY	KEEP	https://progressivemartialarts.com.au/product-category/bag/	indexable	211	55	https://progressivemartialarts.com.au/product-category/bag/		
https://progressivemartialarts.com.au/product-category/book/	200	product category archive	CATEGORY	KEEP	https://progressivemartialarts.com.au/product-category/book/	indexable	213	57	https://progressivemartialarts.com.au/product-category/book/		
https://progressivemartialarts.com.au/product-category/calendar/	200	product category archive	CATEGORY	KEEP	https://progressivemartialarts.com.au/product-category/calendar/	indexable	206	50	https://progressivemartialarts.com.au/product-category/calendar/		
https://progressivemartialarts.com.au/product-category/dvd/	200	product category archive	CATEGORY	KEEP	https://progressivemartialarts.com.au/product-category/dvd/	indexable	319	69	https://progressivemartialarts.com.au/product-category/dvd/		
https://progressivemartialarts.com.au/product-category/focus-mitts/	200	product category archive	CATEGORY	KEEP	https://progressivemartialarts.com.au/product-category/focus-mitts/	indexable	211	55	https://progressivemartialarts.com.au/product-category/focus-mitts/		
https://progressivemartialarts.com.au/product-category/gis/	200	product category archive	CATEGORY	KEEP	https://progressivemartialarts.com.au/product-category/gis/	indexable	208	52	https://progressivemartialarts.com.au/product-category/gis/		
https://progressivemartialarts.com.au/product-category/gloves/	200	product category archive	CATEGORY	KEEP	https://progressivemartialarts.com.au/product-category/gloves/	indexable	209	53	https://progressivemartialarts.com.au/product-category/gloves/		
https://progressivemartialarts.com.au/product-category/hats/	200	product category archive	CATEGORY	KEEP	https://progressivemartialarts.com.au/product-category/hats/	indexable	206	50	https://progressivemartialarts.com.au/product-category/hats/		
https://progressivemartialarts.com.au/product-category/hoodies-and-jackets/	200	product category archive	CATEGORY	KEEP	https://progressivemartialarts.com.au/product-category/hoodies-and-jackets/	indexable	210	54	https://progressivemartialarts.com.au/product-category/hoodies-and-jackets/		
https://progressivemartialarts.com.au/product-category/kids-hoodies/	200	product category archive	CATEGORY	KEEP	https://progressivemartialarts.com.au/product-category/kids-hoodies/	indexable	206	50	https://progressivemartialarts.com.au/product-category/kids-hoodies/		
https://progressivemartialarts.com.au/product-category/mini-muscles/	200	product category archive	CATEGORY	KEEP	https://progressivemartialarts.com.au/product-category/mini-muscles/	indexable	206	50	https://progressivemartialarts.com.au/product-category/mini-muscles/		
https://progressivemartialarts.com.au/product-category/pants/	200	product category archive	CATEGORY	KEEP	https://progressivemartialarts.com.au/product-category/pants/	indexable	212	56	https://progressivemartialarts.com.au/product-category/pants/		
https://progressivemartialarts.com.au/product-category/patches/	200	product category archive	CATEGORY	KEEP	https://progressivemartialarts.com.au/product-category/patches/	indexable	207	51	https://progressivemartialarts.com.au/product-category/patches/		
https://progressivemartialarts.com.au/product-category/posters/	200	product category archive	CATEGORY	KEEP	https://progressivemartialarts.com.au/product-category/posters/	indexable	207	51	https://progressivemartialarts.com.au/product-category/posters/		
https://progressivemartialarts.com.au/product-category/rash-guards/	200	product category archive	CATEGORY	KEEP	https://progressivemartialarts.com.au/product-category/rash-guards/	indexable	208	52	https://progressivemartialarts.com.au/product-category/rash-guards/		
https://progressivemartialarts.com.au/product-category/seminar/	200	product category archive	CATEGORY	KEEP	https://progressivemartialarts.com.au/product-category/seminar/	indexable	207	51	https://progressivemartialarts.com.au/product-category/seminar/		
https://progressivemartialarts.com.au/product-category/shorts/	200	product category archive	CATEGORY	KEEP	https://progressivemartialarts.com.au/product-category/shorts/	indexable	213	57	https://progressivemartialarts.com.au/product-category/shorts/		
https://progressivemartialarts.com.au/product-category/singlets/	200	product category archive	CATEGORY	KEEP	https://progressivemartialarts.com.au/product-category/singlets/	indexable	215	59	https://progressivemartialarts.com.au/product-category/singlets/		
https://progressivemartialarts.com.au/product-category/t-shirts/	200	product category archive	CATEGORY	KEEP	https://progressivemartialarts.com.au/product-category/t-shirts/	indexable	229	64	https://progressivemartialarts.com.au/product-category/t-shirts/		
https://progressivemartialarts.com.au/product-category/thai-pads/	200	product category archive	CATEGORY	KEEP	https://progressivemartialarts.com.au/product-category/thai-pads/	indexable	207	51	https://progressivemartialarts.com.au/product-category/thai-pads/		
https://progressivemartialarts.com.au/product-category/towel/	200	product category archive	CATEGORY	KEEP	https://progressivemartialarts.com.au/product-category/towel/	indexable	208	52	https://progressivemartialarts.com.au/product-category/towel/		
https://progressivemartialarts.com.au/product-category/training-equipment/	200	product category archive	CATEGORY	KEEP	https://progressivemartialarts.com.au/product-category/training-equipment/	indexable	258	66	https://progressivemartialarts.com.au/product-category/training-equipment/		
https://progressivemartialarts.com.au/product-category/wraps/	200	product category archive	CATEGORY	KEEP	https://progressivemartialarts.com.au/product-category/wraps/	indexable	209	53	https://progressivemartialarts.com.au/product-category/wraps/		
https://progressivemartialarts.com.au/product-tag/accessories/	200	product tag archive	CATEGORY	VERIFY	https://progressivemartialarts.com.au/product-tag/accessories/	indexable	3	52	https://progressivemartialarts.com.au/product-tag/accessories/		171 tags for 237 products — fragmentation review with sales data
https://progressivemartialarts.com.au/product-tag/ajarn-chai-sirisute/	200	product tag archive	CATEGORY	VERIFY	https://progressivemartialarts.com.au/product-tag/ajarn-chai-sirisute/	indexable	16	64	https://progressivemartialarts.com.au/product-tag/ajarn-chai-sirisute/		171 tags for 237 products — fragmentation review with sales data
https://progressivemartialarts.com.au/product-tag/ajarn-dan-inosanto/	200	product tag archive	CATEGORY	VERIFY	https://progressivemartialarts.com.au/product-tag/ajarn-dan-inosanto/	indexable	1	50	https://progressivemartialarts.com.au/product-tag/ajarn-dan-inosanto/		171 tags for 237 products — fragmentation review with sales data
https://progressivemartialarts.com.au/product-tag/all-dvd/	200	product tag archive	CATEGORY	VERIFY	https://progressivemartialarts.com.au/product-tag/all-dvd/	indexable	107	69	https://progressivemartialarts.com.au/product-tag/all-dvd/		171 tags for 237 products — fragmentation review with sales data
https://progressivemartialarts.com.au/product-tag/aluminium/	200	product tag archive	CATEGORY	VERIFY	https://progressivemartialarts.com.au/product-tag/aluminium/	indexable	4	53	https://progressivemartialarts.com.au/product-tag/aluminium/		171 tags for 237 products — fragmentation review with sales data
https://progressivemartialarts.com.au/product-tag/aluminum-training-dagger/	200	product tag archive	CATEGORY	VERIFY	https://progressivemartialarts.com.au/product-tag/aluminum-training-dagger/	indexable	21	64	https://progressivemartialarts.com.au/product-tag/aluminum-training-dagger/		171 tags for 237 products — fragmentation review with sales data
https://progressivemartialarts.com.au/product-tag/aluminum-training-sword/	200	product tag archive	CATEGORY	VERIFY	https://progressivemartialarts.com.au/product-tag/aluminum-training-sword/	indexable	2	51	https://progressivemartialarts.com.au/product-tag/aluminum-training-sword/		171 tags for 237 products — fragmentation review with sales data
https://progressivemartialarts.com.au/product-tag/angels/	200	product tag archive	CATEGORY	VERIFY	https://progressivemartialarts.com.au/product-tag/angels/	indexable	1	50	https://progressivemartialarts.com.au/product-tag/angels/		171 tags for 237 products — fragmentation review with sales data
https://progressivemartialarts.com.au/product-tag/anklets/	200	product tag archive	CATEGORY	VERIFY	https://progressivemartialarts.com.au/product-tag/anklets/	indexable	1	50	https://progressivemartialarts.com.au/product-tag/anklets/		171 tags for 237 products — fragmentation review with sales data
https://progressivemartialarts.com.au/product-tag/area-3/	200	product tag archive	CATEGORY	VERIFY	https://progressivemartialarts.com.au/product-tag/area-3/	indexable	2	51	https://progressivemartialarts.com.au/product-tag/area-3/		171 tags for 237 products — fragmentation review with sales data
https://progressivemartialarts.com.au/product-tag/area-8/	200	product tag archive	CATEGORY	VERIFY	https://progressivemartialarts.com.au/product-tag/area-8/	indexable	2	51	https://progressivemartialarts.com.au/product-tag/area-8/		171 tags for 237 products — fragmentation review with sales data
https://progressivemartialarts.com.au/product-tag/arnis/	200	product tag archive	CATEGORY	VERIFY	https://progressivemartialarts.com.au/product-tag/arnis/	indexable	32	65	https://progressivemartialarts.com.au/product-tag/arnis/		171 tags for 237 products — fragmentation review with sales data
https://progressivemartialarts.com.au/product-tag/axe/	200	product tag archive	CATEGORY	VERIFY	https://progressivemartialarts.com.au/product-tag/axe/	indexable	1	50	https://progressivemartialarts.com.au/product-tag/axe/		171 tags for 237 products — fragmentation review with sales data
https://progressivemartialarts.com.au/product-tag/bags/	200	product tag archive	CATEGORY	VERIFY	https://progressivemartialarts.com.au/product-tag/bags/	indexable	4	53	https://progressivemartialarts.com.au/product-tag/bags/		171 tags for 237 products — fragmentation review with sales data
https://progressivemartialarts.com.au/product-tag/baston/	200	product tag archive	CATEGORY	VERIFY	https://progressivemartialarts.com.au/product-tag/baston/	indexable	3	52	https://progressivemartialarts.com.au/product-tag/baston/		171 tags for 237 products — fragmentation review with sales data
https://progressivemartialarts.com.au/product-tag/bersilat/	200	product tag archive	CATEGORY	VERIFY	https://progressivemartialarts.com.au/product-tag/bersilat/	indexable	2	51	https://progressivemartialarts.com.au/product-tag/bersilat/		171 tags for 237 products — fragmentation review with sales data
https://progressivemartialarts.com.au/product-tag/bjj/	200	product tag archive	CATEGORY	VERIFY	https://progressivemartialarts.com.au/product-tag/bjj/	indexable	23	64	https://progressivemartialarts.com.au/product-tag/bjj/		171 tags for 237 products — fragmentation review with sales data
https://progressivemartialarts.com.au/product-tag/blades/	200	product tag archive	CATEGORY	VERIFY	https://progressivemartialarts.com.au/product-tag/blades/	indexable	41	65	https://progressivemartialarts.com.au/product-tag/blades/		171 tags for 237 products — fragmentation review with sales data
https://progressivemartialarts.com.au/product-tag/book/	200	product tag archive	CATEGORY	VERIFY	https://progressivemartialarts.com.au/product-tag/book/	indexable	9	58	https://progressivemartialarts.com.au/product-tag/book/		171 tags for 237 products — fragmentation review with sales data
https://progressivemartialarts.com.au/product-tag/boxing-gloves/	200	product tag archive	CATEGORY	VERIFY	https://progressivemartialarts.com.au/product-tag/boxing-gloves/	indexable	3	52	https://progressivemartialarts.com.au/product-tag/boxing-gloves/		171 tags for 237 products — fragmentation review with sales data
https://progressivemartialarts.com.au/product-tag/boxing/	200	product tag archive	CATEGORY	VERIFY	https://progressivemartialarts.com.au/product-tag/boxing/	indexable	2	51	https://progressivemartialarts.com.au/product-tag/boxing/		171 tags for 237 products — fragmentation review with sales data
https://progressivemartialarts.com.au/product-tag/brazilian-jiu-jitsu-bjj/	200	product tag archive	CATEGORY	VERIFY	https://progressivemartialarts.com.au/product-tag/brazilian-jiu-jitsu-bjj/	indexable	7	56	https://progressivemartialarts.com.au/product-tag/brazilian-jiu-jitsu-bjj/		171 tags for 237 products — fragmentation review with sales data
https://progressivemartialarts.com.au/product-tag/brazilian-jiu-jitsu/	200	product tag archive	CATEGORY	VERIFY	https://progressivemartialarts.com.au/product-tag/brazilian-jiu-jitsu/	indexable	7	56	https://progressivemartialarts.com.au/product-tag/brazilian-jiu-jitsu/		171 tags for 237 products — fragmentation review with sales data
https://progressivemartialarts.com.au/product-tag/bruce-lee/	200	product tag archive	CATEGORY	VERIFY	https://progressivemartialarts.com.au/product-tag/bruce-lee/	indexable	36	65	https://progressivemartialarts.com.au/product-tag/bruce-lee/		171 tags for 237 products — fragmentation review with sales data
https://progressivemartialarts.com.au/product-tag/cambodian-kickboxing/	200	product tag archive	CATEGORY	VERIFY	https://progressivemartialarts.com.au/product-tag/cambodian-kickboxing/	indexable	17	64	https://progressivemartialarts.com.au/product-tag/cambodian-kickboxing/		171 tags for 237 products — fragmentation review with sales data
https://progressivemartialarts.com.au/product-tag/cane/	200	product tag archive	CATEGORY	VERIFY	https://progressivemartialarts.com.au/product-tag/cane/	indexable	1	50	https://progressivemartialarts.com.au/product-tag/cane/		171 tags for 237 products — fragmentation review with sales data
https://progressivemartialarts.com.au/product-tag/carlos-machado/	200	product tag archive	CATEGORY	VERIFY	https://progressivemartialarts.com.au/product-tag/carlos-machado/	indexable	1	50	https://progressivemartialarts.com.au/product-tag/carlos-machado/		171 tags for 237 products — fragmentation review with sales data
https://progressivemartialarts.com.au/product-tag/catch/	200	product tag archive	CATEGORY	VERIFY	https://progressivemartialarts.com.au/product-tag/catch/	indexable	5	54	https://progressivemartialarts.com.au/product-tag/catch/		171 tags for 237 products — fragmentation review with sales data
https://progressivemartialarts.com.au/product-tag/cd/	200	product tag archive	CATEGORY	VERIFY	https://progressivemartialarts.com.au/product-tag/cd/	indexable	2	51	https://progressivemartialarts.com.au/product-tag/cd/		171 tags for 237 products — fragmentation review with sales data
https://progressivemartialarts.com.au/product-tag/chi-sao/	200	product tag archive	CATEGORY	VERIFY	https://progressivemartialarts.com.au/product-tag/chi-sao/	indexable	1	50	https://progressivemartialarts.com.au/product-tag/chi-sao/		171 tags for 237 products — fragmentation review with sales data
https://progressivemartialarts.com.au/product-tag/combat-submission-wrestling-csw/	200	product tag archive	CATEGORY	VERIFY	https://progressivemartialarts.com.au/product-tag/combat-submission-wrestling-csw/	indexable	3	52	https://progressivemartialarts.com.au/product-tag/combat-submission-wrestling-csw/		171 tags for 237 products — fragmentation review with sales data
https://progressivemartialarts.com.au/product-tag/cotton/	200	product tag archive	CATEGORY	VERIFY	https://progressivemartialarts.com.au/product-tag/cotton/	indexable	1	50	https://progressivemartialarts.com.au/product-tag/cotton/		171 tags for 237 products — fragmentation review with sales data
https://progressivemartialarts.com.au/product-tag/definitive-dvd/	200	product tag archive	CATEGORY	VERIFY	https://progressivemartialarts.com.au/product-tag/definitive-dvd/	indexable	11	60	https://progressivemartialarts.com.au/product-tag/definitive-dvd/		171 tags for 237 products — fragmentation review with sales data
https://progressivemartialarts.com.au/product-tag/deshon/	200	product tag archive	CATEGORY	VERIFY	https://progressivemartialarts.com.au/product-tag/deshon/	indexable	1	50	https://progressivemartialarts.com.au/product-tag/deshon/		171 tags for 237 products — fragmentation review with sales data
https://progressivemartialarts.com.au/product-tag/dirty-boxing/	200	product tag archive	CATEGORY	VERIFY	https://progressivemartialarts.com.au/product-tag/dirty-boxing/	indexable	1	50	https://progressivemartialarts.com.au/product-tag/dirty-boxing/		171 tags for 237 products — fragmentation review with sales data
https://progressivemartialarts.com.au/product-tag/double-stick/	200	product tag archive	CATEGORY	VERIFY	https://progressivemartialarts.com.au/product-tag/double-stick/	indexable	1	50	https://progressivemartialarts.com.au/product-tag/double-stick/		171 tags for 237 products — fragmentation review with sales data
https://progressivemartialarts.com.au/product-tag/drums/	200	product tag archive	CATEGORY	VERIFY	https://progressivemartialarts.com.au/product-tag/drums/	indexable	1	50	https://progressivemartialarts.com.au/product-tag/drums/		171 tags for 237 products — fragmentation review with sales data
https://progressivemartialarts.com.au/product-tag/duffle-bag/	200	product tag archive	CATEGORY	VERIFY	https://progressivemartialarts.com.au/product-tag/duffle-bag/	indexable	1	50	https://progressivemartialarts.com.au/product-tag/duffle-bag/		171 tags for 237 products — fragmentation review with sales data
https://progressivemartialarts.com.au/product-tag/empty-hand/	200	product tag archive	CATEGORY	VERIFY	https://progressivemartialarts.com.au/product-tag/empty-hand/	indexable	1	50	https://progressivemartialarts.com.au/product-tag/empty-hand/		171 tags for 237 products — fragmentation review with sales data
https://progressivemartialarts.com.au/product-tag/escrima/	200	product tag archive	CATEGORY	VERIFY	https://progressivemartialarts.com.au/product-tag/escrima/	indexable	12	61	https://progressivemartialarts.com.au/product-tag/escrima/		171 tags for 237 products — fragmentation review with sales data
https://progressivemartialarts.com.au/product-tag/eskrima-sticks/	200	product tag archive	CATEGORY	VERIFY	https://progressivemartialarts.com.au/product-tag/eskrima-sticks/	indexable	4	53	https://progressivemartialarts.com.au/product-tag/eskrima-sticks/		171 tags for 237 products — fragmentation review with sales data
https://progressivemartialarts.com.au/product-tag/eskrima/	200	product tag archive	CATEGORY	VERIFY	https://progressivemartialarts.com.au/product-tag/eskrima/	indexable	50	66	https://progressivemartialarts.com.au/product-tag/eskrima/		171 tags for 237 products — fragmentation review with sales data
https://progressivemartialarts.com.au/product-tag/ffia/	200	product tag archive	CATEGORY	VERIFY	https://progressivemartialarts.com.au/product-tag/ffia/	indexable	1	50	https://progressivemartialarts.com.au/product-tag/ffia/		171 tags for 237 products — fragmentation review with sales data
https://progressivemartialarts.com.au/product-tag/filipino-american-history/	200	product tag archive	CATEGORY	VERIFY	https://progressivemartialarts.com.au/product-tag/filipino-american-history/	indexable	1	50	https://progressivemartialarts.com.au/product-tag/filipino-american-history/		171 tags for 237 products — fragmentation review with sales data
https://progressivemartialarts.com.au/product-tag/filipino-boxing/	200	product tag archive	CATEGORY	VERIFY	https://progressivemartialarts.com.au/product-tag/filipino-boxing/	indexable	2	51	https://progressivemartialarts.com.au/product-tag/filipino-boxing/		171 tags for 237 products — fragmentation review with sales data
https://progressivemartialarts.com.au/product-tag/filipino-martial-art/	200	product tag archive	CATEGORY	VERIFY	https://progressivemartialarts.com.au/product-tag/filipino-martial-art/	indexable	15	64	https://progressivemartialarts.com.au/product-tag/filipino-martial-art/		171 tags for 237 products — fragmentation review with sales data
https://progressivemartialarts.com.au/product-tag/filipino-martial-arts-fma/	200	product tag archive	CATEGORY	VERIFY	https://progressivemartialarts.com.au/product-tag/filipino-martial-arts-fma/	indexable	4	53	https://progressivemartialarts.com.au/product-tag/filipino-martial-arts-fma/		171 tags for 237 products — fragmentation review with sales data
https://progressivemartialarts.com.au/product-tag/filipino-martial-arts/	200	product tag archive	CATEGORY	VERIFY	https://progressivemartialarts.com.au/product-tag/filipino-martial-arts/	indexable	104	69	https://progressivemartialarts.com.au/product-tag/filipino-martial-arts/		171 tags for 237 products — fragmentation review with sales data
https://progressivemartialarts.com.au/product-tag/fma/	200	product tag archive	CATEGORY	VERIFY	https://progressivemartialarts.com.au/product-tag/fma/	indexable	111	69	https://progressivemartialarts.com.au/product-tag/fma/		171 tags for 237 products — fragmentation review with sales data
https://progressivemartialarts.com.au/product-tag/focus-mitts/	200	product tag archive	CATEGORY	VERIFY	https://progressivemartialarts.com.au/product-tag/focus-mitts/	indexable	4	53	https://progressivemartialarts.com.au/product-tag/focus-mitts/		171 tags for 237 products — fragmentation review with sales data
https://progressivemartialarts.com.au/product-tag/focus-paddles/	200	product tag archive	CATEGORY	VERIFY	https://progressivemartialarts.com.au/product-tag/focus-paddles/	indexable	1	50	https://progressivemartialarts.com.au/product-tag/focus-paddles/		171 tags for 237 products — fragmentation review with sales data
https://progressivemartialarts.com.au/product-tag/fong-dvd/	200	product tag archive	CATEGORY	VERIFY	https://progressivemartialarts.com.au/product-tag/fong-dvd/	indexable	2	51	https://progressivemartialarts.com.au/product-tag/fong-dvd/		171 tags for 237 products — fragmentation review with sales data
https://progressivemartialarts.com.au/product-tag/gi-patch-kit/	200	product tag archive	CATEGORY	VERIFY	https://progressivemartialarts.com.au/product-tag/gi-patch-kit/	indexable	1	50	https://progressivemartialarts.com.au/product-tag/gi-patch-kit/		171 tags for 237 products — fragmentation review with sales data
https://progressivemartialarts.com.au/product-tag/gi-patch/	200	product tag archive	CATEGORY	VERIFY	https://progressivemartialarts.com.au/product-tag/gi-patch/	indexable	1	50	https://progressivemartialarts.com.au/product-tag/gi-patch/		171 tags for 237 products — fragmentation review with sales data
https://progressivemartialarts.com.au/product-tag/grappling/	200	product tag archive	CATEGORY	VERIFY	https://progressivemartialarts.com.au/product-tag/grappling/	indexable	44	66	https://progressivemartialarts.com.au/product-tag/grappling/		171 tags for 237 products — fragmentation review with sales data
https://progressivemartialarts.com.au/product-tag/gung-fu/	200	product tag archive	CATEGORY	VERIFY	https://progressivemartialarts.com.au/product-tag/gung-fu/	indexable	1	50	https://progressivemartialarts.com.au/product-tag/gung-fu/		171 tags for 237 products — fragmentation review with sales data
https://progressivemartialarts.com.au/product-tag/guro-dan-inosanto/	200	product tag archive	CATEGORY	VERIFY	https://progressivemartialarts.com.au/product-tag/guro-dan-inosanto/	indexable	139	69	https://progressivemartialarts.com.au/product-tag/guro-dan-inosanto/		171 tags for 237 products — fragmentation review with sales data
https://progressivemartialarts.com.au/product-tag/guru-dan-inosanto/	200	product tag archive	CATEGORY	VERIFY	https://progressivemartialarts.com.au/product-tag/guru-dan-inosanto/	indexable	1	50	https://progressivemartialarts.com.au/product-tag/guru-dan-inosanto/		171 tags for 237 products — fragmentation review with sales data
https://progressivemartialarts.com.au/product-tag/guru/	200	product tag archive	CATEGORY	VERIFY	https://progressivemartialarts.com.au/product-tag/guru/	indexable	1	50	https://progressivemartialarts.com.au/product-tag/guru/		171 tags for 237 products — fragmentation review with sales data
https://progressivemartialarts.com.au/product-tag/hoodie/	200	product tag archive	CATEGORY	VERIFY	https://progressivemartialarts.com.au/product-tag/hoodie/	indexable	3	52	https://progressivemartialarts.com.au/product-tag/hoodie/		171 tags for 237 products — fragmentation review with sales data
https://progressivemartialarts.com.au/product-tag/hoodies/	200	product tag archive	CATEGORY	VERIFY	https://progressivemartialarts.com.au/product-tag/hoodies/	indexable	2	51	https://progressivemartialarts.com.au/product-tag/hoodies/		171 tags for 237 products — fragmentation review with sales data
https://progressivemartialarts.com.au/product-tag/ikat/	200	product tag archive	CATEGORY	VERIFY	https://progressivemartialarts.com.au/product-tag/ikat/	indexable	13	62	https://progressivemartialarts.com.au/product-tag/ikat/		171 tags for 237 products — fragmentation review with sales data
https://progressivemartialarts.com.au/product-tag/indonesia/	200	product tag archive	CATEGORY	VERIFY	https://progressivemartialarts.com.au/product-tag/indonesia/	indexable	1	50	https://progressivemartialarts.com.au/product-tag/indonesia/		171 tags for 237 products — fragmentation review with sales data
https://progressivemartialarts.com.au/product-tag/indonesian/	200	product tag archive	CATEGORY	VERIFY	https://progressivemartialarts.com.au/product-tag/indonesian/	indexable	1	50	https://progressivemartialarts.com.au/product-tag/indonesian/		171 tags for 237 products — fragmentation review with sales data
https://progressivemartialarts.com.au/product-tag/inosanto-academy/	200	product tag archive	CATEGORY	VERIFY	https://progressivemartialarts.com.au/product-tag/inosanto-academy/	indexable	52	66	https://progressivemartialarts.com.au/product-tag/inosanto-academy/		171 tags for 237 products — fragmentation review with sales data
https://progressivemartialarts.com.au/product-tag/inosanto-dvd/	200	product tag archive	CATEGORY	VERIFY	https://progressivemartialarts.com.au/product-tag/inosanto-dvd/	indexable	69	67	https://progressivemartialarts.com.au/product-tag/inosanto-dvd/		171 tags for 237 products — fragmentation review with sales data
https://progressivemartialarts.com.au/product-tag/inosanto/	200	product tag archive	CATEGORY	VERIFY	https://progressivemartialarts.com.au/product-tag/inosanto/	indexable	20	64	https://progressivemartialarts.com.au/product-tag/inosanto/		171 tags for 237 products — fragmentation review with sales data
https://progressivemartialarts.com.au/product-tag/jean-jacques-machado/	200	product tag archive	CATEGORY	VERIFY	https://progressivemartialarts.com.au/product-tag/jean-jacques-machado/	indexable	2	51	https://progressivemartialarts.com.au/product-tag/jean-jacques-machado/		171 tags for 237 products — fragmentation review with sales data
https://progressivemartialarts.com.au/product-tag/jeet-kune-do/	200	duplicate commerce tag	CATEGORY	CONSOLIDATE	https://progressivemartialarts.com.au/product-tag/jeet-kune-do/	indexable	2	51	https://progressivemartialarts.com.au/product-tag/jun-fan-gung-fu/	301	merge tag terms in WooCommerce, then 301
https://progressivemartialarts.com.au/product-tag/jkd/	200	product tag archive	CATEGORY	VERIFY	https://progressivemartialarts.com.au/product-tag/jkd/	indexable	41	65	https://progressivemartialarts.com.au/product-tag/jkd/		171 tags for 237 products — fragmentation review with sales data
https://progressivemartialarts.com.au/product-tag/john-lacoste/	200	product tag archive	CATEGORY	VERIFY	https://progressivemartialarts.com.au/product-tag/john-lacoste/	indexable	1	50	https://progressivemartialarts.com.au/product-tag/john-lacoste/		171 tags for 237 products — fragmentation review with sales data
https://progressivemartialarts.com.au/product-tag/john-machado/	200	product tag archive	CATEGORY	VERIFY	https://progressivemartialarts.com.au/product-tag/john-machado/	indexable	1	50	https://progressivemartialarts.com.au/product-tag/john-machado/		171 tags for 237 products — fragmentation review with sales data
https://progressivemartialarts.com.au/product-tag/jun-fan-gung-fu-jkd/	200	duplicate commerce tag	CATEGORY	CONSOLIDATE	https://progressivemartialarts.com.au/product-tag/jun-fan-gung-fu-jkd/	indexable	11	60	https://progressivemartialarts.com.au/product-tag/jun-fan-gung-fu/	301	merge tag terms in WooCommerce, then 301
https://progressivemartialarts.com.au/product-tag/jun-fan-gung-fu/	200	product tag archive	CATEGORY	VERIFY	https://progressivemartialarts.com.au/product-tag/jun-fan-gung-fu/	indexable	43	66	https://progressivemartialarts.com.au/product-tag/jun-fan-gung-fu/		171 tags for 237 products — fragmentation review with sales data
https://progressivemartialarts.com.au/product-tag/kali/	200	product tag archive	CATEGORY	VERIFY	https://progressivemartialarts.com.au/product-tag/kali/	indexable	103	69	https://progressivemartialarts.com.au/product-tag/kali/		171 tags for 237 products — fragmentation review with sales data
https://progressivemartialarts.com.au/product-tag/kamot-lihok/	200	product tag archive	CATEGORY	VERIFY	https://progressivemartialarts.com.au/product-tag/kamot-lihok/	indexable	1	50	https://progressivemartialarts.com.au/product-tag/kamot-lihok/		171 tags for 237 products — fragmentation review with sales data
https://progressivemartialarts.com.au/product-tag/kapulubad/	200	product tag archive	CATEGORY	VERIFY	https://progressivemartialarts.com.au/product-tag/kapulubad/	indexable	1	50	https://progressivemartialarts.com.au/product-tag/kapulubad/		171 tags for 237 products — fragmentation review with sales data
https://progressivemartialarts.com.au/product-tag/keris/	200	product tag archive	CATEGORY	VERIFY	https://progressivemartialarts.com.au/product-tag/keris/	indexable	1	50	https://progressivemartialarts.com.au/product-tag/keris/		171 tags for 237 products — fragmentation review with sales data
https://progressivemartialarts.com.au/product-tag/kick-boxing/	200	product tag archive	CATEGORY	VERIFY	https://progressivemartialarts.com.au/product-tag/kick-boxing/	indexable	3	52	https://progressivemartialarts.com.au/product-tag/kick-boxing/		171 tags for 237 products — fragmentation review with sales data
https://progressivemartialarts.com.au/product-tag/kickboxing/	200	product tag archive	CATEGORY	VERIFY	https://progressivemartialarts.com.au/product-tag/kickboxing/	indexable	38	65	https://progressivemartialarts.com.au/product-tag/kickboxing/		171 tags for 237 products — fragmentation review with sales data
https://progressivemartialarts.com.au/product-tag/kicking-shield/	200	product tag archive	CATEGORY	VERIFY	https://progressivemartialarts.com.au/product-tag/kicking-shield/	indexable	1	50	https://progressivemartialarts.com.au/product-tag/kicking-shield/		171 tags for 237 products — fragmentation review with sales data
https://progressivemartialarts.com.au/product-tag/knife/	200	product tag archive	CATEGORY	VERIFY	https://progressivemartialarts.com.au/product-tag/knife/	indexable	48	66	https://progressivemartialarts.com.au/product-tag/knife/		171 tags for 237 products — fragmentation review with sales data
https://progressivemartialarts.com.au/product-tag/krabi-krabong/	200	product tag archive	CATEGORY	VERIFY	https://progressivemartialarts.com.au/product-tag/krabi-krabong/	indexable	4	53	https://progressivemartialarts.com.au/product-tag/krabi-krabong/		171 tags for 237 products — fragmentation review with sales data
https://progressivemartialarts.com.au/product-tag/kris/	200	product tag archive	CATEGORY	VERIFY	https://progressivemartialarts.com.au/product-tag/kris/	indexable	1	50	https://progressivemartialarts.com.au/product-tag/kris/		171 tags for 237 products — fragmentation review with sales data
https://progressivemartialarts.com.au/product-tag/kun-khmer-pradal-serey/	200	product tag archive	CATEGORY	VERIFY	https://progressivemartialarts.com.au/product-tag/kun-khmer-pradal-serey/	indexable	13	62	https://progressivemartialarts.com.au/product-tag/kun-khmer-pradal-serey/		171 tags for 237 products — fragmentation review with sales data
https://progressivemartialarts.com.au/product-tag/ladies/	200	product tag archive	CATEGORY	VERIFY	https://progressivemartialarts.com.au/product-tag/ladies/	indexable	5	54	https://progressivemartialarts.com.au/product-tag/ladies/		171 tags for 237 products — fragmentation review with sales data
https://progressivemartialarts.com.au/product-tag/lameco-eskrima/	200	product tag archive	CATEGORY	VERIFY	https://progressivemartialarts.com.au/product-tag/lameco-eskrima/	indexable	11	60	https://progressivemartialarts.com.au/product-tag/lameco-eskrima/		171 tags for 237 products — fragmentation review with sales data
https://progressivemartialarts.com.au/product-tag/lameco-padded-dagger/	200	product tag archive	CATEGORY	VERIFY	https://progressivemartialarts.com.au/product-tag/lameco-padded-dagger/	indexable	1	50	https://progressivemartialarts.com.au/product-tag/lameco-padded-dagger/		171 tags for 237 products — fragmentation review with sales data
https://progressivemartialarts.com.au/product-tag/lameco-padded-sticks/	200	product tag archive	CATEGORY	VERIFY	https://progressivemartialarts.com.au/product-tag/lameco-padded-sticks/	indexable	1	50	https://progressivemartialarts.com.au/product-tag/lameco-padded-sticks/		171 tags for 237 products — fragmentation review with sales data
https://progressivemartialarts.com.au/product-tag/lameco/	200	product tag archive	CATEGORY	VERIFY	https://progressivemartialarts.com.au/product-tag/lameco/	indexable	1	50	https://progressivemartialarts.com.au/product-tag/lameco/		171 tags for 237 products — fragmentation review with sales data
https://progressivemartialarts.com.au/product-tag/layog/	200	product tag archive	CATEGORY	VERIFY	https://progressivemartialarts.com.au/product-tag/layog/	indexable	1	50	https://progressivemartialarts.com.au/product-tag/layog/		171 tags for 237 products — fragmentation review with sales data
https://progressivemartialarts.com.au/product-tag/legends-dvd/	200	product tag archive	CATEGORY	VERIFY	https://progressivemartialarts.com.au/product-tag/legends-dvd/	indexable	3	52	https://progressivemartialarts.com.au/product-tag/legends-dvd/		171 tags for 237 products — fragmentation review with sales data
https://progressivemartialarts.com.au/product-tag/legends/	200	product tag archive	CATEGORY	VERIFY	https://progressivemartialarts.com.au/product-tag/legends/	indexable	5	54	https://progressivemartialarts.com.au/product-tag/legends/		171 tags for 237 products — fragmentation review with sales data
https://progressivemartialarts.com.au/product-tag/little-dragons/	200	product tag archive	CATEGORY	VERIFY	https://progressivemartialarts.com.au/product-tag/little-dragons/	indexable	1	50	https://progressivemartialarts.com.au/product-tag/little-dragons/		171 tags for 237 products — fragmentation review with sales data
https://progressivemartialarts.com.au/product-tag/long-sleeve/	200	product tag archive	CATEGORY	VERIFY	https://progressivemartialarts.com.au/product-tag/long-sleeve/	indexable	6	55	https://progressivemartialarts.com.au/product-tag/long-sleeve/		171 tags for 237 products — fragmentation review with sales data
https://progressivemartialarts.com.au/product-tag/madjapahit-martial-arts/	200	product tag archive	CATEGORY	VERIFY	https://progressivemartialarts.com.au/product-tag/madjapahit-martial-arts/	indexable	3	52	https://progressivemartialarts.com.au/product-tag/madjapahit-martial-arts/		171 tags for 237 products — fragmentation review with sales data
https://progressivemartialarts.com.au/product-tag/majapahit/	200	product tag archive	CATEGORY	VERIFY	https://progressivemartialarts.com.au/product-tag/majapahit/	indexable	66	67	https://progressivemartialarts.com.au/product-tag/majapahit/		171 tags for 237 products — fragmentation review with sales data
https://progressivemartialarts.com.au/product-tag/malong/	200	product tag archive	CATEGORY	VERIFY	https://progressivemartialarts.com.au/product-tag/malong/	indexable	24	64	https://progressivemartialarts.com.au/product-tag/malong/		171 tags for 237 products — fragmentation review with sales data
https://progressivemartialarts.com.au/product-tag/mande-muda-pencak-silat/	200	product tag archive	CATEGORY	VERIFY	https://progressivemartialarts.com.au/product-tag/mande-muda-pencak-silat/	indexable	1	50	https://progressivemartialarts.com.au/product-tag/mande-muda-pencak-silat/		171 tags for 237 products — fragmentation review with sales data
https://progressivemartialarts.com.au/product-tag/mande-muda/	200	product tag archive	CATEGORY	VERIFY	https://progressivemartialarts.com.au/product-tag/mande-muda/	indexable	29	65	https://progressivemartialarts.com.au/product-tag/mande-muda/		171 tags for 237 products — fragmentation review with sales data
https://progressivemartialarts.com.au/product-tag/maphilindo-silat/	200	product tag archive	CATEGORY	VERIFY	https://progressivemartialarts.com.au/product-tag/maphilindo-silat/	indexable	70	67	https://progressivemartialarts.com.au/product-tag/maphilindo-silat/		171 tags for 237 products — fragmentation review with sales data
https://progressivemartialarts.com.au/product-tag/mini-muscles/	200	product tag archive	CATEGORY	VERIFY	https://progressivemartialarts.com.au/product-tag/mini-muscles/	indexable	1	50	https://progressivemartialarts.com.au/product-tag/mini-muscles/		171 tags for 237 products — fragmentation review with sales data
https://progressivemartialarts.com.au/product-tag/mma/	200	product tag archive	CATEGORY	VERIFY	https://progressivemartialarts.com.au/product-tag/mma/	indexable	40	65	https://progressivemartialarts.com.au/product-tag/mma/		171 tags for 237 products — fragmentation review with sales data
https://progressivemartialarts.com.au/product-tag/muay-thai-thai-boxing/	200	duplicate commerce tag	CATEGORY	CONSOLIDATE	https://progressivemartialarts.com.au/product-tag/muay-thai-thai-boxing/	indexable	41	65	https://progressivemartialarts.com.au/product-tag/muay-thai/	301	merge tag terms in WooCommerce, then 301
https://progressivemartialarts.com.au/product-tag/muay-thai/	200	product tag archive	CATEGORY	VERIFY	https://progressivemartialarts.com.au/product-tag/muay-thai/	indexable	23	64	https://progressivemartialarts.com.au/product-tag/muay-thai/		171 tags for 237 products — fragmentation review with sales data
https://progressivemartialarts.com.au/product-tag/nempel-kaki/	200	product tag archive	CATEGORY	VERIFY	https://progressivemartialarts.com.au/product-tag/nempel-kaki/	indexable	1	50	https://progressivemartialarts.com.au/product-tag/nempel-kaki/		171 tags for 237 products — fragmentation review with sales data
https://progressivemartialarts.com.au/product-tag/other-dvd/	200	product tag archive	CATEGORY	VERIFY	https://progressivemartialarts.com.au/product-tag/other-dvd/	indexable	9	58	https://progressivemartialarts.com.au/product-tag/other-dvd/		171 tags for 237 products — fragmentation review with sales data
https://progressivemartialarts.com.au/product-tag/oumry-ban/	200	product tag archive	CATEGORY	VERIFY	https://progressivemartialarts.com.au/product-tag/oumry-ban/	indexable	2	51	https://progressivemartialarts.com.au/product-tag/oumry-ban/		171 tags for 237 products — fragmentation review with sales data
https://progressivemartialarts.com.au/product-tag/panantukan/	200	product tag archive	CATEGORY	VERIFY	https://progressivemartialarts.com.au/product-tag/panantukan/	indexable	3	52	https://progressivemartialarts.com.au/product-tag/panantukan/		171 tags for 237 products — fragmentation review with sales data
https://progressivemartialarts.com.au/product-tag/pangamut/	200	product tag archive	CATEGORY	VERIFY	https://progressivemartialarts.com.au/product-tag/pangamut/	indexable	3	52	https://progressivemartialarts.com.au/product-tag/pangamut/		171 tags for 237 products — fragmentation review with sales data
https://progressivemartialarts.com.au/product-tag/patches/	200	product tag archive	CATEGORY	VERIFY	https://progressivemartialarts.com.au/product-tag/patches/	indexable	1	50	https://progressivemartialarts.com.au/product-tag/patches/		171 tags for 237 products — fragmentation review with sales data
https://progressivemartialarts.com.au/product-tag/pencak-silat/	200	product tag archive	CATEGORY	VERIFY	https://progressivemartialarts.com.au/product-tag/pencak-silat/	indexable	53	66	https://progressivemartialarts.com.au/product-tag/pencak-silat/		171 tags for 237 products — fragmentation review with sales data
https://progressivemartialarts.com.au/product-tag/pendekar-herman-suwanda/	200	product tag archive	CATEGORY	VERIFY	https://progressivemartialarts.com.au/product-tag/pendekar-herman-suwanda/	indexable	11	60	https://progressivemartialarts.com.au/product-tag/pendekar-herman-suwanda/		171 tags for 237 products — fragmentation review with sales data
https://progressivemartialarts.com.au/product-tag/pentjak-silat/	200	duplicate commerce tag	CATEGORY	CONSOLIDATE	https://progressivemartialarts.com.au/product-tag/pentjak-silat/	indexable	35	65	https://progressivemartialarts.com.au/product-tag/pencak-silat/	301	merge tag terms in WooCommerce, then 301
https://progressivemartialarts.com.au/product-tag/philosophy/	200	product tag archive	CATEGORY	VERIFY	https://progressivemartialarts.com.au/product-tag/philosophy/	indexable	2	51	https://progressivemartialarts.com.au/product-tag/philosophy/		171 tags for 237 products — fragmentation review with sales data
https://progressivemartialarts.com.au/product-tag/professor-dan-inosanto/	200	product tag archive	CATEGORY	VERIFY	https://progressivemartialarts.com.au/product-tag/professor-dan-inosanto/	indexable	1	50	https://progressivemartialarts.com.au/product-tag/professor-dan-inosanto/		171 tags for 237 products — fragmentation review with sales data
https://progressivemartialarts.com.au/product-tag/professor-jean-jacques-machado/	200	product tag archive	CATEGORY	VERIFY	https://progressivemartialarts.com.au/product-tag/professor-jean-jacques-machado/	indexable	5	54	https://progressivemartialarts.com.au/product-tag/professor-jean-jacques-machado/		171 tags for 237 products — fragmentation review with sales data
https://progressivemartialarts.com.au/product-tag/progressive-martial-arts/	200	product tag archive	CATEGORY	VERIFY	https://progressivemartialarts.com.au/product-tag/progressive-martial-arts/	indexable	5	54	https://progressivemartialarts.com.au/product-tag/progressive-martial-arts/		171 tags for 237 products — fragmentation review with sales data
https://progressivemartialarts.com.au/product-tag/punong-guro-edgar-sulite/	200	product tag archive	CATEGORY	VERIFY	https://progressivemartialarts.com.au/product-tag/punong-guro-edgar-sulite/	indexable	13	62	https://progressivemartialarts.com.au/product-tag/punong-guro-edgar-sulite/		171 tags for 237 products — fragmentation review with sales data
https://progressivemartialarts.com.au/product-tag/racerback/	200	product tag archive	CATEGORY	VERIFY	https://progressivemartialarts.com.au/product-tag/racerback/	indexable	1	50	https://progressivemartialarts.com.au/product-tag/racerback/		171 tags for 237 products — fragmentation review with sales data
https://progressivemartialarts.com.au/product-tag/rashguard/	200	product tag archive	CATEGORY	VERIFY	https://progressivemartialarts.com.au/product-tag/rashguard/	indexable	3	52	https://progressivemartialarts.com.au/product-tag/rashguard/		171 tags for 237 products — fragmentation review with sales data
https://progressivemartialarts.com.au/product-tag/rattan-sticks/	200	product tag archive	CATEGORY	VERIFY	https://progressivemartialarts.com.au/product-tag/rattan-sticks/	indexable	1	50	https://progressivemartialarts.com.au/product-tag/rattan-sticks/		171 tags for 237 products — fragmentation review with sales data
https://progressivemartialarts.com.au/product-tag/regino-ilustrisimo/	200	product tag archive	CATEGORY	VERIFY	https://progressivemartialarts.com.au/product-tag/regino-ilustrisimo/	indexable	1	50	https://progressivemartialarts.com.au/product-tag/regino-ilustrisimo/		171 tags for 237 products — fragmentation review with sales data
https://progressivemartialarts.com.au/product-tag/rigan-machado/	200	product tag archive	CATEGORY	VERIFY	https://progressivemartialarts.com.au/product-tag/rigan-machado/	indexable	1	50	https://progressivemartialarts.com.au/product-tag/rigan-machado/		171 tags for 237 products — fragmentation review with sales data
https://progressivemartialarts.com.au/product-tag/roger-machado/	200	product tag archive	CATEGORY	VERIFY	https://progressivemartialarts.com.au/product-tag/roger-machado/	indexable	1	50	https://progressivemartialarts.com.au/product-tag/roger-machado/		171 tags for 237 products — fragmentation review with sales data
https://progressivemartialarts.com.au/product-tag/sarong/	200	product tag archive	CATEGORY	VERIFY	https://progressivemartialarts.com.au/product-tag/sarong/	indexable	28	64	https://progressivemartialarts.com.au/product-tag/sarong/		171 tags for 237 products — fragmentation review with sales data
https://progressivemartialarts.com.au/product-tag/seama/	200	product tag archive	CATEGORY	VERIFY	https://progressivemartialarts.com.au/product-tag/seama/	indexable	3	52	https://progressivemartialarts.com.au/product-tag/seama/		171 tags for 237 products — fragmentation review with sales data
https://progressivemartialarts.com.au/product-tag/self-defence/	200	product tag archive	CATEGORY	VERIFY	https://progressivemartialarts.com.au/product-tag/self-defence/	indexable	19	64	https://progressivemartialarts.com.au/product-tag/self-defence/		171 tags for 237 products — fragmentation review with sales data
https://progressivemartialarts.com.au/product-tag/self-defense/	200	product tag archive	CATEGORY	VERIFY	https://progressivemartialarts.com.au/product-tag/self-defense/	indexable	1	50	https://progressivemartialarts.com.au/product-tag/self-defense/		171 tags for 237 products — fragmentation review with sales data
https://progressivemartialarts.com.au/product-tag/shield/	200	product tag archive	CATEGORY	VERIFY	https://progressivemartialarts.com.au/product-tag/shield/	indexable	1	50	https://progressivemartialarts.com.au/product-tag/shield/		171 tags for 237 products — fragmentation review with sales data
https://progressivemartialarts.com.au/product-tag/shoot-wrestling/	200	product tag archive	CATEGORY	VERIFY	https://progressivemartialarts.com.au/product-tag/shoot-wrestling/	indexable	5	54	https://progressivemartialarts.com.au/product-tag/shoot-wrestling/		171 tags for 237 products — fragmentation review with sales data
https://progressivemartialarts.com.au/product-tag/shooto/	200	product tag archive	CATEGORY	VERIFY	https://progressivemartialarts.com.au/product-tag/shooto/	indexable	5	54	https://progressivemartialarts.com.au/product-tag/shooto/		171 tags for 237 products — fragmentation review with sales data
https://progressivemartialarts.com.au/product-tag/shorts/	200	product tag archive	CATEGORY	VERIFY	https://progressivemartialarts.com.au/product-tag/shorts/	indexable	5	54	https://progressivemartialarts.com.au/product-tag/shorts/		171 tags for 237 products — fragmentation review with sales data
https://progressivemartialarts.com.au/product-tag/sifu-bruce-lee/	200	product tag archive	CATEGORY	VERIFY	https://progressivemartialarts.com.au/product-tag/sifu-bruce-lee/	indexable	4	53	https://progressivemartialarts.com.au/product-tag/sifu-bruce-lee/		171 tags for 237 products — fragmentation review with sales data
https://progressivemartialarts.com.au/product-tag/sifu-dan-inosanto/	200	product tag archive	CATEGORY	VERIFY	https://progressivemartialarts.com.au/product-tag/sifu-dan-inosanto/	indexable	11	60	https://progressivemartialarts.com.au/product-tag/sifu-dan-inosanto/		171 tags for 237 products — fragmentation review with sales data
https://progressivemartialarts.com.au/product-tag/sifu-francis-fong/	200	product tag archive	CATEGORY	VERIFY	https://progressivemartialarts.com.au/product-tag/sifu-francis-fong/	indexable	5	54	https://progressivemartialarts.com.au/product-tag/sifu-francis-fong/		171 tags for 237 products — fragmentation review with sales data
https://progressivemartialarts.com.au/product-tag/sifu-taky-kimura/	200	product tag archive	CATEGORY	VERIFY	https://progressivemartialarts.com.au/product-tag/sifu-taky-kimura/	indexable	1	50	https://progressivemartialarts.com.au/product-tag/sifu-taky-kimura/		171 tags for 237 products — fragmentation review with sales data
https://progressivemartialarts.com.au/product-tag/sifu/	200	product tag archive	CATEGORY	VERIFY	https://progressivemartialarts.com.au/product-tag/sifu/	indexable	15	64	https://progressivemartialarts.com.au/product-tag/sifu/		171 tags for 237 products — fragmentation review with sales data
https://progressivemartialarts.com.au/product-tag/singlet/	200	product tag archive	CATEGORY	VERIFY	https://progressivemartialarts.com.au/product-tag/singlet/	indexable	8	57	https://progressivemartialarts.com.au/product-tag/singlet/		171 tags for 237 products — fragmentation review with sales data
https://progressivemartialarts.com.au/product-tag/southeast-asian/	200	product tag archive	CATEGORY	VERIFY	https://progressivemartialarts.com.au/product-tag/southeast-asian/	indexable	1	50	https://progressivemartialarts.com.au/product-tag/southeast-asian/		171 tags for 237 products — fragmentation review with sales data
https://progressivemartialarts.com.au/product-tag/spear/	200	product tag archive	CATEGORY	VERIFY	https://progressivemartialarts.com.au/product-tag/spear/	indexable	4	53	https://progressivemartialarts.com.au/product-tag/spear/		171 tags for 237 products — fragmentation review with sales data
https://progressivemartialarts.com.au/product-tag/staff/	200	product tag archive	CATEGORY	VERIFY	https://progressivemartialarts.com.au/product-tag/staff/	indexable	8	57	https://progressivemartialarts.com.au/product-tag/staff/		171 tags for 237 products — fragmentation review with sales data
https://progressivemartialarts.com.au/product-tag/stick-and-dagger/	200	product tag archive	CATEGORY	VERIFY	https://progressivemartialarts.com.au/product-tag/stick-and-dagger/	indexable	34	65	https://progressivemartialarts.com.au/product-tag/stick-and-dagger/		171 tags for 237 products — fragmentation review with sales data
https://progressivemartialarts.com.au/product-tag/stick-dagger/	200	product tag archive	CATEGORY	VERIFY	https://progressivemartialarts.com.au/product-tag/stick-dagger/	indexable	1	50	https://progressivemartialarts.com.au/product-tag/stick-dagger/		171 tags for 237 products — fragmentation review with sales data
https://progressivemartialarts.com.au/product-tag/stick/	200	product tag archive	CATEGORY	VERIFY	https://progressivemartialarts.com.au/product-tag/stick/	indexable	1	50	https://progressivemartialarts.com.au/product-tag/stick/		171 tags for 237 products — fragmentation review with sales data
https://progressivemartialarts.com.au/product-tag/sticks/	200	product tag archive	CATEGORY	VERIFY	https://progressivemartialarts.com.au/product-tag/sticks/	indexable	1	50	https://progressivemartialarts.com.au/product-tag/sticks/		171 tags for 237 products — fragmentation review with sales data
https://progressivemartialarts.com.au/product-tag/sticky-hands/	200	product tag archive	CATEGORY	VERIFY	https://progressivemartialarts.com.au/product-tag/sticky-hands/	indexable	1	50	https://progressivemartialarts.com.au/product-tag/sticky-hands/		171 tags for 237 products — fragmentation review with sales data
https://progressivemartialarts.com.au/product-tag/stockton-california-usa/	200	product tag archive	CATEGORY	VERIFY	https://progressivemartialarts.com.au/product-tag/stockton-california-usa/	indexable	1	50	https://progressivemartialarts.com.au/product-tag/stockton-california-usa/		171 tags for 237 products — fragmentation review with sales data
https://progressivemartialarts.com.au/product-tag/sulite-dvd/	200	product tag archive	CATEGORY	VERIFY	https://progressivemartialarts.com.au/product-tag/sulite-dvd/	indexable	10	59	https://progressivemartialarts.com.au/product-tag/sulite-dvd/		171 tags for 237 products — fragmentation review with sales data
https://progressivemartialarts.com.au/product-tag/sweatpants/	200	product tag archive	CATEGORY	VERIFY	https://progressivemartialarts.com.au/product-tag/sweatpants/	indexable	4	53	https://progressivemartialarts.com.au/product-tag/sweatpants/		171 tags for 237 products — fragmentation review with sales data
https://progressivemartialarts.com.au/product-tag/sword/	200	product tag archive	CATEGORY	VERIFY	https://progressivemartialarts.com.au/product-tag/sword/	indexable	5	54	https://progressivemartialarts.com.au/product-tag/sword/		171 tags for 237 products — fragmentation review with sales data
https://progressivemartialarts.com.au/product-tag/t-shirt/	200	product tag archive	CATEGORY	VERIFY	https://progressivemartialarts.com.au/product-tag/t-shirt/	indexable	7	56	https://progressivemartialarts.com.au/product-tag/t-shirt/		171 tags for 237 products — fragmentation review with sales data
https://progressivemartialarts.com.au/product-tag/tba-wtba/	200	product tag archive	CATEGORY	VERIFY	https://progressivemartialarts.com.au/product-tag/tba-wtba/	indexable	2	51	https://progressivemartialarts.com.au/product-tag/tba-wtba/		171 tags for 237 products — fragmentation review with sales data
https://progressivemartialarts.com.au/product-tag/thai-chi/	200	product tag archive	CATEGORY	VERIFY	https://progressivemartialarts.com.au/product-tag/thai-chi/	indexable	1	50	https://progressivemartialarts.com.au/product-tag/thai-chi/		171 tags for 237 products — fragmentation review with sales data
https://progressivemartialarts.com.au/product-tag/thai-pads/	200	product tag archive	CATEGORY	VERIFY	https://progressivemartialarts.com.au/product-tag/thai-pads/	indexable	2	51	https://progressivemartialarts.com.au/product-tag/thai-pads/		171 tags for 237 products — fragmentation review with sales data
https://progressivemartialarts.com.au/product-tag/thumpas/	200	product tag archive	CATEGORY	VERIFY	https://progressivemartialarts.com.au/product-tag/thumpas/	indexable	2	51	https://progressivemartialarts.com.au/product-tag/thumpas/		171 tags for 237 products — fragmentation review with sales data
https://progressivemartialarts.com.au/product-tag/towels/	200	product tag archive	CATEGORY	VERIFY	https://progressivemartialarts.com.au/product-tag/towels/	indexable	3	52	https://progressivemartialarts.com.au/product-tag/towels/		171 tags for 237 products — fragmentation review with sales data
https://progressivemartialarts.com.au/product-tag/training-dagger/	200	product tag archive	CATEGORY	VERIFY	https://progressivemartialarts.com.au/product-tag/training-dagger/	indexable	2	51	https://progressivemartialarts.com.au/product-tag/training-dagger/		171 tags for 237 products — fragmentation review with sales data
https://progressivemartialarts.com.au/product-tag/training-equipment/	200	product tag archive	CATEGORY	VERIFY	https://progressivemartialarts.com.au/product-tag/training-equipment/	indexable	2	51	https://progressivemartialarts.com.au/product-tag/training-equipment/		171 tags for 237 products — fragmentation review with sales data
https://progressivemartialarts.com.au/product-tag/training-music/	200	product tag archive	CATEGORY	VERIFY	https://progressivemartialarts.com.au/product-tag/training-music/	indexable	2	51	https://progressivemartialarts.com.au/product-tag/training-music/		171 tags for 237 products — fragmentation review with sales data
https://progressivemartialarts.com.au/product-tag/trapping/	200	product tag archive	CATEGORY	VERIFY	https://progressivemartialarts.com.au/product-tag/trapping/	indexable	6	55	https://progressivemartialarts.com.au/product-tag/trapping/		171 tags for 237 products — fragmentation review with sales data
https://progressivemartialarts.com.au/product-tag/triangle-gi/	200	product tag archive	CATEGORY	VERIFY	https://progressivemartialarts.com.au/product-tag/triangle-gi/	indexable	1	50	https://progressivemartialarts.com.au/product-tag/triangle-gi/		171 tags for 237 products — fragmentation review with sales data
https://progressivemartialarts.com.au/product-tag/weapon/	200	product tag archive	CATEGORY	VERIFY	https://progressivemartialarts.com.au/product-tag/weapon/	indexable	1	50	https://progressivemartialarts.com.au/product-tag/weapon/		171 tags for 237 products — fragmentation review with sales data
https://progressivemartialarts.com.au/product-tag/weapons/	200	product tag archive	CATEGORY	VERIFY	https://progressivemartialarts.com.au/product-tag/weapons/	indexable	1	50	https://progressivemartialarts.com.au/product-tag/weapons/		171 tags for 237 products — fragmentation review with sales data
https://progressivemartialarts.com.au/product-tag/wing-chun-kung-fu/	200	product tag archive	CATEGORY	VERIFY	https://progressivemartialarts.com.au/product-tag/wing-chun-kung-fu/	indexable	1	50	https://progressivemartialarts.com.au/product-tag/wing-chun-kung-fu/		171 tags for 237 products — fragmentation review with sales data
https://progressivemartialarts.com.au/product-tag/wing-chun/	200	product tag archive	CATEGORY	VERIFY	https://progressivemartialarts.com.au/product-tag/wing-chun/	indexable	9	58	https://progressivemartialarts.com.au/product-tag/wing-chun/		171 tags for 237 products — fragmentation review with sales data
https://progressivemartialarts.com.au/product-tag/women/	200	product tag archive	CATEGORY	VERIFY	https://progressivemartialarts.com.au/product-tag/women/	indexable	17	64	https://progressivemartialarts.com.au/product-tag/women/		171 tags for 237 products — fragmentation review with sales data
https://progressivemartialarts.com.au/product-tag/world-thai-boxing-association/	200	product tag archive	CATEGORY	VERIFY	https://progressivemartialarts.com.au/product-tag/world-thai-boxing-association/	indexable	4	53	https://progressivemartialarts.com.au/product-tag/world-thai-boxing-association/		171 tags for 237 products — fragmentation review with sales data
https://progressivemartialarts.com.au/product-tag/wraps/	200	product tag archive	CATEGORY	VERIFY	https://progressivemartialarts.com.au/product-tag/wraps/	indexable	1	50	https://progressivemartialarts.com.au/product-tag/wraps/		171 tags for 237 products — fragmentation review with sales data
https://progressivemartialarts.com.au/product-tag/wtba/	200	product tag archive	CATEGORY	VERIFY	https://progressivemartialarts.com.au/product-tag/wtba/	indexable	1	50	https://progressivemartialarts.com.au/product-tag/wtba/		171 tags for 237 products — fragmentation review with sales data
https://progressivemartialarts.com.au/product-tag/yoga-pants/	200	product tag archive	CATEGORY	VERIFY	https://progressivemartialarts.com.au/product-tag/yoga-pants/	indexable	1	50	https://progressivemartialarts.com.au/product-tag/yoga-pants/		171 tags for 237 products — fragmentation review with sales data
https://progressivemartialarts.com.au/product/10-urban-floor-to-ceiling-ball/	200	product	PRODUCT	KEEP	https://progressivemartialarts.com.au/product/10-urban-floor-to-ceiling-ball/	indexable	4	33	https://progressivemartialarts.com.au/product/10-urban-floor-to-ceiling-ball/		archive-vs-active split needs order data (phase: commerce)
https://progressivemartialarts.com.au/product/aluminum-training-dagger-breast-cancer-awareness/	200	product	PRODUCT	KEEP	https://progressivemartialarts.com.au/product/aluminum-training-dagger-breast-cancer-awareness/	indexable	19	43	https://progressivemartialarts.com.au/product/aluminum-training-dagger-breast-cancer-awareness/		archive-vs-active split needs order data (phase: commerce)
https://progressivemartialarts.com.au/product/aluminum-training-dagger-kris-dagger/	200	product	PRODUCT	KEEP	https://progressivemartialarts.com.au/product/aluminum-training-dagger-kris-dagger/	indexable	24	53	https://progressivemartialarts.com.au/product/aluminum-training-dagger-kris-dagger/		archive-vs-active split needs order data (phase: commerce)
https://progressivemartialarts.com.au/product/aluminum-training-dagger-large-carbon-fibre-knife/	200	product	PRODUCT	KEEP	https://progressivemartialarts.com.au/product/aluminum-training-dagger-large-carbon-fibre-knife/	indexable	17	46	https://progressivemartialarts.com.au/product/aluminum-training-dagger-large-carbon-fibre-knife/		archive-vs-active split needs order data (phase: commerce)
https://progressivemartialarts.com.au/product/aluminum-training-dagger-large-dipped-knives/	200	product	PRODUCT	KEEP	https://progressivemartialarts.com.au/product/aluminum-training-dagger-large-dipped-knives/	indexable	17	49	https://progressivemartialarts.com.au/product/aluminum-training-dagger-large-dipped-knives/		archive-vs-active split needs order data (phase: commerce)
https://progressivemartialarts.com.au/product/aluminum-training-dagger-large-faded/	200	product	PRODUCT	KEEP	https://progressivemartialarts.com.au/product/aluminum-training-dagger-large-faded/	indexable	17	50	https://progressivemartialarts.com.au/product/aluminum-training-dagger-large-faded/		archive-vs-active split needs order data (phase: commerce)
https://progressivemartialarts.com.au/product/aluminum-training-dagger-large-sand-camo/	200	product	PRODUCT	KEEP	https://progressivemartialarts.com.au/product/aluminum-training-dagger-large-sand-camo/	indexable	20	46	https://progressivemartialarts.com.au/product/aluminum-training-dagger-large-sand-camo/		archive-vs-active split needs order data (phase: commerce)
https://progressivemartialarts.com.au/product/aluminum-training-dagger-medium-spattered-knives/	200	product	PRODUCT	KEEP	https://progressivemartialarts.com.au/product/aluminum-training-dagger-medium-spattered-knives/	indexable	15	46	https://progressivemartialarts.com.au/product/aluminum-training-dagger-medium-spattered-knives/		archive-vs-active split needs order data (phase: commerce)
https://progressivemartialarts.com.au/product/aluminum-training-dagger-no-001-2/	200	product	PRODUCT	KEEP	https://progressivemartialarts.com.au/product/aluminum-training-dagger-no-001-2/	indexable	21	42	https://progressivemartialarts.com.au/product/aluminum-training-dagger-no-001-2/		archive-vs-active split needs order data (phase: commerce)
https://progressivemartialarts.com.au/product/aluminum-training-dagger-no-002/	200	product	PRODUCT	KEEP	https://progressivemartialarts.com.au/product/aluminum-training-dagger-no-002/	indexable	31	49	https://progressivemartialarts.com.au/product/aluminum-training-dagger-no-002/		archive-vs-active split needs order data (phase: commerce)
https://progressivemartialarts.com.au/product/aluminum-training-dagger-no-003/	200	product	PRODUCT	KEEP	https://progressivemartialarts.com.au/product/aluminum-training-dagger-no-003/	indexable	25	44	https://progressivemartialarts.com.au/product/aluminum-training-dagger-no-003/		archive-vs-active split needs order data (phase: commerce)
https://progressivemartialarts.com.au/product/aluminum-training-dagger-no-004/	200	product	PRODUCT	KEEP	https://progressivemartialarts.com.au/product/aluminum-training-dagger-no-004/	indexable	18	41	https://progressivemartialarts.com.au/product/aluminum-training-dagger-no-004/		archive-vs-active split needs order data (phase: commerce)
https://progressivemartialarts.com.au/product/aluminum-training-dagger-no-005-2/	200	product	PRODUCT	KEEP	https://progressivemartialarts.com.au/product/aluminum-training-dagger-no-005-2/	indexable	18	41	https://progressivemartialarts.com.au/product/aluminum-training-dagger-no-005-2/		archive-vs-active split needs order data (phase: commerce)
https://progressivemartialarts.com.au/product/aluminum-training-dagger-no-006/	200	product	PRODUCT	KEEP	https://progressivemartialarts.com.au/product/aluminum-training-dagger-no-006/	indexable	27	44	https://progressivemartialarts.com.au/product/aluminum-training-dagger-no-006/		archive-vs-active split needs order data (phase: commerce)
https://progressivemartialarts.com.au/product/aluminum-training-dagger-no-007/	200	product	PRODUCT	KEEP	https://progressivemartialarts.com.au/product/aluminum-training-dagger-no-007/	indexable	5	46	https://progressivemartialarts.com.au/product/aluminum-training-dagger-no-007/		archive-vs-active split needs order data (phase: commerce)
https://progressivemartialarts.com.au/product/aluminum-training-dagger-orange-and-brown-lizard-scale/	200	product	PRODUCT	KEEP	https://progressivemartialarts.com.au/product/aluminum-training-dagger-orange-and-brown-lizard-scale/	indexable	9	45	https://progressivemartialarts.com.au/product/aluminum-training-dagger-orange-and-brown-lizard-scale/		archive-vs-active split needs order data (phase: commerce)
https://progressivemartialarts.com.au/product/aluminum-training-karambit/	200	product	PRODUCT	KEEP	https://progressivemartialarts.com.au/product/aluminum-training-karambit/	indexable	12	40	https://progressivemartialarts.com.au/product/aluminum-training-karambit/		archive-vs-active split needs order data (phase: commerce)
https://progressivemartialarts.com.au/product/aluminum-training-sword-inosanto-academy-barong/	200	product	PRODUCT	KEEP	https://progressivemartialarts.com.au/product/aluminum-training-sword-inosanto-academy-barong/	indexable	14	44	https://progressivemartialarts.com.au/product/aluminum-training-sword-inosanto-academy-barong/		archive-vs-active split needs order data (phase: commerce)
https://progressivemartialarts.com.au/product/aluminum-training-sword-inosanto-academy-kris-sword/	200	product	PRODUCT	KEEP	https://progressivemartialarts.com.au/product/aluminum-training-sword-inosanto-academy-kris-sword/	indexable	8	44	https://progressivemartialarts.com.au/product/aluminum-training-sword-inosanto-academy-kris-sword/		archive-vs-active split needs order data (phase: commerce)
https://progressivemartialarts.com.au/product/arm-guard/	200	product	PRODUCT	KEEP	https://progressivemartialarts.com.au/product/arm-guard/	indexable	12	37	https://progressivemartialarts.com.au/product/arm-guard/		archive-vs-active split needs order data (phase: commerce)
https://progressivemartialarts.com.au/product/bag-inosanto-academy-duffel-bag-24/	200	product	PRODUCT	KEEP	https://progressivemartialarts.com.au/product/bag-inosanto-academy-duffel-bag-24/	indexable	6	36	https://progressivemartialarts.com.au/product/bag-inosanto-academy-duffel-bag-24/		archive-vs-active split needs order data (phase: commerce)
https://progressivemartialarts.com.au/product/bag-inosanto-academy-duffel-bag-with-mesh-panel/	200	product	PRODUCT	KEEP	https://progressivemartialarts.com.au/product/bag-inosanto-academy-duffel-bag-with-mesh-panel/	indexable	9	39	https://progressivemartialarts.com.au/product/bag-inosanto-academy-duffel-bag-with-mesh-panel/		archive-vs-active split needs order data (phase: commerce)
https://progressivemartialarts.com.au/product/bag-inosanto-academy-duffel-bag/	200	product	PRODUCT	KEEP	https://progressivemartialarts.com.au/product/bag-inosanto-academy-duffel-bag/	indexable	5	38	https://progressivemartialarts.com.au/product/bag-inosanto-academy-duffel-bag/		archive-vs-active split needs order data (phase: commerce)
https://progressivemartialarts.com.au/product/bag-inosanto-academy-training-dagger-bag/	200	product	PRODUCT	KEEP	https://progressivemartialarts.com.au/product/bag-inosanto-academy-training-dagger-bag/	indexable	18	47	https://progressivemartialarts.com.au/product/bag-inosanto-academy-training-dagger-bag/		archive-vs-active split needs order data (phase: commerce)
https://progressivemartialarts.com.au/product/baseball-hat-inosanto-baseball-cap/	200	product	PRODUCT	KEEP	https://progressivemartialarts.com.au/product/baseball-hat-inosanto-baseball-cap/	indexable	3	35	https://progressivemartialarts.com.au/product/baseball-hat-inosanto-baseball-cap/		archive-vs-active split needs order data (phase: commerce)
https://progressivemartialarts.com.au/product/bolt-basics-of-learning-and-teaching/	200	product	PRODUCT	KEEP	https://progressivemartialarts.com.au/product/bolt-basics-of-learning-and-teaching/	indexable	14	35	https://progressivemartialarts.com.au/product/bolt-basics-of-learning-and-teaching/		archive-vs-active split needs order data (phase: commerce)
https://progressivemartialarts.com.au/product/book-a-path-of-mastery/	200	product	PRODUCT	KEEP	https://progressivemartialarts.com.au/product/book-a-path-of-mastery/	indexable	11	37	https://progressivemartialarts.com.au/product/book-a-path-of-mastery/		archive-vs-active split needs order data (phase: commerce)
https://progressivemartialarts.com.au/product/boxing-gloves-12oz-morgan-brand-brown-leather/	200	product	PRODUCT	KEEP	https://progressivemartialarts.com.au/product/boxing-gloves-12oz-morgan-brand-brown-leather/	indexable	7	39	https://progressivemartialarts.com.au/product/boxing-gloves-12oz-morgan-brand-brown-leather/		archive-vs-active split needs order data (phase: commerce)
https://progressivemartialarts.com.au/product/boxing-gloves-12oz-punch-brand-black-red-and-blue/	200	product	PRODUCT	KEEP	https://progressivemartialarts.com.au/product/boxing-gloves-12oz-punch-brand-black-red-and-blue/	indexable	7	36	https://progressivemartialarts.com.au/product/boxing-gloves-12oz-punch-brand-black-red-and-blue/		archive-vs-active split needs order data (phase: commerce)
https://progressivemartialarts.com.au/product/boxing-gloves-12oz-punch-brand-black-with-gold-skulls/	200	product	PRODUCT	KEEP	https://progressivemartialarts.com.au/product/boxing-gloves-12oz-punch-brand-black-with-gold-skulls/	indexable	8	42	https://progressivemartialarts.com.au/product/boxing-gloves-12oz-punch-brand-black-with-gold-skulls/		archive-vs-active split needs order data (phase: commerce)
https://progressivemartialarts.com.au/product/boxing-gloves-12oz-punch-brand-white-with-gold-skulls/	200	product	PRODUCT	KEEP	https://progressivemartialarts.com.au/product/boxing-gloves-12oz-punch-brand-white-with-gold-skulls/	indexable	8	39	https://progressivemartialarts.com.au/product/boxing-gloves-12oz-punch-brand-white-with-gold-skulls/		archive-vs-active split needs order data (phase: commerce)
https://progressivemartialarts.com.au/product/brazilian-jiu-jitsu-black-belt-techniques/	200	product	PRODUCT	KEEP	https://progressivemartialarts.com.au/product/brazilian-jiu-jitsu-black-belt-techniques/	indexable	14	38	https://progressivemartialarts.com.au/product/brazilian-jiu-jitsu-black-belt-techniques/		archive-vs-active split needs order data (phase: commerce)
https://progressivemartialarts.com.au/product/bruce-lee-forever-a-tribute-to-the-one-and-only-taky-kimura/	200	product	PRODUCT	KEEP	https://progressivemartialarts.com.au/product/bruce-lee-forever-a-tribute-to-the-one-and-only-taky-kimura/	indexable	9	39	https://progressivemartialarts.com.au/product/bruce-lee-forever-a-tribute-to-the-one-and-only-taky-kimura/		archive-vs-active split needs order data (phase: commerce)
https://progressivemartialarts.com.au/product/bruce-lee-tao-of-jeet-kune-do/	200	product	PRODUCT	KEEP	https://progressivemartialarts.com.au/product/bruce-lee-tao-of-jeet-kune-do/	indexable	7	35	https://progressivemartialarts.com.au/product/bruce-lee-tao-of-jeet-kune-do/		archive-vs-active split needs order data (phase: commerce)
https://progressivemartialarts.com.au/product/calendar-2010-remember-reclaim/	200	product	PRODUCT	KEEP	https://progressivemartialarts.com.au/product/calendar-2010-remember-reclaim/	indexable	10	36	https://progressivemartialarts.com.au/product/calendar-2010-remember-reclaim/		archive-vs-active split needs order data (phase: commerce)
https://progressivemartialarts.com.au/product/capoeira-for-active-adults/	200	product	PRODUCT	KEEP	https://progressivemartialarts.com.au/product/capoeira-for-active-adults/	indexable	13	35	https://progressivemartialarts.com.au/product/capoeira-for-active-adults/		archive-vs-active split needs order data (phase: commerce)
https://progressivemartialarts.com.au/product/cd-buddy-helm-training-music/	200	product	PRODUCT	KEEP	https://progressivemartialarts.com.au/product/cd-buddy-helm-training-music/	indexable	9	44	https://progressivemartialarts.com.au/product/cd-buddy-helm-training-music/		archive-vs-active split needs order data (phase: commerce)
https://progressivemartialarts.com.au/product/cd-heavens-drums/	200	product	PRODUCT	KEEP	https://progressivemartialarts.com.au/product/cd-heavens-drums/	indexable	11	45	https://progressivemartialarts.com.au/product/cd-heavens-drums/		archive-vs-active split needs order data (phase: commerce)
https://progressivemartialarts.com.au/product/dan-inosanto-legends-foldout-poster-with-bruce-lee/	200	product	PRODUCT	KEEP	https://progressivemartialarts.com.au/product/dan-inosanto-legends-foldout-poster-with-bruce-lee/	indexable	12	40	https://progressivemartialarts.com.au/product/dan-inosanto-legends-foldout-poster-with-bruce-lee/		archive-vs-active split needs order data (phase: commerce)
https://progressivemartialarts.com.au/product/dosmanos-sticks/	200	product	PRODUCT	KEEP	https://progressivemartialarts.com.au/product/dosmanos-sticks/	indexable	2	33	https://progressivemartialarts.com.au/product/dosmanos-sticks/		archive-vs-active split needs order data (phase: commerce)
https://progressivemartialarts.com.au/product/dubin-michael-dubin-drumming-seven-essential-rhythms-for-instructors/	200	product	PRODUCT	KEEP	https://progressivemartialarts.com.au/product/dubin-michael-dubin-drumming-seven-essential-rhythms-for-instructors/	indexable	17	35	https://progressivemartialarts.com.au/product/dubin-michael-dubin-drumming-seven-essential-rhythms-for-instructors/		archive-vs-active split needs order data (phase: commerce)
https://progressivemartialarts.com.au/product/dubin-rhythmic-training-for-martial-arts/	200	product	PRODUCT	KEEP	https://progressivemartialarts.com.au/product/dubin-rhythmic-training-for-martial-arts/	indexable	14	35	https://progressivemartialarts.com.au/product/dubin-rhythmic-training-for-martial-arts/		archive-vs-active split needs order data (phase: commerce)
https://progressivemartialarts.com.au/product/focus-mitts-micro-fuerte-punch-brand-thumpas/	200	product	PRODUCT	KEEP	https://progressivemartialarts.com.au/product/focus-mitts-micro-fuerte-punch-brand-thumpas/	indexable	3	34	https://progressivemartialarts.com.au/product/focus-mitts-micro-fuerte-punch-brand-thumpas/		archive-vs-active split needs order data (phase: commerce)
https://progressivemartialarts.com.au/product/focus-mitts-morgan-brand-thumpas/	200	product	PRODUCT	KEEP	https://progressivemartialarts.com.au/product/focus-mitts-morgan-brand-thumpas/	indexable	6	37	https://progressivemartialarts.com.au/product/focus-mitts-morgan-brand-thumpas/		archive-vs-active split needs order data (phase: commerce)
https://progressivemartialarts.com.au/product/focus-mitts-punch-brand-thumpas-2/	200	product	PRODUCT	KEEP	https://progressivemartialarts.com.au/product/focus-mitts-punch-brand-thumpas-2/	indexable	4	35	https://progressivemartialarts.com.au/product/focus-mitts-punch-brand-thumpas-2/		archive-vs-active split needs order data (phase: commerce)
https://progressivemartialarts.com.au/product/focus-mitts-punch-brand-thumpas/	200	product	PRODUCT	KEEP	https://progressivemartialarts.com.au/product/focus-mitts-punch-brand-thumpas/	indexable	7	37	https://progressivemartialarts.com.au/product/focus-mitts-punch-brand-thumpas/		archive-vs-active split needs order data (phase: commerce)
https://progressivemartialarts.com.au/product/focus-paddles-mexican-fuerte-paddles-punch-brand/	200	product	PRODUCT	KEEP	https://progressivemartialarts.com.au/product/focus-paddles-mexican-fuerte-paddles-punch-brand/	indexable	9	40	https://progressivemartialarts.com.au/product/focus-paddles-mexican-fuerte-paddles-punch-brand/		archive-vs-active split needs order data (phase: commerce)
https://progressivemartialarts.com.au/product/gi-jean-jacques-machado-triangle-brand/	200	product	PRODUCT	KEEP	https://progressivemartialarts.com.au/product/gi-jean-jacques-machado-triangle-brand/	indexable	8	42	https://progressivemartialarts.com.au/product/gi-jean-jacques-machado-triangle-brand/		archive-vs-active split needs order data (phase: commerce)
https://progressivemartialarts.com.au/product/gi-patch-kit-inosanto-academy-shield/	200	product	PRODUCT	KEEP	https://progressivemartialarts.com.au/product/gi-patch-kit-inosanto-academy-shield/	indexable	20	46	https://progressivemartialarts.com.au/product/gi-patch-kit-inosanto-academy-shield/		archive-vs-active split needs order data (phase: commerce)
https://progressivemartialarts.com.au/product/gi-patch-kit-jean-jacques-machado/	200	product	PRODUCT	KEEP	https://progressivemartialarts.com.au/product/gi-patch-kit-jean-jacques-machado/	indexable	9	42	https://progressivemartialarts.com.au/product/gi-patch-kit-jean-jacques-machado/		archive-vs-active split needs order data (phase: commerce)
https://progressivemartialarts.com.au/product/groin-guard/	200	product	PRODUCT	KEEP	https://progressivemartialarts.com.au/product/groin-guard/	indexable	7	33	https://progressivemartialarts.com.au/product/groin-guard/		archive-vs-active split needs order data (phase: commerce)
https://progressivemartialarts.com.au/product/guro-dan-inosanto-australia-tour-november-2026/	200	product	PRODUCT	KEEP	https://progressivemartialarts.com.au/product/guro-dan-inosanto-australia-tour-november-2026/	indexable	22	57	https://progressivemartialarts.com.au/product/guro-dan-inosanto-australia-tour-november-2026/		archive-vs-active split needs order data (phase: commerce)
https://progressivemartialarts.com.au/product/hand-towels/	200	product	PRODUCT	KEEP	https://progressivemartialarts.com.au/product/hand-towels/	indexable	13	36	https://progressivemartialarts.com.au/product/hand-towels/		archive-vs-active split needs order data (phase: commerce)
https://progressivemartialarts.com.au/product/hand-wraps-stretch-punch-brand/	200	product	PRODUCT	KEEP	https://progressivemartialarts.com.au/product/hand-wraps-stretch-punch-brand/	indexable	11	39	https://progressivemartialarts.com.au/product/hand-wraps-stretch-punch-brand/		archive-vs-active split needs order data (phase: commerce)
https://progressivemartialarts.com.au/product/hoodie-inosanto-academy-sweatshirt-black-with-gold-logos/	200	product	PRODUCT	KEEP	https://progressivemartialarts.com.au/product/hoodie-inosanto-academy-sweatshirt-black-with-gold-logos/	indexable	29	53	https://progressivemartialarts.com.au/product/hoodie-inosanto-academy-sweatshirt-black-with-gold-logos/		archive-vs-active split needs order data (phase: commerce)
https://progressivemartialarts.com.au/product/hoodie-inosanto-academy-sweatshirt-shield-logo/	200	product	PRODUCT	KEEP	https://progressivemartialarts.com.au/product/hoodie-inosanto-academy-sweatshirt-shield-logo/	indexable	4	36	https://progressivemartialarts.com.au/product/hoodie-inosanto-academy-sweatshirt-shield-logo/		archive-vs-active split needs order data (phase: commerce)
https://progressivemartialarts.com.au/product/hoodie-with-zipper-inosanto-academy-sweatshirt-black-with-gold-logos/	200	product	PRODUCT	KEEP	https://progressivemartialarts.com.au/product/hoodie-with-zipper-inosanto-academy-sweatshirt-black-with-gold-logos/	indexable	20	50	https://progressivemartialarts.com.au/product/hoodie-with-zipper-inosanto-academy-sweatshirt-black-with-gold-logos/		archive-vs-active split needs order data (phase: commerce)
https://progressivemartialarts.com.au/product/hoodie-with-zipper-inosanto-academy-sweatshirt-shield-logo/	200	product	PRODUCT	KEEP	https://progressivemartialarts.com.au/product/hoodie-with-zipper-inosanto-academy-sweatshirt-shield-logo/	indexable	9	46	https://progressivemartialarts.com.au/product/hoodie-with-zipper-inosanto-academy-sweatshirt-shield-logo/		archive-vs-active split needs order data (phase: commerce)
https://progressivemartialarts.com.au/product/hoodie-with-zipper-little-dragons-sweatshirt/	200	product	PRODUCT	KEEP	https://progressivemartialarts.com.au/product/hoodie-with-zipper-little-dragons-sweatshirt/	indexable	3	36	https://progressivemartialarts.com.au/product/hoodie-with-zipper-little-dragons-sweatshirt/		archive-vs-active split needs order data (phase: commerce)
https://progressivemartialarts.com.au/product/inosanto-2012-abecedario-contradas/	200	product	PRODUCT	KEEP	https://progressivemartialarts.com.au/product/inosanto-2012-abecedario-contradas/	indexable	25	47	https://progressivemartialarts.com.au/product/inosanto-2012-abecedario-contradas/		archive-vs-active split needs order data (phase: commerce)
https://progressivemartialarts.com.au/product/inosanto-2012-australia-mixed-arts/	200	product	PRODUCT	KEEP	https://progressivemartialarts.com.au/product/inosanto-2012-australia-mixed-arts/	indexable	35	59	https://progressivemartialarts.com.au/product/inosanto-2012-australia-mixed-arts/		archive-vs-active split needs order data (phase: commerce)
https://progressivemartialarts.com.au/product/inosanto-2012-australia-silat/	200	product	PRODUCT	KEEP	https://progressivemartialarts.com.au/product/inosanto-2012-australia-silat/	indexable	33	48	https://progressivemartialarts.com.au/product/inosanto-2012-australia-silat/		archive-vs-active split needs order data (phase: commerce)
https://progressivemartialarts.com.au/product/inosanto-2012-australia-thai-boxing/	200	product	PRODUCT	KEEP	https://progressivemartialarts.com.au/product/inosanto-2012-australia-thai-boxing/	indexable	21	42	https://progressivemartialarts.com.au/product/inosanto-2012-australia-thai-boxing/		archive-vs-active split needs order data (phase: commerce)
https://progressivemartialarts.com.au/product/inosanto-2012-mixed-silat-training-camp-8-dvd-set/	200	product	PRODUCT	KEEP	https://progressivemartialarts.com.au/product/inosanto-2012-mixed-silat-training-camp-8-dvd-set/	indexable	26	50	https://progressivemartialarts.com.au/product/inosanto-2012-mixed-silat-training-camp-8-dvd-set/		archive-vs-active split needs order data (phase: commerce)
https://progressivemartialarts.com.au/product/inosanto-2012-pangamut/	200	product	PRODUCT	KEEP	https://progressivemartialarts.com.au/product/inosanto-2012-pangamut/	indexable	19	41	https://progressivemartialarts.com.au/product/inosanto-2012-pangamut/		archive-vs-active split needs order data (phase: commerce)
https://progressivemartialarts.com.au/product/inosanto-2012-sensitivity/	200	product	PRODUCT	KEEP	https://progressivemartialarts.com.au/product/inosanto-2012-sensitivity/	indexable	35	52	https://progressivemartialarts.com.au/product/inosanto-2012-sensitivity/		archive-vs-active split needs order data (phase: commerce)
https://progressivemartialarts.com.au/product/inosanto-2012-stick-dagger/	200	product	PRODUCT	KEEP	https://progressivemartialarts.com.au/product/inosanto-2012-stick-dagger/	indexable	14	44	https://progressivemartialarts.com.au/product/inosanto-2012-stick-dagger/		archive-vs-active split needs order data (phase: commerce)
https://progressivemartialarts.com.au/product/inosanto-2013-12-areas-of-kali-area-1/	200	product	PRODUCT	KEEP	https://progressivemartialarts.com.au/product/inosanto-2013-12-areas-of-kali-area-1/	indexable	5	45	https://progressivemartialarts.com.au/product/inosanto-2013-12-areas-of-kali-area-1/		archive-vs-active split needs order data (phase: commerce)
https://progressivemartialarts.com.au/product/inosanto-2013-12-areas-of-kali-area-2/	200	product	PRODUCT	KEEP	https://progressivemartialarts.com.au/product/inosanto-2013-12-areas-of-kali-area-2/	indexable	23	45	https://progressivemartialarts.com.au/product/inosanto-2013-12-areas-of-kali-area-2/		archive-vs-active split needs order data (phase: commerce)
https://progressivemartialarts.com.au/product/inosanto-2013-australia-jun-fan-gung-fu-jkd/	200	product	PRODUCT	KEEP	https://progressivemartialarts.com.au/product/inosanto-2013-australia-jun-fan-gung-fu-jkd/	indexable	21	42	https://progressivemartialarts.com.au/product/inosanto-2013-australia-jun-fan-gung-fu-jkd/		archive-vs-active split needs order data (phase: commerce)
https://progressivemartialarts.com.au/product/inosanto-2013-australia-mma-4-dvd-set/	200	product	PRODUCT	KEEP	https://progressivemartialarts.com.au/product/inosanto-2013-australia-mma-4-dvd-set/	indexable	27	57	https://progressivemartialarts.com.au/product/inosanto-2013-australia-mma-4-dvd-set/		archive-vs-active split needs order data (phase: commerce)
https://progressivemartialarts.com.au/product/inosanto-2013-australia-thai-boxing/	200	product	PRODUCT	KEEP	https://progressivemartialarts.com.au/product/inosanto-2013-australia-thai-boxing/	indexable	20	42	https://progressivemartialarts.com.au/product/inosanto-2013-australia-thai-boxing/		archive-vs-active split needs order data (phase: commerce)
https://progressivemartialarts.com.au/product/inosanto-2013-australia-weaponry-disarms/	200	product	PRODUCT	KEEP	https://progressivemartialarts.com.au/product/inosanto-2013-australia-weaponry-disarms/	indexable	25	47	https://progressivemartialarts.com.au/product/inosanto-2013-australia-weaponry-disarms/		archive-vs-active split needs order data (phase: commerce)
https://progressivemartialarts.com.au/product/inosanto-2013-dumog/	200	product	PRODUCT	KEEP	https://progressivemartialarts.com.au/product/inosanto-2013-dumog/	indexable	13	45	https://progressivemartialarts.com.au/product/inosanto-2013-dumog/		archive-vs-active split needs order data (phase: commerce)
https://progressivemartialarts.com.au/product/inosanto-2013-legends-8-dvd-set/	200	product	PRODUCT	KEEP	https://progressivemartialarts.com.au/product/inosanto-2013-legends-8-dvd-set/	indexable	11	50	https://progressivemartialarts.com.au/product/inosanto-2013-legends-8-dvd-set/		archive-vs-active split needs order data (phase: commerce)
https://progressivemartialarts.com.au/product/inosanto-2013-mixed-silat-training-camp-8-dvd-set/	200	product	PRODUCT	KEEP	https://progressivemartialarts.com.au/product/inosanto-2013-mixed-silat-training-camp-8-dvd-set/	indexable	18	48	https://progressivemartialarts.com.au/product/inosanto-2013-mixed-silat-training-camp-8-dvd-set/		archive-vs-active split needs order data (phase: commerce)
https://progressivemartialarts.com.au/product/inosanto-2013-panantukan/	200	product	PRODUCT	KEEP	https://progressivemartialarts.com.au/product/inosanto-2013-panantukan/	indexable	17	44	https://progressivemartialarts.com.au/product/inosanto-2013-panantukan/		archive-vs-active split needs order data (phase: commerce)
https://progressivemartialarts.com.au/product/inosanto-2014-australia-joint-locking/	200	product	PRODUCT	KEEP	https://progressivemartialarts.com.au/product/inosanto-2014-australia-joint-locking/	indexable	12	35	https://progressivemartialarts.com.au/product/inosanto-2014-australia-joint-locking/		archive-vs-active split needs order data (phase: commerce)
https://progressivemartialarts.com.au/product/inosanto-2014-australia-jun-fan-gung-fu-jkd/	200	product	PRODUCT	KEEP	https://progressivemartialarts.com.au/product/inosanto-2014-australia-jun-fan-gung-fu-jkd/	indexable	10	35	https://progressivemartialarts.com.au/product/inosanto-2014-australia-jun-fan-gung-fu-jkd/		archive-vs-active split needs order data (phase: commerce)
https://progressivemartialarts.com.au/product/inosanto-2014-australia-mma-4-dvd-set/	200	product	PRODUCT	KEEP	https://progressivemartialarts.com.au/product/inosanto-2014-australia-mma-4-dvd-set/	indexable	7	35	https://progressivemartialarts.com.au/product/inosanto-2014-australia-mma-4-dvd-set/		archive-vs-active split needs order data (phase: commerce)
https://progressivemartialarts.com.au/product/inosanto-2014-australia-thai-boxing/	200	product	PRODUCT	KEEP	https://progressivemartialarts.com.au/product/inosanto-2014-australia-thai-boxing/	indexable	1	35	https://progressivemartialarts.com.au/product/inosanto-2014-australia-thai-boxing/		archive-vs-active split needs order data (phase: commerce)
https://progressivemartialarts.com.au/product/inosanto-2014-lacoste-ilustrisimo-inosanto-systems/	200	product	PRODUCT	KEEP	https://progressivemartialarts.com.au/product/inosanto-2014-lacoste-ilustrisimo-inosanto-systems/	indexable	3	38	https://progressivemartialarts.com.au/product/inosanto-2014-lacoste-ilustrisimo-inosanto-systems/		archive-vs-active split needs order data (phase: commerce)
https://progressivemartialarts.com.au/product/inosanto-2014-maphilindo-silat-day-1/	200	product	PRODUCT	KEEP	https://progressivemartialarts.com.au/product/inosanto-2014-maphilindo-silat-day-1/	indexable	1	35	https://progressivemartialarts.com.au/product/inosanto-2014-maphilindo-silat-day-1/		archive-vs-active split needs order data (phase: commerce)
https://progressivemartialarts.com.au/product/inosanto-2014-maphilindo-silat-day-2/	200	product	PRODUCT	KEEP	https://progressivemartialarts.com.au/product/inosanto-2014-maphilindo-silat-day-2/	indexable	1	35	https://progressivemartialarts.com.au/product/inosanto-2014-maphilindo-silat-day-2/		archive-vs-active split needs order data (phase: commerce)
https://progressivemartialarts.com.au/product/inosanto-2014-mixed-silat-training-camp-8-dvd-set/	200	product	PRODUCT	KEEP	https://progressivemartialarts.com.au/product/inosanto-2014-mixed-silat-training-camp-8-dvd-set/	indexable	11	49	https://progressivemartialarts.com.au/product/inosanto-2014-mixed-silat-training-camp-8-dvd-set/		archive-vs-active split needs order data (phase: commerce)
https://progressivemartialarts.com.au/product/inosanto-2014-weaponry-disarms/	200	product	PRODUCT	KEEP	https://progressivemartialarts.com.au/product/inosanto-2014-weaponry-disarms/	indexable	9	41	https://progressivemartialarts.com.au/product/inosanto-2014-weaponry-disarms/		archive-vs-active split needs order data (phase: commerce)
https://progressivemartialarts.com.au/product/inosanto-2015-abecedario-contradas-day-1/	200	product	PRODUCT	KEEP	https://progressivemartialarts.com.au/product/inosanto-2015-abecedario-contradas-day-1/	indexable	9	41	https://progressivemartialarts.com.au/product/inosanto-2015-abecedario-contradas-day-1/		archive-vs-active split needs order data (phase: commerce)
https://progressivemartialarts.com.au/product/inosanto-2015-abecedario-contradas-day-2/	200	product	PRODUCT	KEEP	https://progressivemartialarts.com.au/product/inosanto-2015-abecedario-contradas-day-2/	indexable	5	42	https://progressivemartialarts.com.au/product/inosanto-2015-abecedario-contradas-day-2/		archive-vs-active split needs order data (phase: commerce)
https://progressivemartialarts.com.au/product/inosanto-2015-australia-flexible-weapons/	200	product	PRODUCT	KEEP	https://progressivemartialarts.com.au/product/inosanto-2015-australia-flexible-weapons/	indexable	8	48	https://progressivemartialarts.com.au/product/inosanto-2015-australia-flexible-weapons/		archive-vs-active split needs order data (phase: commerce)
https://progressivemartialarts.com.au/product/inosanto-2015-australia-jun-fan-gung-fu-jkd/	200	product	PRODUCT	KEEP	https://progressivemartialarts.com.au/product/inosanto-2015-australia-jun-fan-gung-fu-jkd/	indexable	1	35	https://progressivemartialarts.com.au/product/inosanto-2015-australia-jun-fan-gung-fu-jkd/		archive-vs-active split needs order data (phase: commerce)
https://progressivemartialarts.com.au/product/inosanto-2015-australia-mixed-arts-3-dvd-set/	200	product	PRODUCT	KEEP	https://progressivemartialarts.com.au/product/inosanto-2015-australia-mixed-arts-3-dvd-set/	indexable	2	35	https://progressivemartialarts.com.au/product/inosanto-2015-australia-mixed-arts-3-dvd-set/		archive-vs-active split needs order data (phase: commerce)
https://progressivemartialarts.com.au/product/inosanto-2015-australia-sensitivity-drills/	200	product	PRODUCT	KEEP	https://progressivemartialarts.com.au/product/inosanto-2015-australia-sensitivity-drills/	indexable	5	43	https://progressivemartialarts.com.au/product/inosanto-2015-australia-sensitivity-drills/		archive-vs-active split needs order data (phase: commerce)
https://progressivemartialarts.com.au/product/inosanto-2015-australia-stick-dagger/	200	product	PRODUCT	KEEP	https://progressivemartialarts.com.au/product/inosanto-2015-australia-stick-dagger/	indexable	3	40	https://progressivemartialarts.com.au/product/inosanto-2015-australia-stick-dagger/		archive-vs-active split needs order data (phase: commerce)
https://progressivemartialarts.com.au/product/inosanto-2015-australia-thai-boxing/	200	product	PRODUCT	KEEP	https://progressivemartialarts.com.au/product/inosanto-2015-australia-thai-boxing/	indexable	8	41	https://progressivemartialarts.com.au/product/inosanto-2015-australia-thai-boxing/		archive-vs-active split needs order data (phase: commerce)
https://progressivemartialarts.com.au/product/inosanto-2015-flexible-weapons-march/	200	product	PRODUCT	KEEP	https://progressivemartialarts.com.au/product/inosanto-2015-flexible-weapons-march/	indexable	5	45	https://progressivemartialarts.com.au/product/inosanto-2015-flexible-weapons-march/		archive-vs-active split needs order data (phase: commerce)
https://progressivemartialarts.com.au/product/inosanto-2015-joint-locking/	200	product	PRODUCT	KEEP	https://progressivemartialarts.com.au/product/inosanto-2015-joint-locking/	indexable	6	40	https://progressivemartialarts.com.au/product/inosanto-2015-joint-locking/		archive-vs-active split needs order data (phase: commerce)
https://progressivemartialarts.com.au/product/inosanto-2015-legends-8-dvd-set/	200	product	PRODUCT	KEEP	https://progressivemartialarts.com.au/product/inosanto-2015-legends-8-dvd-set/	indexable	6	45	https://progressivemartialarts.com.au/product/inosanto-2015-legends-8-dvd-set/		archive-vs-active split needs order data (phase: commerce)
https://progressivemartialarts.com.au/product/inosanto-2015-mixed-silat-training-camp-8-dvd-set/	200	product	PRODUCT	KEEP	https://progressivemartialarts.com.au/product/inosanto-2015-mixed-silat-training-camp-8-dvd-set/	indexable	13	50	https://progressivemartialarts.com.au/product/inosanto-2015-mixed-silat-training-camp-8-dvd-set/		archive-vs-active split needs order data (phase: commerce)
https://progressivemartialarts.com.au/product/inosanto-2016-australia-empty-hand-vs-weapons/	200	product	PRODUCT	KEEP	https://progressivemartialarts.com.au/product/inosanto-2016-australia-empty-hand-vs-weapons/	indexable	5	43	https://progressivemartialarts.com.au/product/inosanto-2016-australia-empty-hand-vs-weapons/		archive-vs-active split needs order data (phase: commerce)
https://progressivemartialarts.com.au/product/inosanto-2016-australia-jun-fan-gung-fu-jkd/	200	product	PRODUCT	KEEP	https://progressivemartialarts.com.au/product/inosanto-2016-australia-jun-fan-gung-fu-jkd/	indexable	1	35	https://progressivemartialarts.com.au/product/inosanto-2016-australia-jun-fan-gung-fu-jkd/		archive-vs-active split needs order data (phase: commerce)
https://progressivemartialarts.com.au/product/inosanto-2016-australia-mixed-arts-day-1-2-disc-set/	200	product	PRODUCT	KEEP	https://progressivemartialarts.com.au/product/inosanto-2016-australia-mixed-arts-day-1-2-disc-set/	indexable	10	50	https://progressivemartialarts.com.au/product/inosanto-2016-australia-mixed-arts-day-1-2-disc-set/		archive-vs-active split needs order data (phase: commerce)
https://progressivemartialarts.com.au/product/inosanto-2016-australia-mixed-arts-day-2-2-disc-set/	200	product	PRODUCT	KEEP	https://progressivemartialarts.com.au/product/inosanto-2016-australia-mixed-arts-day-2-2-disc-set/	indexable	10	50	https://progressivemartialarts.com.au/product/inosanto-2016-australia-mixed-arts-day-2-2-disc-set/		archive-vs-active split needs order data (phase: commerce)
https://progressivemartialarts.com.au/product/inosanto-2016-australia-panantukan-filipino-boxing/	200	product	PRODUCT	KEEP	https://progressivemartialarts.com.au/product/inosanto-2016-australia-panantukan-filipino-boxing/	indexable	5	44	https://progressivemartialarts.com.au/product/inosanto-2016-australia-panantukan-filipino-boxing/		archive-vs-active split needs order data (phase: commerce)
https://progressivemartialarts.com.au/product/inosanto-2016-australia-self-defense/	200	product	PRODUCT	KEEP	https://progressivemartialarts.com.au/product/inosanto-2016-australia-self-defense/	indexable	1	35	https://progressivemartialarts.com.au/product/inosanto-2016-australia-self-defense/		archive-vs-active split needs order data (phase: commerce)
https://progressivemartialarts.com.au/product/inosanto-2016-australia-thai-boxing/	200	product	PRODUCT	KEEP	https://progressivemartialarts.com.au/product/inosanto-2016-australia-thai-boxing/	indexable	1	35	https://progressivemartialarts.com.au/product/inosanto-2016-australia-thai-boxing/		archive-vs-active split needs order data (phase: commerce)
https://progressivemartialarts.com.au/product/inosanto-2016-legends-8-dvd-set/	200	product	PRODUCT	KEEP	https://progressivemartialarts.com.au/product/inosanto-2016-legends-8-dvd-set/	indexable	6	45	https://progressivemartialarts.com.au/product/inosanto-2016-legends-8-dvd-set/		archive-vs-active split needs order data (phase: commerce)
https://progressivemartialarts.com.au/product/inosanto-2016-se-asian-cambodian-kickboxing/	200	product	PRODUCT	KEEP	https://progressivemartialarts.com.au/product/inosanto-2016-se-asian-cambodian-kickboxing/	indexable	5	39	https://progressivemartialarts.com.au/product/inosanto-2016-se-asian-cambodian-kickboxing/		archive-vs-active split needs order data (phase: commerce)
https://progressivemartialarts.com.au/product/inosanto-2016-self-defense-volume-1/	200	product	PRODUCT	KEEP	https://progressivemartialarts.com.au/product/inosanto-2016-self-defense-volume-1/	indexable	1	35	https://progressivemartialarts.com.au/product/inosanto-2016-self-defense-volume-1/		archive-vs-active split needs order data (phase: commerce)
https://progressivemartialarts.com.au/product/inosanto-2017-12-areas-of-kali-area-8-staff-day-1/	200	product	PRODUCT	KEEP	https://progressivemartialarts.com.au/product/inosanto-2017-12-areas-of-kali-area-8-staff-day-1/	indexable	9	46	https://progressivemartialarts.com.au/product/inosanto-2017-12-areas-of-kali-area-8-staff-day-1/		archive-vs-active split needs order data (phase: commerce)
https://progressivemartialarts.com.au/product/inosanto-2017-12-areas-of-kali-area-8-staff-day-2/	200	product	PRODUCT	KEEP	https://progressivemartialarts.com.au/product/inosanto-2017-12-areas-of-kali-area-8-staff-day-2/	indexable	13	45	https://progressivemartialarts.com.au/product/inosanto-2017-12-areas-of-kali-area-8-staff-day-2/		archive-vs-active split needs order data (phase: commerce)
https://progressivemartialarts.com.au/product/inosanto-2017-australia-jun-fan-gung-fu-jkd/	200	product	PRODUCT	KEEP	https://progressivemartialarts.com.au/product/inosanto-2017-australia-jun-fan-gung-fu-jkd/	indexable	6	40	https://progressivemartialarts.com.au/product/inosanto-2017-australia-jun-fan-gung-fu-jkd/		archive-vs-active split needs order data (phase: commerce)
https://progressivemartialarts.com.au/product/inosanto-2017-australia-locks-and-controls/	200	product	PRODUCT	KEEP	https://progressivemartialarts.com.au/product/inosanto-2017-australia-locks-and-controls/	indexable	20	43	https://progressivemartialarts.com.au/product/inosanto-2017-australia-locks-and-controls/		archive-vs-active split needs order data (phase: commerce)
https://progressivemartialarts.com.au/product/inosanto-2017-australia-maphilindo-silat/	200	product	PRODUCT	KEEP	https://progressivemartialarts.com.au/product/inosanto-2017-australia-maphilindo-silat/	indexable	7	47	https://progressivemartialarts.com.au/product/inosanto-2017-australia-maphilindo-silat/		archive-vs-active split needs order data (phase: commerce)
https://progressivemartialarts.com.au/product/inosanto-2017-australia-mixed-arts-day-1/	200	product	PRODUCT	KEEP	https://progressivemartialarts.com.au/product/inosanto-2017-australia-mixed-arts-day-1/	indexable	9	48	https://progressivemartialarts.com.au/product/inosanto-2017-australia-mixed-arts-day-1/		archive-vs-active split needs order data (phase: commerce)
https://progressivemartialarts.com.au/product/inosanto-2017-australia-mixed-arts-day-2/	200	product	PRODUCT	KEEP	https://progressivemartialarts.com.au/product/inosanto-2017-australia-mixed-arts-day-2/	indexable	7	48	https://progressivemartialarts.com.au/product/inosanto-2017-australia-mixed-arts-day-2/		archive-vs-active split needs order data (phase: commerce)
https://progressivemartialarts.com.au/product/inosanto-2017-australia-thai-boxing/	200	product	PRODUCT	KEEP	https://progressivemartialarts.com.au/product/inosanto-2017-australia-thai-boxing/	indexable	6	42	https://progressivemartialarts.com.au/product/inosanto-2017-australia-thai-boxing/		archive-vs-active split needs order data (phase: commerce)
https://progressivemartialarts.com.au/product/inosanto-2017-australia-weaponry-disarms/	200	product	PRODUCT	KEEP	https://progressivemartialarts.com.au/product/inosanto-2017-australia-weaponry-disarms/	indexable	8	46	https://progressivemartialarts.com.au/product/inosanto-2017-australia-weaponry-disarms/		archive-vs-active split needs order data (phase: commerce)
https://progressivemartialarts.com.au/product/inosanto-2017-sarong-malong/	200	product	PRODUCT	KEEP	https://progressivemartialarts.com.au/product/inosanto-2017-sarong-malong/	indexable	5	45	https://progressivemartialarts.com.au/product/inosanto-2017-sarong-malong/		archive-vs-active split needs order data (phase: commerce)
https://progressivemartialarts.com.au/product/inosanto-2017-stick-dagger-tie-ups-counters/	200	product	PRODUCT	KEEP	https://progressivemartialarts.com.au/product/inosanto-2017-stick-dagger-tie-ups-counters/	indexable	5	40	https://progressivemartialarts.com.au/product/inosanto-2017-stick-dagger-tie-ups-counters/		archive-vs-active split needs order data (phase: commerce)
https://progressivemartialarts.com.au/product/inosanto-2018-australia-jun-fan-gung-fu-jkd/	200	product	PRODUCT	KEEP	https://progressivemartialarts.com.au/product/inosanto-2018-australia-jun-fan-gung-fu-jkd/	indexable	6	44	https://progressivemartialarts.com.au/product/inosanto-2018-australia-jun-fan-gung-fu-jkd/		archive-vs-active split needs order data (phase: commerce)
https://progressivemartialarts.com.au/product/inosanto-2018-australia-locks-and-controls/	200	product	PRODUCT	KEEP	https://progressivemartialarts.com.au/product/inosanto-2018-australia-locks-and-controls/	indexable	7	40	https://progressivemartialarts.com.au/product/inosanto-2018-australia-locks-and-controls/		archive-vs-active split needs order data (phase: commerce)
https://progressivemartialarts.com.au/product/inosanto-2018-australia-mixed-arts-day-1-2-disc-set/	200	product	PRODUCT	KEEP	https://progressivemartialarts.com.au/product/inosanto-2018-australia-mixed-arts-day-1-2-disc-set/	indexable	13	53	https://progressivemartialarts.com.au/product/inosanto-2018-australia-mixed-arts-day-1-2-disc-set/		archive-vs-active split needs order data (phase: commerce)
https://progressivemartialarts.com.au/product/inosanto-2018-australia-mixed-arts-day-2-2-disc-set/	200	product	PRODUCT	KEEP	https://progressivemartialarts.com.au/product/inosanto-2018-australia-mixed-arts-day-2-2-disc-set/	indexable	10	53	https://progressivemartialarts.com.au/product/inosanto-2018-australia-mixed-arts-day-2-2-disc-set/		archive-vs-active split needs order data (phase: commerce)
https://progressivemartialarts.com.au/product/inosanto-2018-australia-thai-boxing/	200	product	PRODUCT	KEEP	https://progressivemartialarts.com.au/product/inosanto-2018-australia-thai-boxing/	indexable	5	41	https://progressivemartialarts.com.au/product/inosanto-2018-australia-thai-boxing/		archive-vs-active split needs order data (phase: commerce)
https://progressivemartialarts.com.au/product/inosanto-2018-mixed-silat/	200	product	PRODUCT	KEEP	https://progressivemartialarts.com.au/product/inosanto-2018-mixed-silat/	indexable	6	47	https://progressivemartialarts.com.au/product/inosanto-2018-mixed-silat/		archive-vs-active split needs order data (phase: commerce)
https://progressivemartialarts.com.au/product/inosanto-2018-weaponry/	200	product	PRODUCT	KEEP	https://progressivemartialarts.com.au/product/inosanto-2018-weaponry/	indexable	6	48	https://progressivemartialarts.com.au/product/inosanto-2018-weaponry/		archive-vs-active split needs order data (phase: commerce)
https://progressivemartialarts.com.au/product/inosanto-2019-australia-flexible-weapons/	200	product	PRODUCT	KEEP	https://progressivemartialarts.com.au/product/inosanto-2019-australia-flexible-weapons/	indexable	2	43	https://progressivemartialarts.com.au/product/inosanto-2019-australia-flexible-weapons/		archive-vs-active split needs order data (phase: commerce)
https://progressivemartialarts.com.au/product/inosanto-2019-australia-locks-and-controls/	200	product	PRODUCT	KEEP	https://progressivemartialarts.com.au/product/inosanto-2019-australia-locks-and-controls/	indexable	5	54	https://progressivemartialarts.com.au/product/inosanto-2019-australia-locks-and-controls/		archive-vs-active split needs order data (phase: commerce)
https://progressivemartialarts.com.au/product/inosanto-2019-australia-weaponry/	200	product	PRODUCT	KEEP	https://progressivemartialarts.com.au/product/inosanto-2019-australia-weaponry/	indexable	11	48	https://progressivemartialarts.com.au/product/inosanto-2019-australia-weaponry/		archive-vs-active split needs order data (phase: commerce)
https://progressivemartialarts.com.au/product/inosanto-2019-jun-fan-gung-fu-jkd/	200	product	PRODUCT	KEEP	https://progressivemartialarts.com.au/product/inosanto-2019-jun-fan-gung-fu-jkd/	indexable	5	44	https://progressivemartialarts.com.au/product/inosanto-2019-jun-fan-gung-fu-jkd/		archive-vs-active split needs order data (phase: commerce)
https://progressivemartialarts.com.au/product/inosanto-2023-australia-jun-fan-gung-fu-jkd/	200	product	PRODUCT	KEEP	https://progressivemartialarts.com.au/product/inosanto-2023-australia-jun-fan-gung-fu-jkd/	indexable	4	42	https://progressivemartialarts.com.au/product/inosanto-2023-australia-jun-fan-gung-fu-jkd/		archive-vs-active split needs order data (phase: commerce)
https://progressivemartialarts.com.au/product/inosanto-2023-australia-locks-and-controls/	200	product	PRODUCT	KEEP	https://progressivemartialarts.com.au/product/inosanto-2023-australia-locks-and-controls/	indexable	6	53	https://progressivemartialarts.com.au/product/inosanto-2023-australia-locks-and-controls/		archive-vs-active split needs order data (phase: commerce)
https://progressivemartialarts.com.au/product/inosanto-2023-australia-mixed-arts-day-2/	200	product	PRODUCT	KEEP	https://progressivemartialarts.com.au/product/inosanto-2023-australia-mixed-arts-day-2/	indexable	15	60	https://progressivemartialarts.com.au/product/inosanto-2023-australia-mixed-arts-day-2/		archive-vs-active split needs order data (phase: commerce)
https://progressivemartialarts.com.au/product/inosanto-2023-australia-silat/	200	product	PRODUCT	KEEP	https://progressivemartialarts.com.au/product/inosanto-2023-australia-silat/	indexable	3	44	https://progressivemartialarts.com.au/product/inosanto-2023-australia-silat/		archive-vs-active split needs order data (phase: commerce)
https://progressivemartialarts.com.au/product/inosanto-2023-australia-thai-boxing/	200	product	PRODUCT	KEEP	https://progressivemartialarts.com.au/product/inosanto-2023-australia-thai-boxing/	indexable	5	41	https://progressivemartialarts.com.au/product/inosanto-2023-australia-thai-boxing/		archive-vs-active split needs order data (phase: commerce)
https://progressivemartialarts.com.au/product/inosanto-2023-krabi-krabong-seama-day-1/	200	product	PRODUCT	KEEP	https://progressivemartialarts.com.au/product/inosanto-2023-krabi-krabong-seama-day-1/	indexable	4	56	https://progressivemartialarts.com.au/product/inosanto-2023-krabi-krabong-seama-day-1/		archive-vs-active split needs order data (phase: commerce)
https://progressivemartialarts.com.au/product/inosanto-2023-krabi-krabong-seama-day-2/	200	product	PRODUCT	KEEP	https://progressivemartialarts.com.au/product/inosanto-2023-krabi-krabong-seama-day-2/	indexable	3	49	https://progressivemartialarts.com.au/product/inosanto-2023-krabi-krabong-seama-day-2/		archive-vs-active split needs order data (phase: commerce)
https://progressivemartialarts.com.au/product/inosanto-2024-legends-8-dvd-set/	200	product	PRODUCT	KEEP	https://progressivemartialarts.com.au/product/inosanto-2024-legends-8-dvd-set/	indexable	7	51	https://progressivemartialarts.com.au/product/inosanto-2024-legends-8-dvd-set/		archive-vs-active split needs order data (phase: commerce)
https://progressivemartialarts.com.au/product/inosanto-academy-rattan-kali-sticks-1-pair/	200	product	PRODUCT	KEEP	https://progressivemartialarts.com.au/product/inosanto-academy-rattan-kali-sticks-1-pair/	indexable	9	43	https://progressivemartialarts.com.au/product/inosanto-academy-rattan-kali-sticks-1-pair/		archive-vs-active split needs order data (phase: commerce)
https://progressivemartialarts.com.au/product/inosanto-academy-windbreaker-jacket/	200	product	PRODUCT	KEEP	https://progressivemartialarts.com.au/product/inosanto-academy-windbreaker-jacket/	indexable	17	47	https://progressivemartialarts.com.au/product/inosanto-academy-windbreaker-jacket/		archive-vs-active split needs order data (phase: commerce)
https://progressivemartialarts.com.au/product/inosanto-collector-series-training-in-the-martial-arts-3-dvd-set/	200	product	PRODUCT	KEEP	https://progressivemartialarts.com.au/product/inosanto-collector-series-training-in-the-martial-arts-3-dvd-set/	indexable	3	49	https://progressivemartialarts.com.au/product/inosanto-collector-series-training-in-the-martial-arts-3-dvd-set/		archive-vs-active split needs order data (phase: commerce)
https://progressivemartialarts.com.au/product/inosanto-definitive-collection-5-dvd-set/	200	product	PRODUCT	KEEP	https://progressivemartialarts.com.au/product/inosanto-definitive-collection-5-dvd-set/	indexable	2	40	https://progressivemartialarts.com.au/product/inosanto-definitive-collection-5-dvd-set/		archive-vs-active split needs order data (phase: commerce)
https://progressivemartialarts.com.au/product/inosanto-definitive-collection-9-dvd-set/	200	product	PRODUCT	KEEP	https://progressivemartialarts.com.au/product/inosanto-definitive-collection-9-dvd-set/	indexable	12	66	https://progressivemartialarts.com.au/product/inosanto-definitive-collection-9-dvd-set/		archive-vs-active split needs order data (phase: commerce)
https://progressivemartialarts.com.au/product/inosanto-definitive-collection-volume-1-jun-fan-kickboxing/	200	product	PRODUCT	KEEP	https://progressivemartialarts.com.au/product/inosanto-definitive-collection-volume-1-jun-fan-kickboxing/	indexable	4	41	https://progressivemartialarts.com.au/product/inosanto-definitive-collection-volume-1-jun-fan-kickboxing/		archive-vs-active split needs order data (phase: commerce)
https://progressivemartialarts.com.au/product/inosanto-definitive-collection-volume-2-jun-fan-trapping/	200	product	PRODUCT	KEEP	https://progressivemartialarts.com.au/product/inosanto-definitive-collection-volume-2-jun-fan-trapping/	indexable	6	41	https://progressivemartialarts.com.au/product/inosanto-definitive-collection-volume-2-jun-fan-trapping/		archive-vs-active split needs order data (phase: commerce)
https://progressivemartialarts.com.au/product/inosanto-definitive-collection-volume-3-jun-fan-grappling/	200	product	PRODUCT	KEEP	https://progressivemartialarts.com.au/product/inosanto-definitive-collection-volume-3-jun-fan-grappling/	indexable	4	41	https://progressivemartialarts.com.au/product/inosanto-definitive-collection-volume-3-jun-fan-grappling/		archive-vs-active split needs order data (phase: commerce)
https://progressivemartialarts.com.au/product/inosanto-definitive-collection-volume-4-panantukan/	200	product	PRODUCT	KEEP	https://progressivemartialarts.com.au/product/inosanto-definitive-collection-volume-4-panantukan/	indexable	2	42	https://progressivemartialarts.com.au/product/inosanto-definitive-collection-volume-4-panantukan/		archive-vs-active split needs order data (phase: commerce)
https://progressivemartialarts.com.au/product/inosanto-definitive-collection-volume-5-dumog/	200	product	PRODUCT	KEEP	https://progressivemartialarts.com.au/product/inosanto-definitive-collection-volume-5-dumog/	indexable	2	42	https://progressivemartialarts.com.au/product/inosanto-definitive-collection-volume-5-dumog/		archive-vs-active split needs order data (phase: commerce)
https://progressivemartialarts.com.au/product/inosanto-definitive-collection-volume-6-single-stick/	200	product	PRODUCT	KEEP	https://progressivemartialarts.com.au/product/inosanto-definitive-collection-volume-6-single-stick/	indexable	2	42	https://progressivemartialarts.com.au/product/inosanto-definitive-collection-volume-6-single-stick/		archive-vs-active split needs order data (phase: commerce)
https://progressivemartialarts.com.au/product/inosanto-definitive-collection-volume-7-stick-and-dagger/	200	product	PRODUCT	KEEP	https://progressivemartialarts.com.au/product/inosanto-definitive-collection-volume-7-stick-and-dagger/	indexable	2	46	https://progressivemartialarts.com.au/product/inosanto-definitive-collection-volume-7-stick-and-dagger/		archive-vs-active split needs order data (phase: commerce)
https://progressivemartialarts.com.au/product/inosanto-definitive-collection-volume-8-edged-weapons-defense-1/	200	product	PRODUCT	KEEP	https://progressivemartialarts.com.au/product/inosanto-definitive-collection-volume-8-edged-weapons-defense-1/	indexable	2	45	https://progressivemartialarts.com.au/product/inosanto-definitive-collection-volume-8-edged-weapons-defense-1/		archive-vs-active split needs order data (phase: commerce)
https://progressivemartialarts.com.au/product/inosanto-definitive-collection-volume-9-edged-weapons-defense-2/	200	product	PRODUCT	KEEP	https://progressivemartialarts.com.au/product/inosanto-definitive-collection-volume-9-edged-weapons-defense-2/	indexable	2	45	https://progressivemartialarts.com.au/product/inosanto-definitive-collection-volume-9-edged-weapons-defense-2/		archive-vs-active split needs order data (phase: commerce)
https://progressivemartialarts.com.au/product/jean-jacques-machado-seminar-brisbane-april-23-26-2026/	404	product	PRODUCT	KEEP		n/a	2	0	https://progressivemartialarts.com.au/product/jean-jacques-machado-seminar-brisbane-april-23-26-2026/		archive-vs-active split needs order data (phase: commerce)
https://progressivemartialarts.com.au/product/journal-of-the-unknown-soldier-michael-wise/	200	product	PRODUCT	KEEP	https://progressivemartialarts.com.au/product/journal-of-the-unknown-soldier-michael-wise/	indexable	4	33	https://progressivemartialarts.com.au/product/journal-of-the-unknown-soldier-michael-wise/		archive-vs-active split needs order data (phase: commerce)
https://progressivemartialarts.com.au/product/kick-shield-dummy-for-self-defense-punch-brand/	200	product	PRODUCT	KEEP	https://progressivemartialarts.com.au/product/kick-shield-dummy-for-self-defense-punch-brand/	indexable	8	40	https://progressivemartialarts.com.au/product/kick-shield-dummy-for-self-defense-punch-brand/		archive-vs-active split needs order data (phase: commerce)
https://progressivemartialarts.com.au/product/lameco-hand-guard-priced-individually/	200	product	PRODUCT	KEEP	https://progressivemartialarts.com.au/product/lameco-hand-guard-priced-individually/	indexable	8	43	https://progressivemartialarts.com.au/product/lameco-hand-guard-priced-individually/		archive-vs-active split needs order data (phase: commerce)
https://progressivemartialarts.com.au/product/large-spattered-knives/	200	product	PRODUCT	KEEP	https://progressivemartialarts.com.au/product/large-spattered-knives/	indexable	16	49	https://progressivemartialarts.com.au/product/large-spattered-knives/		archive-vs-active split needs order data (phase: commerce)
https://progressivemartialarts.com.au/product/long-pants-progressive-martial-arts/	200	product	PRODUCT	KEEP	https://progressivemartialarts.com.au/product/long-pants-progressive-martial-arts/	indexable	17	38	https://progressivemartialarts.com.au/product/long-pants-progressive-martial-arts/		archive-vs-active split needs order data (phase: commerce)
https://progressivemartialarts.com.au/product/long-sleeve-absorb-what-is-useful-baseball-shirt-black-gray/	200	product	PRODUCT	KEEP	https://progressivemartialarts.com.au/product/long-sleeve-absorb-what-is-useful-baseball-shirt-black-gray/	indexable	16	39	https://progressivemartialarts.com.au/product/long-sleeve-absorb-what-is-useful-baseball-shirt-black-gray/		archive-vs-active split needs order data (phase: commerce)
https://progressivemartialarts.com.au/product/long-sleeve-absorb-what-is-useful-baseball-shirt-blue-gold/	200	product	PRODUCT	KEEP	https://progressivemartialarts.com.au/product/long-sleeve-absorb-what-is-useful-baseball-shirt-blue-gold/	indexable	11	40	https://progressivemartialarts.com.au/product/long-sleeve-absorb-what-is-useful-baseball-shirt-blue-gold/		archive-vs-active split needs order data (phase: commerce)
https://progressivemartialarts.com.au/product/long-sleeve-inosanto-academy-sport-tek-members-baseball-jersey/	200	product	PRODUCT	KEEP	https://progressivemartialarts.com.au/product/long-sleeve-inosanto-academy-sport-tek-members-baseball-jersey/	indexable	9	50	https://progressivemartialarts.com.au/product/long-sleeve-inosanto-academy-sport-tek-members-baseball-jersey/		archive-vs-active split needs order data (phase: commerce)
https://progressivemartialarts.com.au/product/machado-5-machado-brothers-seminar-4-dvd-set/	200	product	PRODUCT	KEEP	https://progressivemartialarts.com.au/product/machado-5-machado-brothers-seminar-4-dvd-set/	indexable	10	42	https://progressivemartialarts.com.au/product/machado-5-machado-brothers-seminar-4-dvd-set/		archive-vs-active split needs order data (phase: commerce)
https://progressivemartialarts.com.au/product/martial-arts-masters-3-dvd-set/	200	product	PRODUCT	KEEP	https://progressivemartialarts.com.au/product/martial-arts-masters-3-dvd-set/	indexable	9	48	https://progressivemartialarts.com.au/product/martial-arts-masters-3-dvd-set/		archive-vs-active split needs order data (phase: commerce)
https://progressivemartialarts.com.au/product/padded-knife-small/	200	product	PRODUCT	KEEP	https://progressivemartialarts.com.au/product/padded-knife-small/	indexable	10	47	https://progressivemartialarts.com.au/product/padded-knife-small/		archive-vs-active split needs order data (phase: commerce)
https://progressivemartialarts.com.au/product/padded-sticks-lameco-brand/	200	product	PRODUCT	KEEP	https://progressivemartialarts.com.au/product/padded-sticks-lameco-brand/	indexable	9	38	https://progressivemartialarts.com.au/product/padded-sticks-lameco-brand/		archive-vs-active split needs order data (phase: commerce)
https://progressivemartialarts.com.au/product/punch-deluxe-thai-style-anklets/	200	product	PRODUCT	KEEP	https://progressivemartialarts.com.au/product/punch-deluxe-thai-style-anklets/	indexable	5	35	https://progressivemartialarts.com.au/product/punch-deluxe-thai-style-anklets/		archive-vs-active split needs order data (phase: commerce)
https://progressivemartialarts.com.au/product/rash-guard-inosanto-academy-long-sleeve/	200	product	PRODUCT	KEEP	https://progressivemartialarts.com.au/product/rash-guard-inosanto-academy-long-sleeve/	indexable	24	46	https://progressivemartialarts.com.au/product/rash-guard-inosanto-academy-long-sleeve/		archive-vs-active split needs order data (phase: commerce)
https://progressivemartialarts.com.au/product/rash-guard-inosanto-academy-short-sleeve/	200	product	PRODUCT	KEEP	https://progressivemartialarts.com.au/product/rash-guard-inosanto-academy-short-sleeve/	indexable	25	46	https://progressivemartialarts.com.au/product/rash-guard-inosanto-academy-short-sleeve/		archive-vs-active split needs order data (phase: commerce)
https://progressivemartialarts.com.au/product/rash-guard-jean-jacques-machado-short-sleeve/	200	product	PRODUCT	KEEP	https://progressivemartialarts.com.au/product/rash-guard-jean-jacques-machado-short-sleeve/	indexable	19	46	https://progressivemartialarts.com.au/product/rash-guard-jean-jacques-machado-short-sleeve/		archive-vs-active split needs order data (phase: commerce)
https://progressivemartialarts.com.au/product/revgear-shorts/	200	product	PRODUCT	KEEP	https://progressivemartialarts.com.au/product/revgear-shorts/	indexable	2	42	https://progressivemartialarts.com.au/product/revgear-shorts/		archive-vs-active split needs order data (phase: commerce)
https://progressivemartialarts.com.au/product/sharkee-open-folder-plastic-training-knife/	200	product	PRODUCT	KEEP	https://progressivemartialarts.com.au/product/sharkee-open-folder-plastic-training-knife/	indexable	20	35	https://progressivemartialarts.com.au/product/sharkee-open-folder-plastic-training-knife/		archive-vs-active split needs order data (phase: commerce)
https://progressivemartialarts.com.au/product/sharkee-plastic-sparring-dagger/	200	product	PRODUCT	KEEP	https://progressivemartialarts.com.au/product/sharkee-plastic-sparring-dagger/	indexable	13	41	https://progressivemartialarts.com.au/product/sharkee-plastic-sparring-dagger/		archive-vs-active split needs order data (phase: commerce)
https://progressivemartialarts.com.au/product/shorts-inosanto-academy-black-with-gold-logo/	200	product	PRODUCT	KEEP	https://progressivemartialarts.com.au/product/shorts-inosanto-academy-black-with-gold-logo/	indexable	14	44	https://progressivemartialarts.com.au/product/shorts-inosanto-academy-black-with-gold-logo/		archive-vs-active split needs order data (phase: commerce)
https://progressivemartialarts.com.au/product/shorts-inosanto-academy-black-with-red-and-gold-logo/	200	product	PRODUCT	KEEP	https://progressivemartialarts.com.au/product/shorts-inosanto-academy-black-with-red-and-gold-logo/	indexable	10	42	https://progressivemartialarts.com.au/product/shorts-inosanto-academy-black-with-red-and-gold-logo/		archive-vs-active split needs order data (phase: commerce)
https://progressivemartialarts.com.au/product/shorts-inosanto-academy-black-with-white-logo/	200	product	PRODUCT	KEEP	https://progressivemartialarts.com.au/product/shorts-inosanto-academy-black-with-white-logo/	indexable	5	39	https://progressivemartialarts.com.au/product/shorts-inosanto-academy-black-with-white-logo/		archive-vs-active split needs order data (phase: commerce)
https://progressivemartialarts.com.au/product/shorts-inosanto-academy-board-shorts/	200	product	PRODUCT	KEEP	https://progressivemartialarts.com.au/product/shorts-inosanto-academy-board-shorts/	indexable	4	37	https://progressivemartialarts.com.au/product/shorts-inosanto-academy-board-shorts/		archive-vs-active split needs order data (phase: commerce)
https://progressivemartialarts.com.au/product/shorts-thai-boxing-association-classic-logo/	200	product	PRODUCT	KEEP	https://progressivemartialarts.com.au/product/shorts-thai-boxing-association-classic-logo/	indexable	8	39	https://progressivemartialarts.com.au/product/shorts-thai-boxing-association-classic-logo/		archive-vs-active split needs order data (phase: commerce)
https://progressivemartialarts.com.au/product/shorts-thai-boxing-shorts-revgear-various-colours/	200	product	PRODUCT	KEEP	https://progressivemartialarts.com.au/product/shorts-thai-boxing-shorts-revgear-various-colours/	indexable	13	41	https://progressivemartialarts.com.au/product/shorts-thai-boxing-shorts-revgear-various-colours/		archive-vs-active split needs order data (phase: commerce)
https://progressivemartialarts.com.au/product/sifu-francis-fong-2014-train-with-the-masters/	200	product	PRODUCT	KEEP	https://progressivemartialarts.com.au/product/sifu-francis-fong-2014-train-with-the-masters/	indexable	7	36	https://progressivemartialarts.com.au/product/sifu-francis-fong-2014-train-with-the-masters/		archive-vs-active split needs order data (phase: commerce)
https://progressivemartialarts.com.au/product/sifu-francis-fong-australia-seminars-november-2026/	200	product	PRODUCT	KEEP	https://progressivemartialarts.com.au/product/sifu-francis-fong-australia-seminars-november-2026/	indexable	9	37	https://progressivemartialarts.com.au/product/sifu-francis-fong-australia-seminars-november-2026/		archive-vs-active split needs order data (phase: commerce)
https://progressivemartialarts.com.au/product/sifu-francis-fong-wing-chun-for-mma/	200	product	PRODUCT	KEEP	https://progressivemartialarts.com.au/product/sifu-francis-fong-wing-chun-for-mma/	indexable	21	38	https://progressivemartialarts.com.au/product/sifu-francis-fong-wing-chun-for-mma/		archive-vs-active split needs order data (phase: commerce)
https://progressivemartialarts.com.au/product/singlet-guro-dan-inosanto-australian-tour-2016/	200	product	PRODUCT	KEEP	https://progressivemartialarts.com.au/product/singlet-guro-dan-inosanto-australian-tour-2016/	indexable	15	40	https://progressivemartialarts.com.au/product/singlet-guro-dan-inosanto-australian-tour-2016/		archive-vs-active split needs order data (phase: commerce)
https://progressivemartialarts.com.au/product/singlet-guro-dan-inosanto-australian-tour-2019/	200	product	PRODUCT	KEEP	https://progressivemartialarts.com.au/product/singlet-guro-dan-inosanto-australian-tour-2019/	indexable	3	52	https://progressivemartialarts.com.au/product/singlet-guro-dan-inosanto-australian-tour-2019/		archive-vs-active split needs order data (phase: commerce)
https://progressivemartialarts.com.au/product/singlet-inosanto-academy-12-spot/	200	product	PRODUCT	KEEP	https://progressivemartialarts.com.au/product/singlet-inosanto-academy-12-spot/	indexable	4	55	https://progressivemartialarts.com.au/product/singlet-inosanto-academy-12-spot/		archive-vs-active split needs order data (phase: commerce)
https://progressivemartialarts.com.au/product/singlet-inosanto-academy-absorb-what-is-useful/	200	product	PRODUCT	KEEP	https://progressivemartialarts.com.au/product/singlet-inosanto-academy-absorb-what-is-useful/	indexable	14	41	https://progressivemartialarts.com.au/product/singlet-inosanto-academy-absorb-what-is-useful/		archive-vs-active split needs order data (phase: commerce)
https://progressivemartialarts.com.au/product/singlet-inosanto-academy-kali/	200	product	PRODUCT	KEEP	https://progressivemartialarts.com.au/product/singlet-inosanto-academy-kali/	indexable	11	44	https://progressivemartialarts.com.au/product/singlet-inosanto-academy-kali/		archive-vs-active split needs order data (phase: commerce)
https://progressivemartialarts.com.au/product/singlet-inosanto-academy-lacoste-inosanto-weapons/	200	product	PRODUCT	KEEP	https://progressivemartialarts.com.au/product/singlet-inosanto-academy-lacoste-inosanto-weapons/	indexable	6	47	https://progressivemartialarts.com.au/product/singlet-inosanto-academy-lacoste-inosanto-weapons/		archive-vs-active split needs order data (phase: commerce)
https://progressivemartialarts.com.au/product/singlet-inosanto-academy-ladies-racerback/	200	product	PRODUCT	KEEP	https://progressivemartialarts.com.au/product/singlet-inosanto-academy-ladies-racerback/	indexable	5	47	https://progressivemartialarts.com.au/product/singlet-inosanto-academy-ladies-racerback/		archive-vs-active split needs order data (phase: commerce)
https://progressivemartialarts.com.au/product/singlet-inosanto-academy-ladies-spaghetti-strap-gold/	200	product	PRODUCT	KEEP	https://progressivemartialarts.com.au/product/singlet-inosanto-academy-ladies-spaghetti-strap-gold/	indexable	16	51	https://progressivemartialarts.com.au/product/singlet-inosanto-academy-ladies-spaghetti-strap-gold/		archive-vs-active split needs order data (phase: commerce)
https://progressivemartialarts.com.au/product/singlet-ladies-progressive-martial-arts/	200	product	PRODUCT	KEEP	https://progressivemartialarts.com.au/product/singlet-ladies-progressive-martial-arts/	indexable	6	38	https://progressivemartialarts.com.au/product/singlet-ladies-progressive-martial-arts/		archive-vs-active split needs order data (phase: commerce)
https://progressivemartialarts.com.au/product/singlet-thai-boxing-association-classic/	200	product	PRODUCT	KEEP	https://progressivemartialarts.com.au/product/singlet-thai-boxing-association-classic/	indexable	9	41	https://progressivemartialarts.com.au/product/singlet-thai-boxing-association-classic/		archive-vs-active split needs order data (phase: commerce)
https://progressivemartialarts.com.au/product/spezzano-introduction-to-madjapahit-silat-2-disc-set/	200	product	PRODUCT	KEEP	https://progressivemartialarts.com.au/product/spezzano-introduction-to-madjapahit-silat-2-disc-set/	indexable	3	37	https://progressivemartialarts.com.au/product/spezzano-introduction-to-madjapahit-silat-2-disc-set/		archive-vs-active split needs order data (phase: commerce)
https://progressivemartialarts.com.au/product/spezzano-madjapahit-silat-2/	200	product	PRODUCT	KEEP	https://progressivemartialarts.com.au/product/spezzano-madjapahit-silat-2/	indexable	3	39	https://progressivemartialarts.com.au/product/spezzano-madjapahit-silat-2/		archive-vs-active split needs order data (phase: commerce)
https://progressivemartialarts.com.au/product/stick-bag-inosanto-academy-medium/	200	product	PRODUCT	KEEP	https://progressivemartialarts.com.au/product/stick-bag-inosanto-academy-medium/	indexable	9	42	https://progressivemartialarts.com.au/product/stick-bag-inosanto-academy-medium/		archive-vs-active split needs order data (phase: commerce)
https://progressivemartialarts.com.au/product/stick-bag-inosanto-academy-small/	200	product	PRODUCT	KEEP	https://progressivemartialarts.com.au/product/stick-bag-inosanto-academy-small/	indexable	8	48	https://progressivemartialarts.com.au/product/stick-bag-inosanto-academy-small/		archive-vs-active split needs order data (phase: commerce)
https://progressivemartialarts.com.au/product/sulite-lameco-eskrima-advanced-laban-laro-volume-1/	200	product	PRODUCT	KEEP	https://progressivemartialarts.com.au/product/sulite-lameco-eskrima-advanced-laban-laro-volume-1/	indexable	5	37	https://progressivemartialarts.com.au/product/sulite-lameco-eskrima-advanced-laban-laro-volume-1/		archive-vs-active split needs order data (phase: commerce)
https://progressivemartialarts.com.au/product/sulite-lameco-eskrima-advanced-laban-laro-volume-2/	200	product	PRODUCT	KEEP	https://progressivemartialarts.com.au/product/sulite-lameco-eskrima-advanced-laban-laro-volume-2/	indexable	5	37	https://progressivemartialarts.com.au/product/sulite-lameco-eskrima-advanced-laban-laro-volume-2/		archive-vs-active split needs order data (phase: commerce)
https://progressivemartialarts.com.au/product/sulite-lameco-eskrima-at-the-vortex/	200	product	PRODUCT	KEEP	https://progressivemartialarts.com.au/product/sulite-lameco-eskrima-at-the-vortex/	indexable	5	37	https://progressivemartialarts.com.au/product/sulite-lameco-eskrima-at-the-vortex/		archive-vs-active split needs order data (phase: commerce)
https://progressivemartialarts.com.au/product/sulite-lameco-eskrima-espada-y-daga/	200	product	PRODUCT	KEEP	https://progressivemartialarts.com.au/product/sulite-lameco-eskrima-espada-y-daga/	indexable	5	37	https://progressivemartialarts.com.au/product/sulite-lameco-eskrima-espada-y-daga/		archive-vs-active split needs order data (phase: commerce)
https://progressivemartialarts.com.au/product/sulite-lameco-eskrima-essential-single-stick-skills-volume-1/	200	product	PRODUCT	KEEP	https://progressivemartialarts.com.au/product/sulite-lameco-eskrima-essential-single-stick-skills-volume-1/	indexable	5	37	https://progressivemartialarts.com.au/product/sulite-lameco-eskrima-essential-single-stick-skills-volume-1/		archive-vs-active split needs order data (phase: commerce)
https://progressivemartialarts.com.au/product/sulite-lameco-eskrima-essential-single-stick-skills-volume-2/	200	product	PRODUCT	KEEP	https://progressivemartialarts.com.au/product/sulite-lameco-eskrima-essential-single-stick-skills-volume-2/	indexable	5	37	https://progressivemartialarts.com.au/product/sulite-lameco-eskrima-essential-single-stick-skills-volume-2/		archive-vs-active split needs order data (phase: commerce)
https://progressivemartialarts.com.au/product/sulite-lameco-eskrima-practical-self-defense-volume-1/	200	product	PRODUCT	KEEP	https://progressivemartialarts.com.au/product/sulite-lameco-eskrima-practical-self-defense-volume-1/	indexable	5	37	https://progressivemartialarts.com.au/product/sulite-lameco-eskrima-practical-self-defense-volume-1/		archive-vs-active split needs order data (phase: commerce)
https://progressivemartialarts.com.au/product/sulite-lameco-eskrima-practical-self-defense-volume-2/	200	product	PRODUCT	KEEP	https://progressivemartialarts.com.au/product/sulite-lameco-eskrima-practical-self-defense-volume-2/	indexable	5	37	https://progressivemartialarts.com.au/product/sulite-lameco-eskrima-practical-self-defense-volume-2/		archive-vs-active split needs order data (phase: commerce)
https://progressivemartialarts.com.au/product/sulite-lameco-eskrima-secrets-of-double-stick-fighting-volume-1/	200	product	PRODUCT	KEEP	https://progressivemartialarts.com.au/product/sulite-lameco-eskrima-secrets-of-double-stick-fighting-volume-1/	indexable	5	37	https://progressivemartialarts.com.au/product/sulite-lameco-eskrima-secrets-of-double-stick-fighting-volume-1/		archive-vs-active split needs order data (phase: commerce)
https://progressivemartialarts.com.au/product/sulite-lameco-eskrima-secrets-of-double-stick-fighting-volume-2/	200	product	PRODUCT	KEEP	https://progressivemartialarts.com.au/product/sulite-lameco-eskrima-secrets-of-double-stick-fighting-volume-2/	indexable	5	37	https://progressivemartialarts.com.au/product/sulite-lameco-eskrima-secrets-of-double-stick-fighting-volume-2/		archive-vs-active split needs order data (phase: commerce)
https://progressivemartialarts.com.au/product/suwanda-sarong-system-advanced-techniques-volume-3/	200	product	PRODUCT	KEEP	https://progressivemartialarts.com.au/product/suwanda-sarong-system-advanced-techniques-volume-3/	indexable	5	45	https://progressivemartialarts.com.au/product/suwanda-sarong-system-advanced-techniques-volume-3/		archive-vs-active split needs order data (phase: commerce)
https://progressivemartialarts.com.au/product/sweatpants-inosanto-academy-black-with-gold-logos/	200	product	PRODUCT	KEEP	https://progressivemartialarts.com.au/product/sweatpants-inosanto-academy-black-with-gold-logos/	indexable	12	43	https://progressivemartialarts.com.au/product/sweatpants-inosanto-academy-black-with-gold-logos/		archive-vs-active split needs order data (phase: commerce)
https://progressivemartialarts.com.au/product/sweatpants-inosanto-academy-black-with-red-and-gold-logos/	200	product	PRODUCT	KEEP	https://progressivemartialarts.com.au/product/sweatpants-inosanto-academy-black-with-red-and-gold-logos/	indexable	4	42	https://progressivemartialarts.com.au/product/sweatpants-inosanto-academy-black-with-red-and-gold-logos/		archive-vs-active split needs order data (phase: commerce)
https://progressivemartialarts.com.au/product/sweatpants-inosanto-academy-black-with-red-and-white-logos/	200	product	PRODUCT	KEEP	https://progressivemartialarts.com.au/product/sweatpants-inosanto-academy-black-with-red-and-white-logos/	indexable	4	41	https://progressivemartialarts.com.au/product/sweatpants-inosanto-academy-black-with-red-and-white-logos/		archive-vs-active split needs order data (phase: commerce)
https://progressivemartialarts.com.au/product/sweatpants-thai-boxing-association-classic-logo/	200	product	PRODUCT	KEEP	https://progressivemartialarts.com.au/product/sweatpants-thai-boxing-association-classic-logo/	indexable	7	38	https://progressivemartialarts.com.au/product/sweatpants-thai-boxing-association-classic-logo/		archive-vs-active split needs order data (phase: commerce)
https://progressivemartialarts.com.au/product/t-shirt-15-year-anniversary-train-with-the-legends-2013/	200	product	PRODUCT	KEEP	https://progressivemartialarts.com.au/product/t-shirt-15-year-anniversary-train-with-the-legends-2013/	indexable	15	50	https://progressivemartialarts.com.au/product/t-shirt-15-year-anniversary-train-with-the-legends-2013/		archive-vs-active split needs order data (phase: commerce)
https://progressivemartialarts.com.au/product/t-shirt-guro-dan-inosanto-2016-australian-tour/	200	product	PRODUCT	KEEP	https://progressivemartialarts.com.au/product/t-shirt-guro-dan-inosanto-2016-australian-tour/	indexable	16	53	https://progressivemartialarts.com.au/product/t-shirt-guro-dan-inosanto-2016-australian-tour/		archive-vs-active split needs order data (phase: commerce)
https://progressivemartialarts.com.au/product/t-shirt-guro-dan-inosanto-2019-australian-tour/	200	product	PRODUCT	KEEP	https://progressivemartialarts.com.au/product/t-shirt-guro-dan-inosanto-2019-australian-tour/	indexable	7	54	https://progressivemartialarts.com.au/product/t-shirt-guro-dan-inosanto-2019-australian-tour/		archive-vs-active split needs order data (phase: commerce)
https://progressivemartialarts.com.au/product/t-shirt-inosanto-absorb-what-is-useful/	200	product	PRODUCT	KEEP	https://progressivemartialarts.com.au/product/t-shirt-inosanto-absorb-what-is-useful/	indexable	8	38	https://progressivemartialarts.com.au/product/t-shirt-inosanto-absorb-what-is-useful/		archive-vs-active split needs order data (phase: commerce)
https://progressivemartialarts.com.au/product/t-shirt-inosanto-academy-12-spot/	200	product	PRODUCT	KEEP	https://progressivemartialarts.com.au/product/t-shirt-inosanto-academy-12-spot/	indexable	13	50	https://progressivemartialarts.com.au/product/t-shirt-inosanto-academy-12-spot/		archive-vs-active split needs order data (phase: commerce)
https://progressivemartialarts.com.au/product/t-shirt-inosanto-academy-angel-necklace/	200	product	PRODUCT	KEEP	https://progressivemartialarts.com.au/product/t-shirt-inosanto-academy-angel-necklace/	indexable	9	42	https://progressivemartialarts.com.au/product/t-shirt-inosanto-academy-angel-necklace/		archive-vs-active split needs order data (phase: commerce)
https://progressivemartialarts.com.au/product/t-shirt-inosanto-academy-angel-sash-blue-with-gold/	200	product	PRODUCT	KEEP	https://progressivemartialarts.com.au/product/t-shirt-inosanto-academy-angel-sash-blue-with-gold/	indexable	7	40	https://progressivemartialarts.com.au/product/t-shirt-inosanto-academy-angel-sash-blue-with-gold/		archive-vs-active split needs order data (phase: commerce)
https://progressivemartialarts.com.au/product/t-shirt-inosanto-academy-university-t/	200	product	PRODUCT	KEEP	https://progressivemartialarts.com.au/product/t-shirt-inosanto-academy-university-t/	indexable	6	39	https://progressivemartialarts.com.au/product/t-shirt-inosanto-academy-university-t/		archive-vs-active split needs order data (phase: commerce)
https://progressivemartialarts.com.au/product/t-shirt-inosanto-academy-weapons-of-the-southern-philippines/	200	product	PRODUCT	KEEP	https://progressivemartialarts.com.au/product/t-shirt-inosanto-academy-weapons-of-the-southern-philippines/	indexable	9	42	https://progressivemartialarts.com.au/product/t-shirt-inosanto-academy-weapons-of-the-southern-philippines/		archive-vs-active split needs order data (phase: commerce)
https://progressivemartialarts.com.au/product/t-shirt-inosanto-academy-womens-bella-top/	200	product	PRODUCT	KEEP	https://progressivemartialarts.com.au/product/t-shirt-inosanto-academy-womens-bella-top/	indexable	5	48	https://progressivemartialarts.com.au/product/t-shirt-inosanto-academy-womens-bella-top/		archive-vs-active split needs order data (phase: commerce)
https://progressivemartialarts.com.au/product/t-shirt-inosanto-kali/	200	product	PRODUCT	KEEP	https://progressivemartialarts.com.au/product/t-shirt-inosanto-kali/	indexable	10	40	https://progressivemartialarts.com.au/product/t-shirt-inosanto-kali/		archive-vs-active split needs order data (phase: commerce)
https://progressivemartialarts.com.au/product/t-shirt-jean-jacques-machado-academia-de-jiu-jitsu-2/	200	product	PRODUCT	KEEP	https://progressivemartialarts.com.au/product/t-shirt-jean-jacques-machado-academia-de-jiu-jitsu-2/	indexable	10	43	https://progressivemartialarts.com.au/product/t-shirt-jean-jacques-machado-academia-de-jiu-jitsu-2/		archive-vs-active split needs order data (phase: commerce)
https://progressivemartialarts.com.au/product/t-shirt-jean-jacques-machado-academia-de-jiu-jitsu-small-logo/	200	product	PRODUCT	KEEP	https://progressivemartialarts.com.au/product/t-shirt-jean-jacques-machado-academia-de-jiu-jitsu-small-logo/	indexable	9	36	https://progressivemartialarts.com.au/product/t-shirt-jean-jacques-machado-academia-de-jiu-jitsu-small-logo/		archive-vs-active split needs order data (phase: commerce)
https://progressivemartialarts.com.au/product/t-shirt-lacoste-inosanto-system/	200	product	PRODUCT	KEEP	https://progressivemartialarts.com.au/product/t-shirt-lacoste-inosanto-system/	indexable	4	39	https://progressivemartialarts.com.au/product/t-shirt-lacoste-inosanto-system/		archive-vs-active split needs order data (phase: commerce)
https://progressivemartialarts.com.au/product/t-shirt-mini-muscles/	200	product	PRODUCT	KEEP	https://progressivemartialarts.com.au/product/t-shirt-mini-muscles/	indexable	10	35	https://progressivemartialarts.com.au/product/t-shirt-mini-muscles/		archive-vs-active split needs order data (phase: commerce)
https://progressivemartialarts.com.au/product/t-shirt-progressive-martial-arts/	200	product	PRODUCT	KEEP	https://progressivemartialarts.com.au/product/t-shirt-progressive-martial-arts/	indexable	5	36	https://progressivemartialarts.com.au/product/t-shirt-progressive-martial-arts/		archive-vs-active split needs order data (phase: commerce)
https://progressivemartialarts.com.au/product/t-shirt-thai-boxing-association-classic/	200	product	PRODUCT	KEEP	https://progressivemartialarts.com.au/product/t-shirt-thai-boxing-association-classic/	indexable	11	40	https://progressivemartialarts.com.au/product/t-shirt-thai-boxing-association-classic/		archive-vs-active split needs order data (phase: commerce)
https://progressivemartialarts.com.au/product/t-shirt-world-thai-boxing-association-new/	200	product	PRODUCT	KEEP	https://progressivemartialarts.com.au/product/t-shirt-world-thai-boxing-association-new/	indexable	13	40	https://progressivemartialarts.com.au/product/t-shirt-world-thai-boxing-association-new/		archive-vs-active split needs order data (phase: commerce)
https://progressivemartialarts.com.au/product/thai-pads-curved-punch-brand/	200	product	PRODUCT	KEEP	https://progressivemartialarts.com.au/product/thai-pads-curved-punch-brand/	indexable	11	39	https://progressivemartialarts.com.au/product/thai-pads-curved-punch-brand/		archive-vs-active split needs order data (phase: commerce)
https://progressivemartialarts.com.au/product/the-lord-is-my-shepherd-by-chaplain-michael-wise/	200	product	PRODUCT	KEEP	https://progressivemartialarts.com.au/product/the-lord-is-my-shepherd-by-chaplain-michael-wise/	indexable	6	34	https://progressivemartialarts.com.au/product/the-lord-is-my-shepherd-by-chaplain-michael-wise/		archive-vs-active split needs order data (phase: commerce)
https://progressivemartialarts.com.au/product/the-winning-mindset-jim-brault-and-kevin-seamen/	200	product	PRODUCT	KEEP	https://progressivemartialarts.com.au/product/the-winning-mindset-jim-brault-and-kevin-seamen/	indexable	7	36	https://progressivemartialarts.com.au/product/the-winning-mindset-jim-brault-and-kevin-seamen/		archive-vs-active split needs order data (phase: commerce)
https://progressivemartialarts.com.au/product/towels-progressive-martial-arts-body-towels/	200	product	PRODUCT	KEEP	https://progressivemartialarts.com.au/product/towels-progressive-martial-arts-body-towels/	indexable	6	36	https://progressivemartialarts.com.au/product/towels-progressive-martial-arts-body-towels/		archive-vs-active split needs order data (phase: commerce)
https://progressivemartialarts.com.au/product/towels-progressive-martial-arts-large-bath-towel/	200	product	PRODUCT	KEEP	https://progressivemartialarts.com.au/product/towels-progressive-martial-arts-large-bath-towel/	indexable	8	37	https://progressivemartialarts.com.au/product/towels-progressive-martial-arts-large-bath-towel/		archive-vs-active split needs order data (phase: commerce)
https://progressivemartialarts.com.au/product/viking-shorts/	200	product	PRODUCT	KEEP	https://progressivemartialarts.com.au/product/viking-shorts/	indexable	4	35	https://progressivemartialarts.com.au/product/viking-shorts/		archive-vs-active split needs order data (phase: commerce)
https://progressivemartialarts.com.au/product/womens-yoga-pants/	200	product	PRODUCT	KEEP	https://progressivemartialarts.com.au/product/womens-yoga-pants/	indexable	3	34	https://progressivemartialarts.com.au/product/womens-yoga-pants/		archive-vs-active split needs order data (phase: commerce)
https://progressivemartialarts.com.au/product/wraps-ikat/	200	product	PRODUCT	KEEP	https://progressivemartialarts.com.au/product/wraps-ikat/	indexable	4	47	https://progressivemartialarts.com.au/product/wraps-ikat/		archive-vs-active split needs order data (phase: commerce)
https://progressivemartialarts.com.au/product/wraps-malong/	200	product	PRODUCT	KEEP	https://progressivemartialarts.com.au/product/wraps-malong/	indexable	3	46	https://progressivemartialarts.com.au/product/wraps-malong/		archive-vs-active split needs order data (phase: commerce)
https://progressivemartialarts.com.au/product/wraps-sarong/	200	product	PRODUCT	KEEP	https://progressivemartialarts.com.au/product/wraps-sarong/	indexable	18	48	https://progressivemartialarts.com.au/product/wraps-sarong/		archive-vs-active split needs order data (phase: commerce)
https://progressivemartialarts.com.au/professor-jean-jacques-seminar/	200	upcoming event	EVENT	MODERNISE	https://progressivemartialarts.com.au/professor-jean-jacques-seminar/	indexable	7	32	https://progressivemartialarts.com.au/professor-jean-jacques-seminar/		P0: registration product link 404s — repair before anything else
https://progressivemartialarts.com.au/ranges/	200	reference article	HISTORICAL RECORD	MODERNISE	https://progressivemartialarts.com.au/ranges/	indexable	488	25	https://progressivemartialarts.com.au/ranges/		not a program — remove from Arts We Teach nav; file under About/reference
https://progressivemartialarts.com.au/shop-2/	200	theme demo remnant	-	REMOVE	https://progressivemartialarts.com.au/shop-2/	indexable	0	25		410	never legitimate content
https://progressivemartialarts.com.au/shop/	200	shop root	PRODUCT	MODERNISE	https://progressivemartialarts.com.au/shop/	indexable	488	69	https://progressivemartialarts.com.au/shop/		
https://progressivemartialarts.com.au/shopping-bag/	200	cart/checkout	PRODUCT	KEEP	https://progressivemartialarts.com.au/shopping-bag/	noindex	0	25	https://progressivemartialarts.com.au/shopping-bag/		canonical cart URL (noindex)
https://progressivemartialarts.com.au/sifu-francis/	200	person profile (blog post)	INSTRUCTOR	MODERNISE	https://progressivemartialarts.com.au/sifu-francis/	indexable	4	29	https://progressivemartialarts.com.au/sifu-francis/		person profile lives on a post; re-home under people model, keep URL
https://progressivemartialarts.com.au/silat/	200	program page	PROGRAM	MODERNISE	https://progressivemartialarts.com.au/silat/	indexable	488	26	https://progressivemartialarts.com.au/silat/		URL kept (search equity); template/content modernised; joins /training/ hub
https://progressivemartialarts.com.au/student-photos/	200	event/media gallery	MEDIA	CONSOLIDATE	https://progressivemartialarts.com.au/student-photos/	indexable	488	25	https://progressivemartialarts.com.au/student-photos/		keep URL; leave primary nav; index from a single archive hub
https://progressivemartialarts.com.au/tag/bjj/	200	blog archive	HISTORICAL RECORD	KEEP	https://progressivemartialarts.com.au/tag/bjj/	indexable	1	26	https://progressivemartialarts.com.au/tag/bjj/		
https://progressivemartialarts.com.au/tag/brazilian-jiu-jitsu/	200	blog archive	HISTORICAL RECORD	KEEP	https://progressivemartialarts.com.au/tag/brazilian-jiu-jitsu/	indexable	1	26	https://progressivemartialarts.com.au/tag/brazilian-jiu-jitsu/		
https://progressivemartialarts.com.au/tag/jean-jacques-machado/	200	blog archive	HISTORICAL RECORD	KEEP	https://progressivemartialarts.com.au/tag/jean-jacques-machado/	indexable	1	26	https://progressivemartialarts.com.au/tag/jean-jacques-machado/		
https://progressivemartialarts.com.au/tag/seminar/	200	blog archive	HISTORICAL RECORD	KEEP	https://progressivemartialarts.com.au/tag/seminar/	indexable	1	26	https://progressivemartialarts.com.au/tag/seminar/		
https://progressivemartialarts.com.au/thai-boxing/	200	duplicate program page	PROGRAM	CONSOLIDATE	https://progressivemartialarts.com.au/thai-boxing/	indexable	1	26	https://progressivemartialarts.com.au/muay-thai/	301	legacy duplicate of Muay Thai (verified same discipline; no nav inbound)
https://progressivemartialarts.com.au/this-url-must-404-24826	404	404 probe	-	VERIFY		n/a	0	0			control: hard 404 confirmed
https://progressivemartialarts.com.au/timetable/	200	timetable	TIMETABLE ENTRY	MODERNISE	https://progressivemartialarts.com.au/timetable/	indexable	488	31	https://progressivemartialarts.com.au/timetable/		becomes structured-data view
https://progressivemartialarts.com.au/visiting-student-information/	200	visitor info	ACADEMY	KEEP	https://progressivemartialarts.com.au/visiting-student-information/	indexable	488	37	https://progressivemartialarts.com.au/visiting-student-information/		
