page	asset
https://progressivemartialarts.com.au/	https://fonts.gstatic.com/s/e/notoemoji/17.0/1f494/32.png
https://progressivemartialarts.com.au/	https://fonts.gstatic.com/s/e/notoemoji/17.0/2764_fe0f/32.png
https://progressivemartialarts.com.au/	https://progressivemartialarts.com.au/wp-content/uploads/2022/10/4F34DEB9-4098-47BC-95DC-21AB95BF7C89.jpg
https://progressivemartialarts.com.au/	https://progressivemartialarts.com.au/wp-content/uploads/2022/10/PMA-Slider-new-38-10-scaled-e1783642190592-1024x597.jpg
https://progressivemartialarts.com.au/	https://progressivemartialarts.com.au/wp-content/uploads/2022/10/PMA-logo-2020-11250X60-11.png
https://progressivemartialarts.com.au/	https://progressivemartialarts.com.au/wp-content/uploads/2022/10/PMA-logo-2020-12.png
https://progressivemartialarts.com.au/	https://progressivemartialarts.com.au/wp-content/uploads/2022/10/ps-website-banners6-okc2kxp0q9dna3751nnxtxnxy163wwa4i7qqqaejn4.jpg
https://progressivemartialarts.com.au/	https://progressivemartialarts.com.au/wp-content/uploads/2025/12/Screenshot-2025-12-12-at-10.12.20-AM.png
https://progressivemartialarts.com.au/	https://progressivemartialarts.com.au/wp-content/uploads/2026/03/10000418761.jpg
https://progressivemartialarts.com.au/	https://progressivemartialarts.com.au/wp-content/uploads/2026/03/10000418781.jpg
https://progressivemartialarts.com.au/	https://progressivemartialarts.com.au/wp-content/uploads/2026/03/10000418791.jpg
https://progressivemartialarts.com.au/	https://progressivemartialarts.com.au/wp-content/uploads/2026/04/2026-11-20-Australia-Tour3.1-791x1024.jpeg
https://progressivemartialarts.com.au/	https://progressivemartialarts.com.au/wp-content/uploads/2026/04/2026-11-Sifu-Fong-Australia.1-2-768x994.jpeg
https://progressivemartialarts.com.au/	https://progressivemartialarts.com.au/wp-content/uploads/2026/05/Boxing-Gloves-Morgan-16.jpg
https://progressivemartialarts.com.au/	https://progressivemartialarts.com.au/wp-content/uploads/2026/05/Focus-Mitts-Morgan-600x450.jpg
https://progressivemartialarts.com.au/	https://progressivemartialarts.com.au/wp-content/uploads/2026/05/Focus-Mitts-Punch-600x450.jpg
https://progressivemartialarts.com.au/	https://progressivemartialarts.com.au/wp-content/uploads/2026/06/IMG_4782-600x715.jpg
https://progressivemartialarts.com.au/	https://progressivemartialarts.com.au/wp-content/uploads/2026/06/IMG_4787-600x1065.jpg
https://progressivemartialarts.com.au/	https://progressivemartialarts.com.au/wp-content/uploads/2026/06/Rashguard-Black-wRed-600x450.webp
https://progressivemartialarts.com.au/	https://progressivemartialarts.com.au/wp-content/uploads/2026/08/2015-13-Mixed-Arts-3-disc.1.jpg
https://progressivemartialarts.com.au/	https://progressivemartialarts.com.au/wp-content/uploads/2026/08/fong_DVD_masters.jpg
https://progressivemartialarts.com.au/?s=test	https://progressivemartialarts.com.au/wp-content/uploads/2022/10/121.jpg
https://progressivemartialarts.com.au/?s=test	https://progressivemartialarts.com.au/wp-content/uploads/2022/10/PMA-logo-2020-11250X60-11.png
https://progressivemartialarts.com.au/?s=test	https://progressivemartialarts.com.au/wp-content/uploads/2022/10/PMA-logo-2020-12.png
https://progressivemartialarts.com.au/?s=test	https://progressivemartialarts.com.au/wp-content/uploads/2022/10/Winning-Mindset-Front-683x1024.jpg
https://progressivemartialarts.com.au/?s=test	https://progressivemartialarts.com.au/wp-content/uploads/2026/05/Focus-Mitts-Punch-1024x768.jpg
https://progressivemartialarts.com.au/author/15ef25c842b4a4bf/	https://progressivemartialarts.com.au/wp-content/uploads/2022/10/PMA-logo-2020-11250X60-11.png
https://progressivemartialarts.com.au/author/15ef25c842b4a4bf/	https://progressivemartialarts.com.au/wp-content/uploads/2022/10/PMA-logo-2020-12.png
https://progressivemartialarts.com.au/author/7afa0b863b49dcc6/	https://progressivemartialarts.com.au/wp-content/uploads/2022/10/PMA-logo-2020-11250X60-11.png
https://progressivemartialarts.com.au/author/7afa0b863b49dcc6/	https://progressivemartialarts.com.au/wp-content/uploads/2022/10/PMA-logo-2020-12.png
https://progressivemartialarts.com.au/blog/	https://progressivemartialarts.com.au/wp-content/themes/cherie/assets/css/images/close-big.svg
https://progressivemartialarts.com.au/blog/	https://progressivemartialarts.com.au/wp-content/uploads/2022/10/PMA-logo-2020-11250X60-11.png
https://progressivemartialarts.com.au/blog/	https://progressivemartialarts.com.au/wp-content/uploads/2022/10/PMA-logo-2020-12.png
https://progressivemartialarts.com.au/brand/iama/	https://firstsight.design/cherie/beauty/wp-content/uploads/2020/10/Shopping-Cart.svg
https://progressivemartialarts.com.au/brand/iama/	https://progressivemartialarts.com.au/wp-content/uploads/2022/10/PMA-logo-2020-11250X60-11.png
https://progressivemartialarts.com.au/brand/iama/	https://progressivemartialarts.com.au/wp-content/uploads/2022/10/PMA-logo-2020-12.png
https://progressivemartialarts.com.au/brand/iama/	https://progressivemartialarts.com.au/wp-content/uploads/2022/10/Training-Dagger-02-600x450.jpg
https://progressivemartialarts.com.au/brand/iama/	https://progressivemartialarts.com.au/wp-content/uploads/2022/10/Training-Dagger-03-600x450.jpg
https://progressivemartialarts.com.au/brand/iama/	https://progressivemartialarts.com.au/wp-content/uploads/2022/10/Training-Dagger-06-600x450.jpg
https://progressivemartialarts.com.au/brand/iama/	https://progressivemartialarts.com.au/wp-content/uploads/2022/10/blades-004_360x_a81732c8-99d6-4ee9-beb1-63dc64f0eb9c.jpg
https://progressivemartialarts.com.au/brand/iama/	https://progressivemartialarts.com.au/wp-content/uploads/2022/10/blades_model_005_360x_1034b4bd-bce8-47bc-8e62-b1131184e83e.jpg
https://progressivemartialarts.com.au/brand/iama/	https://progressivemartialarts.com.au/wp-content/uploads/2022/10/dagger-bca_360x_895a535c-d41f-41d7-9faa-afbe3d50093b.jpg
https://progressivemartialarts.com.au/brand/iama/	https://progressivemartialarts.com.au/wp-content/uploads/2022/10/products_training_dagger_360x_22c58b36-189d-43ca-9c01-b4dad2391a20.jpg
https://progressivemartialarts.com.au/brand/iama/	https://progressivemartialarts.com.au/wp-content/uploads/2023/02/3CEADE31-CD6F-4FD8-9D23-7E22BF0C34AB-600x439.jpeg
https://progressivemartialarts.com.au/brand/iama/	https://progressivemartialarts.com.au/wp-content/uploads/2025/08/IMG_9525-2-600x800.jpeg
https://progressivemartialarts.com.au/brand/iama/	https://progressivemartialarts.com.au/wp-content/uploads/2025/08/IMG_9531-2-600x800.jpeg
https://progressivemartialarts.com.au/brand/iama/	https://progressivemartialarts.com.au/wp-content/uploads/2025/08/IMG_9537-2-600x800.jpeg
https://progressivemartialarts.com.au/brand/iama/	https://progressivemartialarts.com.au/wp-content/uploads/2025/08/IMG_9545-2-600x800.jpeg
https://progressivemartialarts.com.au/brand/iama/	https://progressivemartialarts.com.au/wp-content/uploads/2025/08/IMG_9547-2-scaled-e1777422171489-600x800.jpeg
https://progressivemartialarts.com.au/brand/iama/	https://progressivemartialarts.com.au/wp-content/uploads/2025/08/IMG_9554-2-600x800.jpeg
https://progressivemartialarts.com.au/brand/jj-machado/	https://firstsight.design/cherie/beauty/wp-content/uploads/2020/10/Shopping-Cart.svg
https://progressivemartialarts.com.au/brand/jj-machado/	https://progressivemartialarts.com.au/wp-content/uploads/2022/10/121.jpg
https://progressivemartialarts.com.au/brand/jj-machado/	https://progressivemartialarts.com.au/wp-content/uploads/2022/10/PMA-logo-2020-11250X60-11.png
https://progressivemartialarts.com.au/brand/jj-machado/	https://progressivemartialarts.com.au/wp-content/uploads/2022/10/PMA-logo-2020-12.png
https://progressivemartialarts.com.au/brand/jj-machado/	https://progressivemartialarts.com.au/wp-content/uploads/2022/10/dvd_machado_seminar_2008_360x_2ddbd4b2-e664-4ba9-a206-31ae86b47658.jpg
https://progressivemartialarts.com.au/brand/jj-machado/	https://progressivemartialarts.com.au/wp-content/uploads/2023/02/Gi-Blue-wWhite-trim-600x726.jpg
https://progressivemartialarts.com.au/brand/jj-machado/	https://progressivemartialarts.com.au/wp-content/uploads/2025/07/IMG_2212-600x702.jpeg
https://progressivemartialarts.com.au/brand/jj-machado/	https://progressivemartialarts.com.au/wp-content/uploads/2026/06/IMG_4782-600x715.jpg
https://progressivemartialarts.com.au/brand/jj-machado/	https://progressivemartialarts.com.au/wp-content/uploads/2026/06/IMG_4787-600x1065.jpg
https://progressivemartialarts.com.au/brand/jj-machado/	https://progressivemartialarts.com.au/wp-content/uploads/2026/06/Rashguard-Black-wRed-600x450.webp
https://progressivemartialarts.com.au/brand/lameco/	https://firstsight.design/cherie/beauty/wp-content/uploads/2020/10/Shopping-Cart.svg
https://progressivemartialarts.com.au/brand/lameco/	https://progressivemartialarts.com.au/wp-content/uploads/2022/10/PMA-logo-2020-11250X60-11.png
https://progressivemartialarts.com.au/brand/lameco/	https://progressivemartialarts.com.au/wp-content/uploads/2022/10/PMA-logo-2020-12.png
https://progressivemartialarts.com.au/brand/lameco/	https://progressivemartialarts.com.au/wp-content/uploads/2022/10/Padded-Dagger.1-copy-600x129.jpeg
https://progressivemartialarts.com.au/brand/lameco/	https://progressivemartialarts.com.au/wp-content/uploads/2022/10/Padded-Sticks-all-3-600x454.jpg
https://progressivemartialarts.com.au/brand/lameco/	https://progressivemartialarts.com.au/wp-content/uploads/2022/10/laban-laro-01_360x_2a3b2d00-6a71-43fd-8a29-aba6f5d7ee2b.png
https://progressivemartialarts.com.au/brand/lameco/	https://progressivemartialarts.com.au/wp-content/uploads/2022/10/laban-laro-02_360x_d7adccce-35f0-472f-974c-1132eb007a23.png
https://progressivemartialarts.com.au/brand/lameco/	https://progressivemartialarts.com.au/wp-content/uploads/2022/10/lameco-vortex_360x_773f8f2d-fdea-4041-9ec3-dfc76a6b7c8b.png
https://progressivemartialarts.com.au/brand/lameco/	https://progressivemartialarts.com.au/wp-content/uploads/2022/10/sulite-espada-daga_360x_ac5bce2c-f066-4376-adec-8ec221a90339.jpg
https://progressivemartialarts.com.au/brand/lameco/	https://progressivemartialarts.com.au/wp-content/uploads/2022/10/sulite-essential-single-stick-skills-volume-01_360x_228f0228-b181-4957-a820-b46200079345.jpg
https://progressivemartialarts.com.au/brand/lameco/	https://progressivemartialarts.com.au/wp-content/uploads/2022/10/sulite-essential-single-stick-skills-volume-02_360x_fe6ab255-33b9-47a2-9350-2df2b4049a8e.jpg
https://progressivemartialarts.com.au/brand/lameco/	https://progressivemartialarts.com.au/wp-content/uploads/2022/10/sulite-secrets-of-double-stick-fighting-volume-01_360x_7a45745c-f0f3-40cb-9623-f8dabddb2210.jpg
https://progressivemartialarts.com.au/brand/lameco/	https://progressivemartialarts.com.au/wp-content/uploads/2022/10/sulite-secrets-of-double-stick-fighting-volume-02_360x_e7d37162-259a-4b0c-9085-1dd083109841.jpg
https://progressivemartialarts.com.au/brand/lameco/	https://progressivemartialarts.com.au/wp-content/uploads/2022/10/sulite-self-defense-01_360x_18b8bd27-16c7-4f1a-9e0b-42c2299769f0.jpg
https://progressivemartialarts.com.au/brand/lameco/	https://progressivemartialarts.com.au/wp-content/uploads/2023/02/56A36E49-581B-4CC6-BF6C-A19F76266461-600x831.jpeg
https://progressivemartialarts.com.au/brand/lameco/	https://progressivemartialarts.com.au/wp-content/uploads/2023/02/Lameco-Hand-Black-600x552.jpg
https://progressivemartialarts.com.au/brand/lameco/	https://progressivemartialarts.com.au/wp-content/uploads/2026/04/Sulite-Self-Defense-2-600x755.png
https://progressivemartialarts.com.au/brand/morgan/	https://firstsight.design/cherie/beauty/wp-content/uploads/2020/10/Shopping-Cart.svg
https://progressivemartialarts.com.au/brand/morgan/	https://progressivemartialarts.com.au/wp-content/uploads/2022/10/PMA-logo-2020-11250X60-11.png
https://progressivemartialarts.com.au/brand/morgan/	https://progressivemartialarts.com.au/wp-content/uploads/2022/10/PMA-logo-2020-12.png
https://progressivemartialarts.com.au/brand/morgan/	https://progressivemartialarts.com.au/wp-content/uploads/2026/05/Boxing-Gloves-Morgan-16.jpg
https://progressivemartialarts.com.au/brand/morgan/	https://progressivemartialarts.com.au/wp-content/uploads/2026/05/Focus-Mitts-Morgan-600x450.jpg
https://progressivemartialarts.com.au/brand/progressive/	https://firstsight.design/cherie/beauty/wp-content/uploads/2020/10/Shopping-Cart.svg
https://progressivemartialarts.com.au/brand/progressive/	https://progressivemartialarts.com.au/wp-content/uploads/2022/10/2016-australian-tour-singlet-600x600.jpg
https://progressivemartialarts.com.au/brand/progressive/	https://progressivemartialarts.com.au/wp-content/uploads/2022/10/PMA-logo-2020-11250X60-11.png
https://progressivemartialarts.com.au/brand/progressive/	https://progressivemartialarts.com.au/wp-content/uploads/2022/10/PMA-logo-2020-12.png
https://progressivemartialarts.com.au/brand/progressive/	https://progressivemartialarts.com.au/wp-content/uploads/2022/10/Winning-Mindset-Front-600x900.jpg
https://progressivemartialarts.com.au/brand/progressive/	https://progressivemartialarts.com.au/wp-content/uploads/2022/10/image_fb853290-905a-4e9c-9b1c-403ca5c200c6-scaled-1-600x694.jpg
https://progressivemartialarts.com.au/brand/progressive/	https://progressivemartialarts.com.au/wp-content/uploads/2022/10/progressive-martial-arts-gi-pants-1-e1779165833537.jpg
https://progressivemartialarts.com.au/brand/progressive/	https://progressivemartialarts.com.au/wp-content/uploads/2023/02/2C206BDF-C2DA-4A86-8F31-BC8CB37A36E5-600x493.jpeg
https://progressivemartialarts.com.au/brand/progressive/	https://progressivemartialarts.com.au/wp-content/uploads/2023/02/34B25B94-D443-4893-BCB2-AE38065A234A-600x732.jpeg
https://progressivemartialarts.com.au/brand/progressive/	https://progressivemartialarts.com.au/wp-content/uploads/2023/02/6193C777-56C4-46A1-9420-D1B1C6FCFF80.jpeg
https://progressivemartialarts.com.au/brand/progressive/	https://progressivemartialarts.com.au/wp-content/uploads/2023/02/8433F7D5-A92A-45D7-B8AE-845690B90426_1_105_c-600x657.jpeg
https://progressivemartialarts.com.au/brand/progressive/	https://progressivemartialarts.com.au/wp-content/uploads/2023/02/89A24721-180C-42F9-961A-7A81E25A2467_1_105_c-600x707.jpeg
https://progressivemartialarts.com.au/brand/progressive/	https://progressivemartialarts.com.au/wp-content/uploads/2023/02/C5ECE951-DB5E-4594-8C6A-B3E460F94CDD-600x363.jpeg
https://progressivemartialarts.com.au/brand/progressive/	https://progressivemartialarts.com.au/wp-content/uploads/2023/02/IMG2486.jpg.jpg
https://progressivemartialarts.com.au/brand/progressive/	https://progressivemartialarts.com.au/wp-content/uploads/2025/01/IMG_0707.heic
https://progressivemartialarts.com.au/brand/progressive/	https://progressivemartialarts.com.au/wp-content/uploads/2026/04/2026-11-20-Australia-Tour3.1-600x776.jpeg
https://progressivemartialarts.com.au/brand/progressive/	https://progressivemartialarts.com.au/wp-content/uploads/2026/04/2026-11-Sifu-Fong-Australia.1-2-600x776.jpeg
https://progressivemartialarts.com.au/brand/punch/	https://firstsight.design/cherie/beauty/wp-content/uploads/2020/10/Shopping-Cart.svg
https://progressivemartialarts.com.au/brand/punch/	https://progressivemartialarts.com.au/wp-content/uploads/2022/10/PMA-logo-2020-11250X60-11.png
https://progressivemartialarts.com.au/brand/punch/	https://progressivemartialarts.com.au/wp-content/uploads/2022/10/PMA-logo-2020-12.png
https://progressivemartialarts.com.au/brand/punch/	https://progressivemartialarts.com.au/wp-content/uploads/2022/10/Thai-Pads-Punch-Red-600x600.webp
https://progressivemartialarts.com.au/brand/punch/	https://progressivemartialarts.com.au/wp-content/uploads/2022/10/punch-ankle-support.jpg
https://progressivemartialarts.com.au/brand/punch/	https://progressivemartialarts.com.au/wp-content/uploads/2022/10/punch-hand-wraps-e1778715967245.jpg
https://progressivemartialarts.com.au/brand/punch/	https://progressivemartialarts.com.au/wp-content/uploads/2023/08/IMG_2848-scaled-e1778709875184-600x312.jpeg
https://progressivemartialarts.com.au/brand/punch/	https://progressivemartialarts.com.au/wp-content/uploads/2023/08/IMG_2850-scaled-195kb-e1778714894977-600x688.jpg
https://progressivemartialarts.com.au/brand/punch/	https://progressivemartialarts.com.au/wp-content/uploads/2023/08/IMG_2969-scaled-600x948.jpeg
https://progressivemartialarts.com.au/brand/punch/	https://progressivemartialarts.com.au/wp-content/uploads/2023/09/IMG_3024-scaled-600x800.jpeg
https://progressivemartialarts.com.au/brand/punch/	https://progressivemartialarts.com.au/wp-content/uploads/2023/09/IMG_3119-188kb-600x552.jpg
https://progressivemartialarts.com.au/brand/punch/	https://progressivemartialarts.com.au/wp-content/uploads/2024/10/IMG_1249.heic
https://progressivemartialarts.com.au/brand/punch/	https://progressivemartialarts.com.au/wp-content/uploads/2025/04/IMG_1254-600x800.jpg
https://progressivemartialarts.com.au/brand/punch/	https://progressivemartialarts.com.au/wp-content/uploads/2025/04/IMG_1257-600x800.jpg
https://progressivemartialarts.com.au/brand/punch/	https://progressivemartialarts.com.au/wp-content/uploads/2026/05/Focus-Mitts-Punch-600x450.jpg
https://progressivemartialarts.com.au/brand/revgear/	https://firstsight.design/cherie/beauty/wp-content/uploads/2020/10/Shopping-Cart.svg
https://progressivemartialarts.com.au/brand/revgear/	https://progressivemartialarts.com.au/wp-content/uploads/2022/10/PMA-logo-2020-11250X60-11.png
https://progressivemartialarts.com.au/brand/revgear/	https://progressivemartialarts.com.au/wp-content/uploads/2022/10/PMA-logo-2020-12.png
https://progressivemartialarts.com.au/brand/revgear/	https://progressivemartialarts.com.au/wp-content/uploads/2022/10/revgear-thai-shorts-various-colours-2.jpg
https://progressivemartialarts.com.au/brand/revgear/	https://progressivemartialarts.com.au/wp-content/uploads/2025/12/Shorts-MMA-White.jpeg
https://progressivemartialarts.com.au/brand/sharkee/	https://firstsight.design/cherie/beauty/wp-content/uploads/2020/10/Shopping-Cart.svg
https://progressivemartialarts.com.au/brand/sharkee/	https://progressivemartialarts.com.au/wp-content/uploads/2022/10/PMA-logo-2020-11250X60-11.png
https://progressivemartialarts.com.au/brand/sharkee/	https://progressivemartialarts.com.au/wp-content/uploads/2022/10/PMA-logo-2020-12.png
https://progressivemartialarts.com.au/brand/sharkee/	https://progressivemartialarts.com.au/wp-content/uploads/2022/10/image_c19290ca-0a86-4486-9ba2-9be9b933912a.png
https://progressivemartialarts.com.au/brand/sharkee/	https://progressivemartialarts.com.au/wp-content/uploads/2022/10/image_d2a89c11-6959-4553-b418-dbe4e42924ef.png
https://progressivemartialarts.com.au/brand/wtba/	https://firstsight.design/cherie/beauty/wp-content/uploads/2020/10/Shopping-Cart.svg
https://progressivemartialarts.com.au/brand/wtba/	https://progressivemartialarts.com.au/wp-content/uploads/2022/10/PMA-logo-2020-11250X60-11.png
https://progressivemartialarts.com.au/brand/wtba/	https://progressivemartialarts.com.au/wp-content/uploads/2022/10/PMA-logo-2020-12.png
https://progressivemartialarts.com.au/brand/wtba/	https://progressivemartialarts.com.au/wp-content/uploads/2022/10/WTBA-Shorts-classic.jpeg
https://progressivemartialarts.com.au/brand/wtba/	https://progressivemartialarts.com.au/wp-content/uploads/2022/10/WTBA-Tanktop-classic.jpeg
https://progressivemartialarts.com.au/brand/wtba/	https://progressivemartialarts.com.au/wp-content/uploads/2022/10/image_fda0ecf4-c59a-4f4e-98a0-610560700311-600x718.jpg
https://progressivemartialarts.com.au/brand/wtba/	https://progressivemartialarts.com.au/wp-content/uploads/2023/02/TBA-new-back.1-600x589.jpeg
https://progressivemartialarts.com.au/brand/wtba/	https://progressivemartialarts.com.au/wp-content/uploads/2026/04/TBA-Old-back-600x800.jpeg
https://progressivemartialarts.com.au/category/news/	https://progressivemartialarts.com.au/wp-content/themes/cherie/assets/css/images/close-big.svg
https://progressivemartialarts.com.au/category/news/	https://progressivemartialarts.com.au/wp-content/uploads/2022/10/PMA-logo-2020-11250X60-11.png
https://progressivemartialarts.com.au/category/news/	https://progressivemartialarts.com.au/wp-content/uploads/2022/10/PMA-logo-2020-12.png
https://progressivemartialarts.com.au/category/seminar/	https://progressivemartialarts.com.au/wp-content/themes/cherie/assets/css/images/close-big.svg
https://progressivemartialarts.com.au/category/seminar/	https://progressivemartialarts.com.au/wp-content/uploads/2022/10/PMA-logo-2020-11250X60-11.png
https://progressivemartialarts.com.au/category/seminar/	https://progressivemartialarts.com.au/wp-content/uploads/2022/10/PMA-logo-2020-12.png
https://progressivemartialarts.com.au/category/uncategorized/	https://progressivemartialarts.com.au/wp-content/themes/cherie/assets/css/images/close-big.svg
https://progressivemartialarts.com.au/category/uncategorized/	https://progressivemartialarts.com.au/wp-content/uploads/2022/10/PMA-logo-2020-11250X60-11.png
https://progressivemartialarts.com.au/category/uncategorized/	https://progressivemartialarts.com.au/wp-content/uploads/2022/10/PMA-logo-2020-12.png
https://progressivemartialarts.com.au/certified-instructors-under-guro-daniel-inosanto/	https://progressivemartialarts.com.au/wp-content/uploads/2022/10/PMA-logo-2020-11250X60-11.png
https://progressivemartialarts.com.au/certified-instructors-under-guro-daniel-inosanto/	https://progressivemartialarts.com.au/wp-content/uploads/2022/10/PMA-logo-2020-12.png
https://progressivemartialarts.com.au/checkout/	https://progressivemartialarts.com.au/wp-content/uploads/2022/10/PMA-logo-2020-11250X60-11.png
https://progressivemartialarts.com.au/checkout/	https://progressivemartialarts.com.au/wp-content/uploads/2022/10/PMA-logo-2020-12.png
https://progressivemartialarts.com.au/contact/	https://progressivemartialarts.com.au/wp-content/uploads/2022/10/PMA-logo-2020-11250X60-11.png
https://progressivemartialarts.com.au/contact/	https://progressivemartialarts.com.au/wp-content/uploads/2022/10/PMA-logo-2020-12.png
https://progressivemartialarts.com.au/contact/	https://progressivemartialarts.com.au/wp-content/uploads/2022/10/Rent-brisbane.jpg
https://progressivemartialarts.com.au/courses/hair-advanced-cource/	https://firstsight.design/cherie/beauty/wp-content/uploads/2020/08/School6@1.5x-1024x511.jpg
https://progressivemartialarts.com.au/courses/hair-advanced-cource/	https://firstsight.design/cherie/beauty/wp-content/uploads/2020/09/School.svg
https://progressivemartialarts.com.au/courses/hair-advanced-cource/	https://progressivemartialarts.com.au/wp-content/uploads/2022/10/PMA-logo-2020-11250X60-11.png
https://progressivemartialarts.com.au/courses/hair-advanced-cource/	https://progressivemartialarts.com.au/wp-content/uploads/2022/10/PMA-logo-2020-12.png
https://progressivemartialarts.com.au/courses/hair-basic-cource/	https://firstsight.design/cherie/beauty/wp-content/uploads/2020/08/School5@1.5x-1024x511.jpg
https://progressivemartialarts.com.au/courses/hair-basic-cource/	https://firstsight.design/cherie/beauty/wp-content/uploads/2020/09/School.svg
https://progressivemartialarts.com.au/courses/hair-basic-cource/	https://progressivemartialarts.com.au/wp-content/uploads/2022/10/PMA-logo-2020-11250X60-11.png
https://progressivemartialarts.com.au/courses/hair-basic-cource/	https://progressivemartialarts.com.au/wp-content/uploads/2022/10/PMA-logo-2020-12.png
https://progressivemartialarts.com.au/courses/makeup-basic-cource/	https://firstsight.design/cherie/beauty/wp-content/uploads/2020/09/School.svg
https://progressivemartialarts.com.au/courses/makeup-basic-cource/	https://firstsight.design/cherie/beauty/wp-content/uploads/2020/09/School6@1.5x-1024x511.jpg
https://progressivemartialarts.com.au/courses/makeup-basic-cource/	https://progressivemartialarts.com.au/wp-content/uploads/2022/10/PMA-logo-2020-11250X60-11.png
https://progressivemartialarts.com.au/courses/makeup-basic-cource/	https://progressivemartialarts.com.au/wp-content/uploads/2022/10/PMA-logo-2020-12.png
https://progressivemartialarts.com.au/courses/nail-basic-cource/	https://firstsight.design/cherie/beauty/wp-content/uploads/2020/08/School6@1.5x-1024x511.jpg
https://progressivemartialarts.com.au/courses/nail-basic-cource/	https://firstsight.design/cherie/beauty/wp-content/uploads/2020/09/School.svg
https://progressivemartialarts.com.au/courses/nail-basic-cource/	https://progressivemartialarts.com.au/wp-content/uploads/2022/10/PMA-logo-2020-11250X60-11.png
https://progressivemartialarts.com.au/courses/nail-basic-cource/	https://progressivemartialarts.com.au/wp-content/uploads/2022/10/PMA-logo-2020-12.png
https://progressivemartialarts.com.au/grappling-bjj/	https://progressivemartialarts.com.au/wp-content/uploads/2022/10/PMA-logo-2020-11250X60-11.png
https://progressivemartialarts.com.au/grappling-bjj/	https://progressivemartialarts.com.au/wp-content/uploads/2022/10/PMA-logo-2020-12.png
https://progressivemartialarts.com.au/guro-dan-and-sifu-francis-2022-seminar-photos/	https://progressivemartialarts.com.au/wp-content/uploads/2022/10/PMA-logo-2020-11250X60-11.png
https://progressivemartialarts.com.au/guro-dan-and-sifu-francis-2022-seminar-photos/	https://progressivemartialarts.com.au/wp-content/uploads/2022/10/PMA-logo-2020-12.png
https://progressivemartialarts.com.au/guro-dan-and-sifu-francis-2022-seminar-photos/	https://progressivemartialarts.com.au/wp-content/uploads/2022/12/IMG_2914-1024x768.jpg
https://progressivemartialarts.com.au/guro-dan-and-sifu-francis-2022-seminar-photos/	https://progressivemartialarts.com.au/wp-content/uploads/2022/12/IMG_2929-768x1024.jpg
https://progressivemartialarts.com.au/guro-dan-and-sifu-francis-2022-seminar-photos/	https://progressivemartialarts.com.au/wp-content/uploads/2022/12/IMG_2931-768x1024.jpg
https://progressivemartialarts.com.au/guro-dan-and-sifu-francis-2022-seminar-photos/	https://progressivemartialarts.com.au/wp-content/uploads/2022/12/IMG_2934-768x1024.jpg
https://progressivemartialarts.com.au/guro-dan-and-sifu-francis-2022-seminar-photos/	https://progressivemartialarts.com.au/wp-content/uploads/2022/12/IMG_2938-768x1024.jpg
https://progressivemartialarts.com.au/guro-dan-and-sifu-francis-2022-seminar-photos/	https://progressivemartialarts.com.au/wp-content/uploads/2022/12/IMG_2939-768x1024.jpg
https://progressivemartialarts.com.au/guro-dan-and-sifu-francis-2022-seminar-photos/	https://progressivemartialarts.com.au/wp-content/uploads/2022/12/IMG_2942-1024x768.jpg
https://progressivemartialarts.com.au/guro-dan-and-sifu-francis-2022-seminar-photos/	https://progressivemartialarts.com.au/wp-content/uploads/2022/12/IMG_2957-1024x668.jpg
https://progressivemartialarts.com.au/guro-dan-and-sifu-francis-2022-seminar-photos/	https://progressivemartialarts.com.au/wp-content/uploads/2022/12/IMG_2959-768x1024.jpg
https://progressivemartialarts.com.au/guro-dan-and-sifu-francis-2022-seminar-photos/	https://progressivemartialarts.com.au/wp-content/uploads/2022/12/IMG_2961-1024x768.jpg
https://progressivemartialarts.com.au/guro-dan-and-sifu-francis-2022-seminar-photos/	https://progressivemartialarts.com.au/wp-content/uploads/2022/12/IMG_2964-768x1024.jpg
https://progressivemartialarts.com.au/guro-dan-and-sifu-francis-2022-seminar-photos/	https://progressivemartialarts.com.au/wp-content/uploads/2022/12/IMG_2966-1024x768.jpg
https://progressivemartialarts.com.au/guro-dan-and-sifu-francis-2022-seminar-photos/	https://progressivemartialarts.com.au/wp-content/uploads/2022/12/IMG_2968-768x1024.jpg
https://progressivemartialarts.com.au/guro-dan-and-sifu-francis-2022-seminar-photos/	https://progressivemartialarts.com.au/wp-content/uploads/2022/12/IMG_2971-768x1024.jpg
https://progressivemartialarts.com.au/guro-dan-and-sifu-francis-2022-seminar-photos/	https://progressivemartialarts.com.au/wp-content/uploads/2022/12/IMG_2973-768x1024.jpg
https://progressivemartialarts.com.au/guro-dan-and-sifu-francis-2022-seminar-photos/	https://progressivemartialarts.com.au/wp-content/uploads/2022/12/IMG_2976-768x1024.jpg
https://progressivemartialarts.com.au/guro-dan-and-sifu-francis-2022-seminar-photos/	https://progressivemartialarts.com.au/wp-content/uploads/2022/12/IMG_2978-768x1024.jpg
https://progressivemartialarts.com.au/guro-dan-and-sifu-francis-2022-seminar-photos/	https://progressivemartialarts.com.au/wp-content/uploads/2022/12/IMG_2980-768x1024.jpg
https://progressivemartialarts.com.au/guro-dan-and-sifu-francis-2022-seminar-photos/	https://progressivemartialarts.com.au/wp-content/uploads/2022/12/IMG_2982-768x1024.jpg
https://progressivemartialarts.com.au/guro-dan-and-sifu-francis-2022-seminar-photos/	https://progressivemartialarts.com.au/wp-content/uploads/2022/12/IMG_2988-1024x768.jpg
https://progressivemartialarts.com.au/guro-dan-and-sifu-francis-2022-seminar-photos/	https://progressivemartialarts.com.au/wp-content/uploads/2022/12/IMG_2995-1024x768.jpg
https://progressivemartialarts.com.au/guro-dan-and-sifu-francis-2022-seminar-photos/	https://progressivemartialarts.com.au/wp-content/uploads/2022/12/IMG_3023-1024x768.jpg
https://progressivemartialarts.com.au/guro-dan-and-sifu-francis-2022-seminar-photos/	https://progressivemartialarts.com.au/wp-content/uploads/2022/12/IMG_3025-768x1024.jpg
https://progressivemartialarts.com.au/guro-dan-and-sifu-francis-2022-seminar-photos/	https://progressivemartialarts.com.au/wp-content/uploads/2022/12/IMG_3027-768x1024.jpg
https://progressivemartialarts.com.au/guro-dan-and-sifu-francis-2022-seminar-photos/	https://progressivemartialarts.com.au/wp-content/uploads/2022/12/IMG_3030-768x1024.jpg
https://progressivemartialarts.com.au/guro-dan-and-sifu-francis-2022-seminar-photos/	https://progressivemartialarts.com.au/wp-content/uploads/2022/12/IMG_3031-768x1024.jpg
https://progressivemartialarts.com.au/guro-dan-and-sifu-francis-2022-seminar-photos/	https://progressivemartialarts.com.au/wp-content/uploads/2022/12/IMG_3032-768x1024.jpg
https://progressivemartialarts.com.au/guro-dan-and-sifu-francis-2022-seminar-photos/	https://progressivemartialarts.com.au/wp-content/uploads/2022/12/IMG_3033-1024x768.jpg
https://progressivemartialarts.com.au/guro-dan-and-sifu-francis-2022-seminar-photos/	https://progressivemartialarts.com.au/wp-content/uploads/2022/12/IMG_3036-768x1024.jpg
https://progressivemartialarts.com.au/guro-dan-and-sifu-francis-2022-seminar-photos/	https://progressivemartialarts.com.au/wp-content/uploads/2022/12/IMG_3038-768x1024.jpg
https://progressivemartialarts.com.au/guro-dan-and-sifu-francis-2022-seminar-photos/	https://progressivemartialarts.com.au/wp-content/uploads/2022/12/IMG_3040-768x1024.jpg
https://progressivemartialarts.com.au/guro-dan-and-sifu-francis-2022-seminar-photos/	https://progressivemartialarts.com.au/wp-content/uploads/2022/12/IMG_3042-768x1024.jpg
https://progressivemartialarts.com.au/guro-dan-and-sifu-francis-2022-seminar-photos/	https://progressivemartialarts.com.au/wp-content/uploads/2022/12/IMG_3045-768x1024.jpg
https://progressivemartialarts.com.au/guro-dan-and-sifu-francis-2022-seminar-photos/	https://progressivemartialarts.com.au/wp-content/uploads/2022/12/IMG_3048-768x1024.jpg
https://progressivemartialarts.com.au/guro-dan-and-sifu-francis-2022-seminar-photos/	https://progressivemartialarts.com.au/wp-content/uploads/2022/12/IMG_3051-768x1024.jpg
https://progressivemartialarts.com.au/guro-dan-and-sifu-francis-2022-seminar-photos/	https://progressivemartialarts.com.au/wp-content/uploads/2022/12/IMG_3054-768x1024.jpg
https://progressivemartialarts.com.au/guro-dan-and-sifu-francis-2022-seminar-photos/	https://progressivemartialarts.com.au/wp-content/uploads/2022/12/IMG_3057-768x1024.jpg
https://progressivemartialarts.com.au/guro-dan-and-sifu-francis-2022-seminar-photos/	https://progressivemartialarts.com.au/wp-content/uploads/2022/12/IMG_3064-768x1024.jpg
https://progressivemartialarts.com.au/guro-dan-and-sifu-francis-2022-seminar-photos/	https://progressivemartialarts.com.au/wp-content/uploads/2022/12/IMG_3066-768x1024.jpg
https://progressivemartialarts.com.au/guro-dan-and-sifu-francis-2022-seminar-photos/	https://progressivemartialarts.com.au/wp-content/uploads/2022/12/IMG_3069-768x1024.jpg
https://progressivemartialarts.com.au/guro-dan-and-sifu-francis-2022-seminar-photos/	https://progressivemartialarts.com.au/wp-content/uploads/2022/12/IMG_3072-768x1024.jpg
https://progressivemartialarts.com.au/guro-dan-and-sifu-francis-2022-seminar-photos/	https://progressivemartialarts.com.au/wp-content/uploads/2022/12/IMG_3098-1024x768.jpg
https://progressivemartialarts.com.au/guro-dan-and-sifu-francis-2022-seminar-photos/	https://progressivemartialarts.com.au/wp-content/uploads/2022/12/IMG_3101-768x1024.jpg
https://progressivemartialarts.com.au/guro-dan-and-sifu-francis-2022-seminar-photos/	https://progressivemartialarts.com.au/wp-content/uploads/2022/12/IMG_3104-1024x768.jpg
https://progressivemartialarts.com.au/guro-dan-and-sifu-francis-2022-seminar-photos/	https://progressivemartialarts.com.au/wp-content/uploads/2022/12/IMG_3128-768x1024.jpg
https://progressivemartialarts.com.au/guro-dan-and-sifu-francis-2022-seminar-photos/	https://progressivemartialarts.com.au/wp-content/uploads/2022/12/IMG_3130-768x1024.jpg
https://progressivemartialarts.com.au/guro-dan-and-sifu-francis-2022-seminar-photos/	https://progressivemartialarts.com.au/wp-content/uploads/2022/12/IMG_3132-768x1024.jpg
https://progressivemartialarts.com.au/guro-dan-and-sifu-francis-2022-seminar-photos/	https://progressivemartialarts.com.au/wp-content/uploads/2022/12/IMG_3134-768x1024.jpg
https://progressivemartialarts.com.au/guro-dan-and-sifu-francis-2022-seminar-photos/	https://progressivemartialarts.com.au/wp-content/uploads/2022/12/IMG_3137-768x1024.jpg
https://progressivemartialarts.com.au/guro-dan-and-sifu-francis-2022-seminar-photos/	https://progressivemartialarts.com.au/wp-content/uploads/2022/12/IMG_3139-768x1024.jpg
https://progressivemartialarts.com.au/guro-dan-and-sifu-francis-2022-seminar-photos/	https://progressivemartialarts.com.au/wp-content/uploads/2022/12/IMG_3147-1024x768.jpg
https://progressivemartialarts.com.au/guro-dan-and-sifu-francis-2022-seminar-photos/	https://progressivemartialarts.com.au/wp-content/uploads/2022/12/IMG_3158-768x1024.jpg
https://progressivemartialarts.com.au/guro-dan-and-sifu-francis-2022-seminar-photos/	https://progressivemartialarts.com.au/wp-content/uploads/2022/12/IMG_3189-1024x768.jpg
https://progressivemartialarts.com.au/guro-dan-and-sifu-francis-2022-seminar-photos/	https://progressivemartialarts.com.au/wp-content/uploads/2022/12/IMG_3190-1024x768.jpg
https://progressivemartialarts.com.au/guro-dan-and-sifu-francis-2022-seminar-photos/	https://progressivemartialarts.com.au/wp-content/uploads/2022/12/IMG_3193-1024x768.jpg
https://progressivemartialarts.com.au/guro-dan-and-sifu-francis-2022-seminar-photos/	https://progressivemartialarts.com.au/wp-content/uploads/2022/12/IMG_3195-1024x768.jpg
https://progressivemartialarts.com.au/guro-dan-and-sifu-francis-2022-seminar-photos/	https://progressivemartialarts.com.au/wp-content/uploads/2022/12/IMG_3196-1024x768.jpg
https://progressivemartialarts.com.au/guro-dan-and-sifu-francis-2022-seminar-photos/	https://progressivemartialarts.com.au/wp-content/uploads/2022/12/IMG_3197-1024x768.jpg
https://progressivemartialarts.com.au/guro-dan-and-sifu-francis-2022-seminar-photos/	https://progressivemartialarts.com.au/wp-content/uploads/2022/12/IMG_3200-1024x768.jpg
https://progressivemartialarts.com.au/guro-dan-and-sifu-francis-2022-seminar-photos/	https://progressivemartialarts.com.au/wp-content/uploads/2022/12/IMG_3202-1024x768.jpg
https://progressivemartialarts.com.au/guro-dan-and-sifu-francis-2022-seminar-photos/	https://progressivemartialarts.com.au/wp-content/uploads/2022/12/IMG_3205-768x1024.jpg
https://progressivemartialarts.com.au/guro-dan-and-sifu-francis-2022-seminar-photos/	https://progressivemartialarts.com.au/wp-content/uploads/2022/12/IMG_3215-1024x768.jpg
https://progressivemartialarts.com.au/guro-dan-and-sifu-francis-2022-seminar-photos/	https://progressivemartialarts.com.au/wp-content/uploads/2022/12/IMG_3215-2-1024x768.jpg
https://progressivemartialarts.com.au/guro-dan-and-sifu-francis-2022-seminar-photos/	https://progressivemartialarts.com.au/wp-content/uploads/2022/12/IMG_3215-3-1-1024x768.jpg
https://progressivemartialarts.com.au/guro-dan-and-sifu-francis-2022-seminar-photos/	https://progressivemartialarts.com.au/wp-content/uploads/2022/12/IMG_3216-1024x768.jpg
https://progressivemartialarts.com.au/guro-dan-and-sifu-francis-2022-seminar-photos/	https://progressivemartialarts.com.au/wp-content/uploads/2022/12/IMG_3216-2-1024x768.jpg
https://progressivemartialarts.com.au/guro-dan-and-sifu-francis-2022-seminar-photos/	https://progressivemartialarts.com.au/wp-content/uploads/2022/12/IMG_3217-1024x768.jpg
https://progressivemartialarts.com.au/guro-dan-and-sifu-francis-2022-seminar-photos/	https://progressivemartialarts.com.au/wp-content/uploads/2022/12/IMG_3217-2-1024x768.jpg
https://progressivemartialarts.com.au/guro-dan-and-sifu-francis-2022-seminar-photos/	https://progressivemartialarts.com.au/wp-content/uploads/2022/12/IMG_3218-1024x768.jpg
https://progressivemartialarts.com.au/guro-dan-and-sifu-francis-2022-seminar-photos/	https://progressivemartialarts.com.au/wp-content/uploads/2022/12/IMG_3220-768x1024.jpg
https://progressivemartialarts.com.au/guro-dan-and-sifu-francis-2022-seminar-photos/	https://progressivemartialarts.com.au/wp-content/uploads/2022/12/IMG_3222-768x1024.jpg
https://progressivemartialarts.com.au/guro-dan-and-sifu-francis-2022-seminar-photos/	https://progressivemartialarts.com.au/wp-content/uploads/2022/12/IMG_3224-768x1024.jpg
https://progressivemartialarts.com.au/guro-dan-and-sifu-francis-2022-seminar-photos/	https://progressivemartialarts.com.au/wp-content/uploads/2022/12/IMG_3232-1024x768.jpg
https://progressivemartialarts.com.au/guro-dan-and-sifu-francis-2022-seminar-photos/	https://progressivemartialarts.com.au/wp-content/uploads/2022/12/IMG_3232-2-1024x768.jpg
https://progressivemartialarts.com.au/guro-dan-and-sifu-francis-2022-seminar-photos/	https://progressivemartialarts.com.au/wp-content/uploads/2022/12/IMG_3232-3-1024x768.jpg
https://progressivemartialarts.com.au/guro-dan-and-sifu-francis-2022-seminar-photos/	https://progressivemartialarts.com.au/wp-content/uploads/2022/12/IMG_3233-1024x768.jpg
https://progressivemartialarts.com.au/guro-dan-and-sifu-francis-2022-seminar-photos/	https://progressivemartialarts.com.au/wp-content/uploads/2022/12/IMG_3233-2-1024x768.jpg
https://progressivemartialarts.com.au/guro-dan-and-sifu-francis-2022-seminar-photos/	https://progressivemartialarts.com.au/wp-content/uploads/2022/12/IMG_3234-1024x768.jpg
https://progressivemartialarts.com.au/guro-dan-and-sifu-francis-2022-seminar-photos/	https://progressivemartialarts.com.au/wp-content/uploads/2022/12/IMG_3234-2-1024x768.jpg
https://progressivemartialarts.com.au/guro-dan-and-sifu-francis-2022-seminar-photos/	https://progressivemartialarts.com.au/wp-content/uploads/2022/12/IMG_3235-1024x768.jpg
https://progressivemartialarts.com.au/guro-dan-and-sifu-francis-2022-seminar-photos/	https://progressivemartialarts.com.au/wp-content/uploads/2022/12/IMG_3269-1024x768.jpg
https://progressivemartialarts.com.au/guro-dan-and-sifu-francis-2022-seminar-photos/	https://progressivemartialarts.com.au/wp-content/uploads/2022/12/IMG_3269-2-1024x768.jpg
https://progressivemartialarts.com.au/guro-dan-and-sifu-francis-2022-seminar-photos/	https://progressivemartialarts.com.au/wp-content/uploads/2022/12/IMG_3269-3-1024x768.jpg
https://progressivemartialarts.com.au/guro-dan-and-sifu-francis-2022-seminar-photos/	https://progressivemartialarts.com.au/wp-content/uploads/2022/12/IMG_3271-768x1024.jpg
https://progressivemartialarts.com.au/guro-dan-and-sifu-francis-2022-seminar-photos/	https://progressivemartialarts.com.au/wp-content/uploads/2022/12/IMG_3273-768x1024.jpg
https://progressivemartialarts.com.au/guro-dan-and-sifu-francis-2022-seminar-photos/	https://progressivemartialarts.com.au/wp-content/uploads/2022/12/IMG_3276-1-768x1024.jpg
https://progressivemartialarts.com.au/guro-dan-and-sifu-francis-2022-seminar-photos/	https://progressivemartialarts.com.au/wp-content/uploads/2022/12/IMG_3278-768x1024.jpg
https://progressivemartialarts.com.au/guro-dan-and-sifu-francis-2022-seminar-photos/	https://progressivemartialarts.com.au/wp-content/uploads/2022/12/IMG_3281-768x1024.jpg
https://progressivemartialarts.com.au/guro-dan-and-sifu-francis-2022-seminar-photos/	https://progressivemartialarts.com.au/wp-content/uploads/2022/12/IMG_3283-1024x768.jpg
https://progressivemartialarts.com.au/guro-dan-and-sifu-francis-2022-seminar-photos/	https://progressivemartialarts.com.au/wp-content/uploads/2022/12/IMG_3283-2-1-1024x768.jpg
https://progressivemartialarts.com.au/guro-dan-and-sifu-francis-2022-seminar-photos/	https://progressivemartialarts.com.au/wp-content/uploads/2022/12/IMG_3283-3-1024x768.jpg
https://progressivemartialarts.com.au/guro-dan-and-sifu-francis-2022-seminar-photos/	https://progressivemartialarts.com.au/wp-content/uploads/2022/12/IMG_3284-1024x768.jpg
https://progressivemartialarts.com.au/guro-dan-and-sifu-francis-2022-seminar-photos/	https://progressivemartialarts.com.au/wp-content/uploads/2022/12/IMG_3284-2-1024x768.jpg
https://progressivemartialarts.com.au/guro-dan-and-sifu-francis-2022-seminar-photos/	https://progressivemartialarts.com.au/wp-content/uploads/2022/12/IMG_3285-1024x768.jpg
https://progressivemartialarts.com.au/guro-dan-and-sifu-francis-2022-seminar-photos/	https://progressivemartialarts.com.au/wp-content/uploads/2022/12/IMG_3285-2-1024x768.jpg
https://progressivemartialarts.com.au/guro-dan-and-sifu-francis-2022-seminar-photos/	https://progressivemartialarts.com.au/wp-content/uploads/2022/12/IMG_3286-1024x768.jpg
https://progressivemartialarts.com.au/guro-dan-and-sifu-francis-2022-seminar-photos/	https://progressivemartialarts.com.au/wp-content/uploads/2022/12/IMG_3286-2-1024x768.jpg
https://progressivemartialarts.com.au/guro-dan-and-sifu-francis-2022-seminar-photos/	https://progressivemartialarts.com.au/wp-content/uploads/2022/12/IMG_3287-768x1024.jpg
https://progressivemartialarts.com.au/guro-dan-and-sifu-francis-2022-seminar-photos/	https://progressivemartialarts.com.au/wp-content/uploads/2022/12/IMG_3290-768x1024.jpg
https://progressivemartialarts.com.au/guro-dan-and-sifu-francis-2022-seminar-photos/	https://progressivemartialarts.com.au/wp-content/uploads/2022/12/IMG_3292-768x1024.jpg
https://progressivemartialarts.com.au/guro-dan-and-sifu-francis-2022-seminar-photos/	https://progressivemartialarts.com.au/wp-content/uploads/2022/12/IMG_3294-768x1024.jpg
https://progressivemartialarts.com.au/guro-dan-and-sifu-francis-2022-seminar-photos/	https://progressivemartialarts.com.au/wp-content/uploads/2022/12/IMG_3296-768x1024.jpg
https://progressivemartialarts.com.au/guro-dan-and-sifu-francis-2022-seminar-photos/	https://progressivemartialarts.com.au/wp-content/uploads/2022/12/IMG_3298-768x1024.jpg
https://progressivemartialarts.com.au/guro-dan-and-sifu-francis-2022-seminar-photos/	https://progressivemartialarts.com.au/wp-content/uploads/2022/12/IMG_3300-768x1024.jpg
https://progressivemartialarts.com.au/guro-dan-and-sifu-francis-2022-seminar-photos/	https://progressivemartialarts.com.au/wp-content/uploads/2022/12/IMG_3301-768x1024.jpg
https://progressivemartialarts.com.au/guro-dan-and-sifu-francis-2022-seminar-photos/	https://progressivemartialarts.com.au/wp-content/uploads/2022/12/IMG_3304-768x1024.jpg
https://progressivemartialarts.com.au/guro-dan-and-sifu-francis-2022-seminar-photos/	https://progressivemartialarts.com.au/wp-content/uploads/2022/12/IMG_3306-768x1024.jpg
https://progressivemartialarts.com.au/guro-dan-and-sifu-francis-2022-seminar-photos/	https://progressivemartialarts.com.au/wp-content/uploads/2022/12/IMG_3309-768x1024.jpg
https://progressivemartialarts.com.au/guro-dan-and-sifu-francis-2022-seminar-photos/	https://progressivemartialarts.com.au/wp-content/uploads/2022/12/IMG_3312-768x1024.jpg
https://progressivemartialarts.com.au/guro-dan-and-sifu-francis-2022-seminar-photos/	https://progressivemartialarts.com.au/wp-content/uploads/2022/12/IMG_3315-768x1024.jpg
https://progressivemartialarts.com.au/guro-dan-and-sifu-francis-2022-seminar-photos/	https://progressivemartialarts.com.au/wp-content/uploads/2022/12/IMG_3317-768x1024.jpg
https://progressivemartialarts.com.au/guro-dan-and-sifu-francis-2022-seminar-photos/	https://progressivemartialarts.com.au/wp-content/uploads/2022/12/IMG_3319-768x1024.jpg
https://progressivemartialarts.com.au/guro-dan-and-sifu-francis-2022-seminar-photos/	https://progressivemartialarts.com.au/wp-content/uploads/2022/12/IMG_3322-768x1024.jpg
https://progressivemartialarts.com.au/guro-dan-and-sifu-francis-2022-seminar-photos/	https://progressivemartialarts.com.au/wp-content/uploads/2022/12/IMG_3325-768x1024.jpg
https://progressivemartialarts.com.au/guro-dan-and-sifu-francis-2022-seminar-photos/	https://progressivemartialarts.com.au/wp-content/uploads/2022/12/IMG_3326-768x1024.jpg
https://progressivemartialarts.com.au/guro-dan-and-sifu-francis-2022-seminar-photos/	https://progressivemartialarts.com.au/wp-content/uploads/2022/12/IMG_3328-768x1024.jpg
https://progressivemartialarts.com.au/guro-dan-and-sifu-francis-2022-seminar-photos/	https://progressivemartialarts.com.au/wp-content/uploads/2022/12/IMG_3331-768x1024.jpg
https://progressivemartialarts.com.au/guro-dan-and-sifu-francis-2022-seminar-photos/	https://progressivemartialarts.com.au/wp-content/uploads/2022/12/IMG_3334-768x1024.jpg
https://progressivemartialarts.com.au/guro-dan-and-sifu-francis-2022-seminar-photos/	https://progressivemartialarts.com.au/wp-content/uploads/2022/12/IMG_3337-768x1024.jpg
https://progressivemartialarts.com.au/guro-dan-and-sifu-francis-2022-seminar-photos/	https://progressivemartialarts.com.au/wp-content/uploads/2022/12/IMG_3340-768x1024.jpg
https://progressivemartialarts.com.au/guro-dan-and-sifu-francis-2022-seminar-photos/	https://progressivemartialarts.com.au/wp-content/uploads/2022/12/IMG_3343-768x1024.jpg
https://progressivemartialarts.com.au/guro-dan-and-sifu-francis-2022-seminar-photos/	https://progressivemartialarts.com.au/wp-content/uploads/2022/12/IMG_3349-768x1024.jpg
https://progressivemartialarts.com.au/guro-dan-and-sifu-francis-2022-seminar-photos/	https://progressivemartialarts.com.au/wp-content/uploads/2022/12/IMG_3375-768x1024.jpg
https://progressivemartialarts.com.au/guro-dan-and-sifu-francis-2022-seminar-photos/	https://progressivemartialarts.com.au/wp-content/uploads/2022/12/IMG_3377-1024x921.jpg
https://progressivemartialarts.com.au/guro-dan-and-sifu-francis-2022-seminar-photos/	https://progressivemartialarts.com.au/wp-content/uploads/2022/12/IMG_3381-1024x588.jpg
https://progressivemartialarts.com.au/guro-dan-and-sifu-francis-2022-seminar-photos/	https://progressivemartialarts.com.au/wp-content/uploads/2022/12/IMG_3383-960x1024.jpg
https://progressivemartialarts.com.au/guro-dan-and-sifu-francis-2022-seminar-photos/	https://progressivemartialarts.com.au/wp-content/uploads/2022/12/IMG_3387-926x1024.jpg
https://progressivemartialarts.com.au/guro-dan-and-sifu-francis-2022-seminar-photos/	https://progressivemartialarts.com.au/wp-content/uploads/2022/12/IMG_3389-881x1024.jpg
https://progressivemartialarts.com.au/guro-dan-and-sifu-francis-2022-seminar-photos/	https://progressivemartialarts.com.au/wp-content/uploads/2022/12/IMG_3392-941x1024.jpg
https://progressivemartialarts.com.au/guro-dan-and-sifu-francis-2022-seminar-photos/	https://progressivemartialarts.com.au/wp-content/uploads/2022/12/IMG_3393-736x1024.jpg
https://progressivemartialarts.com.au/guro-dan-and-sifu-francis-2022-seminar-photos/	https://progressivemartialarts.com.au/wp-content/uploads/2022/12/IMG_3396-952x1024.jpg
https://progressivemartialarts.com.au/guro-dan-and-sifu-francis-2022-seminar-photos/	https://progressivemartialarts.com.au/wp-content/uploads/2022/12/IMG_3399-1024x887.jpg
https://progressivemartialarts.com.au/guro-dan-and-sifu-francis-2022-seminar-photos/	https://progressivemartialarts.com.au/wp-content/uploads/2022/12/IMG_3401-1000x1024.jpg
https://progressivemartialarts.com.au/guro-dan-and-sifu-francis-2022-seminar-photos/	https://progressivemartialarts.com.au/wp-content/uploads/2022/12/IMG_3403-953x1024.jpg
https://progressivemartialarts.com.au/guro-dan-and-sifu-francis-2022-seminar-photos/	https://progressivemartialarts.com.au/wp-content/uploads/2022/12/IMG_3404-747x1024.jpg
https://progressivemartialarts.com.au/guro-dan-and-sifu-francis-2022-seminar-photos/	https://progressivemartialarts.com.au/wp-content/uploads/2022/12/IMG_3407-1006x1024.jpg
https://progressivemartialarts.com.au/guro-dan-and-sifu-francis-2022-seminar-photos/	https://progressivemartialarts.com.au/wp-content/uploads/2022/12/IMG_3408-1024x554.jpg
https://progressivemartialarts.com.au/guro-dan-and-sifu-francis-2022-seminar-photos/	https://progressivemartialarts.com.au/wp-content/uploads/2022/12/IMG_3411-778x1024.jpg
https://progressivemartialarts.com.au/guro-dan-and-sifu-francis-2022-seminar-photos/	https://progressivemartialarts.com.au/wp-content/uploads/2022/12/IMG_3414-768x1024.jpg
https://progressivemartialarts.com.au/guro-dan-and-sifu-francis-2022-seminar-photos/	https://progressivemartialarts.com.au/wp-content/uploads/2022/12/IMG_3418-768x1024.jpg
https://progressivemartialarts.com.au/guro-dan-and-sifu-francis-2022-seminar-photos/	https://progressivemartialarts.com.au/wp-content/uploads/2022/12/IMG_3419-1024x609.jpg
https://progressivemartialarts.com.au/guro-dan-and-sifu-francis-2022-seminar-photos/	https://progressivemartialarts.com.au/wp-content/uploads/2022/12/IMG_3425-768x1024.jpg
https://progressivemartialarts.com.au/guro-dan-and-sifu-francis-2022-seminar-photos/	https://progressivemartialarts.com.au/wp-content/uploads/2022/12/IMG_3427-1024x987.jpg
https://progressivemartialarts.com.au/guro-dan-and-sifu-francis-2022-seminar-photos/	https://progressivemartialarts.com.au/wp-content/uploads/2022/12/IMG_3428-1024x945.jpg
https://progressivemartialarts.com.au/guro-dan-and-sifu-francis-2022-seminar-photos/	https://progressivemartialarts.com.au/wp-content/uploads/2022/12/IMG_3433-851x1024.jpg
https://progressivemartialarts.com.au/guro-dan-and-sifu-francis-2022-seminar-photos/	https://progressivemartialarts.com.au/wp-content/uploads/2022/12/IMG_3435-1024x900.jpg
https://progressivemartialarts.com.au/guro-dan-and-sifu-francis-2022-seminar-photos/	https://progressivemartialarts.com.au/wp-content/uploads/2022/12/IMG_3439-920x1024.jpg
https://progressivemartialarts.com.au/guro-dan-and-sifu-francis-2022-seminar-photos/	https://progressivemartialarts.com.au/wp-content/uploads/2022/12/IMG_3440-1024x813.jpg
https://progressivemartialarts.com.au/guro-dan-and-sifu-francis-2022-seminar-photos/	https://progressivemartialarts.com.au/wp-content/uploads/2022/12/IMG_3442-1024x768.jpg
https://progressivemartialarts.com.au/guro-dan-and-sifu-francis-2022-seminar-photos/	https://progressivemartialarts.com.au/wp-content/uploads/2022/12/IMG_3444-1024x768.jpg
https://progressivemartialarts.com.au/guro-dan-and-sifu-francis-2022-seminar-photos/	https://progressivemartialarts.com.au/wp-content/uploads/2022/12/IMG_3447-1024x886.jpg
https://progressivemartialarts.com.au/guro-dan-and-sifu-francis-2022-seminar-photos/	https://progressivemartialarts.com.au/wp-content/uploads/2022/12/IMG_3449-1024x768.jpg
https://progressivemartialarts.com.au/guro-dan-and-sifu-francis-2022-seminar-photos/	https://progressivemartialarts.com.au/wp-content/uploads/2022/12/IMG_3449-2-1024x768.jpg
https://progressivemartialarts.com.au/guro-dan-and-sifu-francis-2022-seminar-photos/	https://progressivemartialarts.com.au/wp-content/uploads/2022/12/IMG_3449-3-1024x768.jpg
https://progressivemartialarts.com.au/guro-dan-and-sifu-francis-2022-seminar-photos/	https://progressivemartialarts.com.au/wp-content/uploads/2022/12/IMG_3450-1024x768.jpg
https://progressivemartialarts.com.au/guro-dan-and-sifu-francis-2022-seminar-photos/	https://progressivemartialarts.com.au/wp-content/uploads/2022/12/IMG_3450-2-1024x768.jpg
https://progressivemartialarts.com.au/guro-dan-and-sifu-francis-2022-seminar-photos/	https://progressivemartialarts.com.au/wp-content/uploads/2022/12/IMG_3451-1024x768.jpg
https://progressivemartialarts.com.au/guro-dan-and-sifu-francis-2022-seminar-photos/	https://progressivemartialarts.com.au/wp-content/uploads/2022/12/IMG_3451-2-1024x768.jpg
https://progressivemartialarts.com.au/guro-dan-and-sifu-francis-2022-seminar-photos/	https://progressivemartialarts.com.au/wp-content/uploads/2022/12/IMG_3452-1024x768.jpg
https://progressivemartialarts.com.au/guro-dan-and-sifu-francis-2022-seminar-photos/	https://progressivemartialarts.com.au/wp-content/uploads/2022/12/IMG_3452-2-1024x768.jpg
https://progressivemartialarts.com.au/guro-dan-and-sifu-francis-2022-seminar-photos/	https://progressivemartialarts.com.au/wp-content/uploads/2022/12/IMG_3453-1024x768.jpg
https://progressivemartialarts.com.au/guro-dan-and-sifu-francis-2022-seminar-photos/	https://progressivemartialarts.com.au/wp-content/uploads/2022/12/IMG_3453-2-1024x768.jpg
https://progressivemartialarts.com.au/guro-dan-and-sifu-francis-2022-seminar-photos/	https://progressivemartialarts.com.au/wp-content/uploads/2022/12/IMG_3454-768x1024.jpg
https://progressivemartialarts.com.au/guro-dan-and-sifu-francis-2022-seminar-photos/	https://progressivemartialarts.com.au/wp-content/uploads/2022/12/IMG_3456-1024x768.jpg
https://progressivemartialarts.com.au/guro-dan-and-sifu-francis-2022-seminar-photos/	https://progressivemartialarts.com.au/wp-content/uploads/2022/12/IMG_3458-1024x768.jpg
https://progressivemartialarts.com.au/guro-dan-and-sifu-francis-2022-seminar-photos/	https://progressivemartialarts.com.au/wp-content/uploads/2022/12/IMG_3462-1024x768.jpg
https://progressivemartialarts.com.au/guro-dan-and-sifu-francis-2022-seminar-photos/	https://progressivemartialarts.com.au/wp-content/uploads/2022/12/IMG_3465-768x1024.jpg
https://progressivemartialarts.com.au/guro-dan-and-sifu-francis-2022-seminar-photos/	https://progressivemartialarts.com.au/wp-content/uploads/2022/12/IMG_3467-768x1024.jpg
https://progressivemartialarts.com.au/guro-dan-and-sifu-francis-2022-seminar-photos/	https://progressivemartialarts.com.au/wp-content/uploads/2022/12/IMG_3469-1024x768.jpg
https://progressivemartialarts.com.au/guro-dan-and-sifu-francis-2022-seminar-photos/	https://progressivemartialarts.com.au/wp-content/uploads/2022/12/IMG_3471-1024x768.jpg
https://progressivemartialarts.com.au/guro-dan-and-sifu-francis-2022-seminar-photos/	https://progressivemartialarts.com.au/wp-content/uploads/2022/12/IMG_3475-1024x768.jpg
https://progressivemartialarts.com.au/guro-dan-and-sifu-francis-2022-seminar-photos/	https://progressivemartialarts.com.au/wp-content/uploads/2022/12/IMG_3478-1024x768.jpg
https://progressivemartialarts.com.au/guro-dan-and-sifu-francis-2022-seminar-photos/	https://progressivemartialarts.com.au/wp-content/uploads/2022/12/IMG_3480-1024x768.jpg
https://progressivemartialarts.com.au/guro-dan-and-sifu-francis-2022-seminar-photos/	https://progressivemartialarts.com.au/wp-content/uploads/2022/12/IMG_3484-1024x768.jpg
https://progressivemartialarts.com.au/guro-dan-and-sifu-francis-2022-seminar-photos/	https://progressivemartialarts.com.au/wp-content/uploads/2022/12/IMG_3486-1024x768.jpg
https://progressivemartialarts.com.au/guro-dan-and-sifu-francis-2022-seminar-photos/	https://progressivemartialarts.com.au/wp-content/uploads/2022/12/IMG_3487-1024x768.jpg
https://progressivemartialarts.com.au/guro-dan-and-sifu-francis-2022-seminar-photos/	https://progressivemartialarts.com.au/wp-content/uploads/2022/12/IMG_3488-1024x768.jpg
https://progressivemartialarts.com.au/guro-dan-and-sifu-francis-2022-seminar-photos/	https://progressivemartialarts.com.au/wp-content/uploads/2022/12/IMG_3490-1024x768.jpg
https://progressivemartialarts.com.au/guro-dan-and-sifu-francis-2022-seminar-photos/	https://progressivemartialarts.com.au/wp-content/uploads/2022/12/IMG_3492-1024x768.jpg
https://progressivemartialarts.com.au/guro-dan-and-sifu-francis-2022-seminar-photos/	https://progressivemartialarts.com.au/wp-content/uploads/2022/12/IMG_3495-1024x768.jpg
https://progressivemartialarts.com.au/guro-dan-and-sifu-francis-2022-seminar-photos/	https://progressivemartialarts.com.au/wp-content/uploads/2022/12/IMG_3497-1024x768.jpg
https://progressivemartialarts.com.au/guro-dan-and-sifu-francis-2022-seminar-photos/	https://progressivemartialarts.com.au/wp-content/uploads/2022/12/IMG_3499-1024x768.jpg
https://progressivemartialarts.com.au/guro-dan-and-sifu-francis-2022-seminar-photos/	https://progressivemartialarts.com.au/wp-content/uploads/2022/12/IMG_3500-1024x768.jpg
https://progressivemartialarts.com.au/guro-dan-and-sifu-francis-2022-seminar-photos/	https://progressivemartialarts.com.au/wp-content/uploads/2022/12/IMG_3501-1024x768.jpg
https://progressivemartialarts.com.au/guro-dan-and-sifu-francis-2022-seminar-photos/	https://progressivemartialarts.com.au/wp-content/uploads/2022/12/IMG_3503-1024x768.jpg
https://progressivemartialarts.com.au/guro-dan-and-sifu-francis-2022-seminar-photos/	https://progressivemartialarts.com.au/wp-content/uploads/2022/12/IMG_3506-1024x768.jpg
https://progressivemartialarts.com.au/guro-dan-and-sifu-francis-2022-seminar-photos/	https://progressivemartialarts.com.au/wp-content/uploads/2022/12/IMG_3509-1024x768.jpg
https://progressivemartialarts.com.au/guro-dan-and-sifu-francis-2022-seminar-photos/	https://progressivemartialarts.com.au/wp-content/uploads/2022/12/IMG_3511-1024x768.jpg
https://progressivemartialarts.com.au/guro-dan-and-sifu-francis-2022-seminar-photos/	https://progressivemartialarts.com.au/wp-content/uploads/2022/12/IMG_3514-1024x768.jpg
https://progressivemartialarts.com.au/guro-dan/	https://progressivemartialarts.com.au/wp-content/uploads/2022/10/PMA-logo-2020-11250X60-11.png
https://progressivemartialarts.com.au/guro-dan/	https://progressivemartialarts.com.au/wp-content/uploads/2022/10/PMA-logo-2020-12.png
https://progressivemartialarts.com.au/historical-pictures-from-various-classes/	https://progressivemartialarts.com.au/wp-content/uploads/2022/10/PMA-logo-2020-11250X60-11.png
https://progressivemartialarts.com.au/historical-pictures-from-various-classes/	https://progressivemartialarts.com.au/wp-content/uploads/2022/10/PMA-logo-2020-12.png
https://progressivemartialarts.com.au/historical-pictures-from-various-classes/	https://progressivemartialarts.com.au/wp-content/uploads/2022/11/class.jpg
https://progressivemartialarts.com.au/historical-pictures-from-various-classes/	https://progressivemartialarts.com.au/wp-content/uploads/2022/11/groupgraddingphoto1.jpg
https://progressivemartialarts.com.au/historical-pictures-from-various-classes/	https://progressivemartialarts.com.au/wp-content/uploads/2022/11/kidsclass2.jpg
https://progressivemartialarts.com.au/historical-pictures-from-various-classes/	https://progressivemartialarts.com.au/wp-content/uploads/2022/11/pmaold.jpg
https://progressivemartialarts.com.au/historical-pictures-from-various-classes/	https://progressivemartialarts.com.au/wp-content/uploads/2022/11/recentgradding.jpg
https://progressivemartialarts.com.au/home-1-boxer/	https://progressivemartialarts.com.au/wp-content/uploads/2022/10/121.jpg
https://progressivemartialarts.com.au/home-1-boxer/	https://progressivemartialarts.com.au/wp-content/uploads/2022/10/122-600x400.jpg
https://progressivemartialarts.com.au/home-1-boxer/	https://progressivemartialarts.com.au/wp-content/uploads/2022/10/124-600x831.jpg
https://progressivemartialarts.com.au/home-1-boxer/	https://progressivemartialarts.com.au/wp-content/uploads/2022/10/2010_calendar_360x_f12e80dc-3edf-4d16-83e4-eb93056880eb.jpg
https://progressivemartialarts.com.au/home-1-boxer/	https://progressivemartialarts.com.au/wp-content/uploads/2022/10/2012-06-Silat-Camp.1-copy.jpg
https://progressivemartialarts.com.au/home-1-boxer/	https://progressivemartialarts.com.au/wp-content/uploads/2022/10/2012-08-Sensitivity-600x1002.jpg
https://progressivemartialarts.com.au/home-1-boxer/	https://progressivemartialarts.com.au/wp-content/uploads/2022/10/2012-09-Stck-and-Dagger-600x986.jpg
https://progressivemartialarts.com.au/home-1-boxer/	https://progressivemartialarts.com.au/wp-content/uploads/2022/10/2012-10-Abecedario-600x1009.jpg
https://progressivemartialarts.com.au/home-1-boxer/	https://progressivemartialarts.com.au/wp-content/uploads/2022/10/2012-11-Pangamut-600x1074.jpg
https://progressivemartialarts.com.au/home-1-boxer/	https://progressivemartialarts.com.au/wp-content/uploads/2022/10/2012-12-Thai-Boxing-600x1056.jpg
https://progressivemartialarts.com.au/home-1-boxer/	https://progressivemartialarts.com.au/wp-content/uploads/2022/10/2012-13-Mixed-Arts-2-disc-600x1002.jpg
https://progressivemartialarts.com.au/home-1-boxer/	https://progressivemartialarts.com.au/wp-content/uploads/2022/10/2012-14-Silat-600x922.jpg
https://progressivemartialarts.com.au/home-1-boxer/	https://progressivemartialarts.com.au/wp-content/uploads/2022/10/2013-07-Legends.1-1.jpg
https://progressivemartialarts.com.au/home-1-boxer/	https://progressivemartialarts.com.au/wp-content/uploads/2022/10/2014-04-Lacost-Illus-600x1004.jpg
https://progressivemartialarts.com.au/home-1-boxer/	https://progressivemartialarts.com.au/wp-content/uploads/2022/10/2014-05-Disarms-600x924.jpg
https://progressivemartialarts.com.au/home-1-boxer/	https://progressivemartialarts.com.au/wp-content/uploads/2022/10/2014-06-Silat-Camp.1.jpg
https://progressivemartialarts.com.au/home-1-boxer/	https://progressivemartialarts.com.au/wp-content/uploads/2022/10/2014-06-Silat-Camp.jpg
https://progressivemartialarts.com.au/home-1-boxer/	https://progressivemartialarts.com.au/wp-content/uploads/2022/10/2014-08-Silat-day-1-600x978.jpg
https://progressivemartialarts.com.au/home-1-boxer/	https://progressivemartialarts.com.au/wp-content/uploads/2022/10/2014-09-Silat-day-2-600x953.jpg
https://progressivemartialarts.com.au/home-1-boxer/	https://progressivemartialarts.com.au/wp-content/uploads/2022/10/2014-12-Thai-Boxing-600x1008.jpg
https://progressivemartialarts.com.au/home-1-boxer/	https://progressivemartialarts.com.au/wp-content/uploads/2022/10/2014-13-Mixed-Arts-4-disc-600x1002.jpg
https://progressivemartialarts.com.au/home-1-boxer/	https://progressivemartialarts.com.au/wp-content/uploads/2022/10/2014-14-Jun-FanJKD-600x955.jpg
https://progressivemartialarts.com.au/home-1-boxer/	https://progressivemartialarts.com.au/wp-content/uploads/2022/10/2014-15-Joint-Locking-600x989.jpg
https://progressivemartialarts.com.au/home-1-boxer/	https://progressivemartialarts.com.au/wp-content/uploads/2022/10/2015-07-Legends.1.jpg
https://progressivemartialarts.com.au/home-1-boxer/	https://progressivemartialarts.com.au/wp-content/uploads/2022/10/2015-08-ABC-3inch.jpg
https://progressivemartialarts.com.au/home-1-boxer/	https://progressivemartialarts.com.au/wp-content/uploads/2022/10/2015-15-JKD.1.jpg
https://progressivemartialarts.com.au/home-1-boxer/	https://progressivemartialarts.com.au/wp-content/uploads/2022/10/2015-16-Stick-and-Dagger.1.jpg
https://progressivemartialarts.com.au/home-1-boxer/	https://progressivemartialarts.com.au/wp-content/uploads/2022/10/2015-17-Flexible-December.1.jpg
https://progressivemartialarts.com.au/home-1-boxer/	https://progressivemartialarts.com.au/wp-content/uploads/2022/10/2015-18-Sensitivity-4.1.jpg
https://progressivemartialarts.com.au/home-1-boxer/	https://progressivemartialarts.com.au/wp-content/uploads/2022/10/2016-07-Legends.1.jpg
https://progressivemartialarts.com.au/home-1-boxer/	https://progressivemartialarts.com.au/wp-content/uploads/2022/10/2016-11-Self-Defense-October.1.jpg
https://progressivemartialarts.com.au/home-1-boxer/	https://progressivemartialarts.com.au/wp-content/uploads/2022/10/2016-12-Thai-Boxing.1.jpg
https://progressivemartialarts.com.au/home-1-boxer/	https://progressivemartialarts.com.au/wp-content/uploads/2022/10/2016-15-JKD.1.jpg
https://progressivemartialarts.com.au/home-1-boxer/	https://progressivemartialarts.com.au/wp-content/uploads/2022/10/2016-18-Self-Defense-December.1.jpg
https://progressivemartialarts.com.au/home-1-boxer/	https://progressivemartialarts.com.au/wp-content/uploads/2022/10/2016-australian-tour-shirt-2.jpg
https://progressivemartialarts.com.au/home-1-boxer/	https://progressivemartialarts.com.au/wp-content/uploads/2022/10/2016-australian-tour-singlet-600x600.jpg
https://progressivemartialarts.com.au/home-1-boxer/	https://progressivemartialarts.com.au/wp-content/uploads/2022/10/20191213_103249-600x668.jpg
https://progressivemartialarts.com.au/home-1-boxer/	https://progressivemartialarts.com.au/wp-content/uploads/2022/10/Definitive_01_2048x2048_7fa1114a-03e2-4400-bf69-f9dc5fdd1f0f-600x400.jpg
https://progressivemartialarts.com.au/home-1-boxer/	https://progressivemartialarts.com.au/wp-content/uploads/2022/10/Definitive_01_2048x2048_8f5b3c99-52db-47cc-bb4b-5d53337ceb9b-600x400.jpg
https://progressivemartialarts.com.au/home-1-boxer/	https://progressivemartialarts.com.au/wp-content/uploads/2022/10/Definitive_02_2048x2048_df219c76-3996-49b6-9896-66a91235e7be-600x401.jpg
https://progressivemartialarts.com.au/home-1-boxer/	https://progressivemartialarts.com.au/wp-content/uploads/2022/10/Definitive_03_2048x2048_1796fc76-3f94-4109-b5d1-d17005e65c67-600x402.jpg
https://progressivemartialarts.com.au/home-1-boxer/	https://progressivemartialarts.com.au/wp-content/uploads/2022/10/Definitive_04_2048x2048_88b92389-7fac-418a-bd3f-117108b5a316-600x398.jpg
https://progressivemartialarts.com.au/home-1-boxer/	https://progressivemartialarts.com.au/wp-content/uploads/2022/10/Definitive_05_2048x2048_7c927013-427b-4a07-a897-92a6ce934b89-600x400.jpg
https://progressivemartialarts.com.au/home-1-boxer/	https://progressivemartialarts.com.au/wp-content/uploads/2022/10/Definitive_06_2048x2048_e96fe386-7c89-489d-b6dc-9c105f6b18eb-600x400.jpg
https://progressivemartialarts.com.au/home-1-boxer/	https://progressivemartialarts.com.au/wp-content/uploads/2022/10/Definitive_07_2048x2048_2700dd68-3193-43dd-8ce4-0dbf713d57d8-600x399.jpg
https://progressivemartialarts.com.au/home-1-boxer/	https://progressivemartialarts.com.au/wp-content/uploads/2022/10/Definitive_08_2048x2048_d31debb9-3c44-4e27-82ce-7c063d6fe21b-600x398.jpg
https://progressivemartialarts.com.au/home-1-boxer/	https://progressivemartialarts.com.au/wp-content/uploads/2022/10/Definitive_09_2048x2048_b634c804-7921-4db2-b72d-a25dc861165a-600x399.jpg
https://progressivemartialarts.com.au/home-1-boxer/	https://progressivemartialarts.com.au/wp-content/uploads/2022/10/Gi-Patch-IAMA-Large-600x572.jpg
https://progressivemartialarts.com.au/home-1-boxer/	https://progressivemartialarts.com.au/wp-content/uploads/2022/10/Heavens-Drums-front-600x601.jpeg
https://progressivemartialarts.com.au/home-1-boxer/	https://progressivemartialarts.com.au/wp-content/uploads/2022/10/IAMA-Hoodie-BandG-e1781059471389.jpeg
https://progressivemartialarts.com.au/home-1-boxer/	https://progressivemartialarts.com.au/wp-content/uploads/2022/10/IAMA-Spaghetti.jpeg
https://progressivemartialarts.com.au/home-1-boxer/	https://progressivemartialarts.com.au/wp-content/uploads/2022/10/IAMA-Windbreaker.jpeg
https://progressivemartialarts.com.au/home-1-boxer/	https://progressivemartialarts.com.au/wp-content/uploads/2022/10/Kimura-poster.jpeg
https://progressivemartialarts.com.au/home-1-boxer/	https://progressivemartialarts.com.au/wp-content/uploads/2022/10/Malong-600x493.jpg
https://progressivemartialarts.com.au/home-1-boxer/	https://progressivemartialarts.com.au/wp-content/uploads/2022/10/PMA-logo-2020-11250X60-11.png
https://progressivemartialarts.com.au/home-1-boxer/	https://progressivemartialarts.com.au/wp-content/uploads/2022/10/PMA-logo-2020-12.png
https://progressivemartialarts.com.au/home-1-boxer/	https://progressivemartialarts.com.au/wp-content/uploads/2022/10/Padded-Dagger.1-copy-600x129.jpeg
https://progressivemartialarts.com.au/home-1-boxer/	https://progressivemartialarts.com.au/wp-content/uploads/2022/10/Padded-Sticks-all-3-600x454.jpg
https://progressivemartialarts.com.au/home-1-boxer/	https://progressivemartialarts.com.au/wp-content/uploads/2022/10/Shield-hood.jpeg
https://progressivemartialarts.com.au/home-1-boxer/	https://progressivemartialarts.com.au/wp-content/uploads/2022/10/Shorts-Black-Gold.jpg
https://progressivemartialarts.com.au/home-1-boxer/	https://progressivemartialarts.com.au/wp-content/uploads/2022/10/Shorts-Black-Red-Gold.jpg.jpeg
https://progressivemartialarts.com.au/home-1-boxer/	https://progressivemartialarts.com.au/wp-content/uploads/2022/10/Shorts-MMA-Black-Gold.jpg.jpeg
https://progressivemartialarts.com.au/home-1-boxer/	https://progressivemartialarts.com.au/wp-content/uploads/2022/10/Suwanda-Sarung-3-600x824.jpg
https://progressivemartialarts.com.au/home-1-boxer/	https://progressivemartialarts.com.au/wp-content/uploads/2022/10/Tank-Lacoste.jpeg
https://progressivemartialarts.com.au/home-1-boxer/	https://progressivemartialarts.com.au/wp-content/uploads/2022/10/Thai-Pads-Punch-Red-600x600.webp
https://progressivemartialarts.com.au/home-1-boxer/	https://progressivemartialarts.com.au/wp-content/uploads/2022/10/Training-Dagger-02-600x450.jpg
https://progressivemartialarts.com.au/home-1-boxer/	https://progressivemartialarts.com.au/wp-content/uploads/2022/10/Training-Dagger-03-600x450.jpg
https://progressivemartialarts.com.au/home-1-boxer/	https://progressivemartialarts.com.au/wp-content/uploads/2022/10/Training-Dagger-06-600x450.jpg
https://progressivemartialarts.com.au/home-1-boxer/	https://progressivemartialarts.com.au/wp-content/uploads/2022/10/WTBA-Shorts-classic.jpeg
https://progressivemartialarts.com.au/home-1-boxer/	https://progressivemartialarts.com.au/wp-content/uploads/2022/10/WTBA-Tanktop-classic.jpeg
https://progressivemartialarts.com.au/home-1-boxer/	https://progressivemartialarts.com.au/wp-content/uploads/2022/10/Winning-Mindset-Front-600x900.jpg
https://progressivemartialarts.com.au/home-1-boxer/	https://progressivemartialarts.com.au/wp-content/uploads/2022/10/Wise-Sheperd-cover-600x953.jpg
https://progressivemartialarts.com.au/home-1-boxer/	https://progressivemartialarts.com.au/wp-content/uploads/2022/10/baseball-absorb-black-grey-store_360x_ffca1cc8-90ef-4233-861d-f21c71234481.jpg
https://progressivemartialarts.com.au/home-1-boxer/	https://progressivemartialarts.com.au/wp-content/uploads/2022/10/baseball-absorb-blue-gold-front_360x_ce6cd087-2dde-4485-ab52-685c651bf450.jpg
https://progressivemartialarts.com.au/home-1-boxer/	https://progressivemartialarts.com.au/wp-content/uploads/2022/10/blades-004_360x_a81732c8-99d6-4ee9-beb1-63dc64f0eb9c.jpg
https://progressivemartialarts.com.au/home-1-boxer/	https://progressivemartialarts.com.au/wp-content/uploads/2022/10/blades_model_005_360x_1034b4bd-bce8-47bc-8e62-b1131184e83e.jpg
https://progressivemartialarts.com.au/home-1-boxer/	https://progressivemartialarts.com.au/wp-content/uploads/2022/10/clothing_hoodie_zipper_redgold_back_360x_ffa71e94-1700-407f-83e6-0a0d39a0683b-e1781059753997.jpg
https://progressivemartialarts.com.au/home-1-boxer/	https://progressivemartialarts.com.au/wp-content/uploads/2022/10/clothing_racerback_tank_front_360x_cfef6fbb-c3e3-481a-88f1-a367e363f01e.jpg
https://progressivemartialarts.com.au/home-1-boxer/	https://progressivemartialarts.com.au/wp-content/uploads/2022/10/clothing_shirt_lacoste_360x_a3833f47-f884-4561-9559-4cb5582bdfa0.jpg
https://progressivemartialarts.com.au/home-1-boxer/	https://progressivemartialarts.com.au/wp-content/uploads/2022/10/dagger-bca_360x_895a535c-d41f-41d7-9faa-afbe3d50093b.jpg
https://progressivemartialarts.com.au/home-1-boxer/	https://progressivemartialarts.com.au/wp-content/uploads/2022/10/duffel_bag_360x_1a306b9c-f46f-491b-9d77-8ad7fe888763.jpg
https://progressivemartialarts.com.au/home-1-boxer/	https://progressivemartialarts.com.au/wp-content/uploads/2022/10/dvd-bolt-wrestling_360x_2773eba6-7a00-4d66-9287-70cd0c021687.jpg
https://progressivemartialarts.com.au/home-1-boxer/	https://progressivemartialarts.com.au/wp-content/uploads/2022/10/dvd-capoeira-active_360x_af314fdf-57e8-402e-b117-8fc1deac6fc3.jpg
https://progressivemartialarts.com.au/home-1-boxer/	https://progressivemartialarts.com.au/wp-content/uploads/2022/10/dvd-dubin-drumming_360x_77fc0434-c184-439d-bd32-9565ad9e2d65.jpg
https://progressivemartialarts.com.au/home-1-boxer/	https://progressivemartialarts.com.au/wp-content/uploads/2022/10/dvd-rhythmic-training_360x_cb6de2e8-250d-483e-ba6d-86c714d752bc.jpg
https://progressivemartialarts.com.au/home-1-boxer/	https://progressivemartialarts.com.au/wp-content/uploads/2022/10/dvd-spezzano-silat-01_360x_f852eb83-7dbe-48b8-b0fe-e0c48aaf2a5d.jpg
https://progressivemartialarts.com.au/home-1-boxer/	https://progressivemartialarts.com.au/wp-content/uploads/2022/10/dvd-spezzano-silat-02_360x_151093c8-7a66-43a2-b4a4-7123a8a92af0.jpg
https://progressivemartialarts.com.au/home-1-boxer/	https://progressivemartialarts.com.au/wp-content/uploads/2022/10/dvd-wingchun-mma_540x_3a7a76b0-19be-48e3-86fc-5b0ebd10b420.jpg
https://progressivemartialarts.com.au/home-1-boxer/	https://progressivemartialarts.com.au/wp-content/uploads/2022/10/dvd_machado_seminar_2008_360x_2ddbd4b2-e664-4ba9-a206-31ae86b47658.jpg
https://progressivemartialarts.com.au/home-1-boxer/	https://progressivemartialarts.com.au/wp-content/uploads/2022/10/dvd_martialartsmasters_360x_5753665b-b61d-4e0d-9a21-1c791014dcd7.jpg
https://progressivemartialarts.com.au/home-1-boxer/	https://progressivemartialarts.com.au/wp-content/uploads/2022/10/fong-book_360x_a71ad87f-c701-4e8e-b028-c11666e78792.jpg
https://progressivemartialarts.com.au/home-1-boxer/	https://progressivemartialarts.com.au/wp-content/uploads/2022/10/helm_cd_front_360x_d8ac5c97-b654-4d2c-bef6-e968d4681d2b.jpg
https://progressivemartialarts.com.au/home-1-boxer/	https://progressivemartialarts.com.au/wp-content/uploads/2022/10/iama_tanktop_360x_839c4b19-c0df-474e-8eb3-a0031b2aafdc.jpg
https://progressivemartialarts.com.au/home-1-boxer/	https://progressivemartialarts.com.au/wp-content/uploads/2022/10/ikat-01_360x_c68eeb41-4a38-40c2-849c-3fa10d07337f.jpg
https://progressivemartialarts.com.au/home-1-boxer/	https://progressivemartialarts.com.au/wp-content/uploads/2022/10/image_101cf205-3dba-4154-921f-ca5465f14fc7-600x722.jpg
https://progressivemartialarts.com.au/home-1-boxer/	https://progressivemartialarts.com.au/wp-content/uploads/2022/10/image_2c9cad20-3667-4fe1-81ae-4db152855d22-600x859.jpg
https://progressivemartialarts.com.au/home-1-boxer/	https://progressivemartialarts.com.au/wp-content/uploads/2022/10/image_2d3d4dd2-1b08-4aa5-8b47-ff2afbb0550c.png
https://progressivemartialarts.com.au/home-1-boxer/	https://progressivemartialarts.com.au/wp-content/uploads/2022/10/image_31f7987b-a2a9-497e-97a9-8d49da69be15-600x804.jpg
https://progressivemartialarts.com.au/home-1-boxer/	https://progressivemartialarts.com.au/wp-content/uploads/2022/10/image_82fa5c0c-07d7-42de-b015-40813f3fb6bc-600x450.webp
https://progressivemartialarts.com.au/home-1-boxer/	https://progressivemartialarts.com.au/wp-content/uploads/2022/10/image_83c86b91-64b9-43db-8dfc-7858cd788faa.png
https://progressivemartialarts.com.au/home-1-boxer/	https://progressivemartialarts.com.au/wp-content/uploads/2022/10/image_a4195139-19f7-4e88-b06d-55645ff4a91a-600x804.jpg
https://progressivemartialarts.com.au/home-1-boxer/	https://progressivemartialarts.com.au/wp-content/uploads/2022/10/image_bf23717d-7002-4baf-905e-61f5b79cae37-600x516.jpg
https://progressivemartialarts.com.au/home-1-boxer/	https://progressivemartialarts.com.au/wp-content/uploads/2022/10/image_c19290ca-0a86-4486-9ba2-9be9b933912a.png
https://progressivemartialarts.com.au/home-1-boxer/	https://progressivemartialarts.com.au/wp-content/uploads/2022/10/image_c90c2037-bad6-4fba-a9e7-50d47fb919d4.png
https://progressivemartialarts.com.au/home-1-boxer/	https://progressivemartialarts.com.au/wp-content/uploads/2022/10/image_ccd4135b-3637-42c0-8805-49a53190de04.png
https://progressivemartialarts.com.au/home-1-boxer/	https://progressivemartialarts.com.au/wp-content/uploads/2022/10/image_d2a89c11-6959-4553-b418-dbe4e42924ef.png
https://progressivemartialarts.com.au/home-1-boxer/	https://progressivemartialarts.com.au/wp-content/uploads/2022/10/image_ee55cf16-67e0-4932-b41c-cdb2860b1328-e1781059334221-600x960.jpg
https://progressivemartialarts.com.au/home-1-boxer/	https://progressivemartialarts.com.au/wp-content/uploads/2022/10/image_fb853290-905a-4e9c-9b1c-403ca5c200c6-scaled-1-600x694.jpg
https://progressivemartialarts.com.au/home-1-boxer/	https://progressivemartialarts.com.au/wp-content/uploads/2022/10/image_fda0ecf4-c59a-4f4e-98a0-610560700311-600x718.jpg
https://progressivemartialarts.com.au/home-1-boxer/	https://progressivemartialarts.com.au/wp-content/uploads/2022/10/inosanto-absorb-what-is-useful-singlet-e1776830771357.jpg
https://progressivemartialarts.com.au/home-1-boxer/	https://progressivemartialarts.com.au/wp-content/uploads/2022/10/inosanto-academy-long-sleeve-rash-vest.jpg
https://progressivemartialarts.com.au/home-1-boxer/	https://progressivemartialarts.com.au/wp-content/uploads/2022/10/inosanto-academy-short-sleeve-rash-vest-e1778982686103.jpg
https://progressivemartialarts.com.au/home-1-boxer/	https://progressivemartialarts.com.au/wp-content/uploads/2022/10/inosanto-kali-singlet-e1776826437760.jpg
https://progressivemartialarts.com.au/home-1-boxer/	https://progressivemartialarts.com.au/wp-content/uploads/2022/10/inosanto-kali-t-shirt-e1776903428142.jpg
https://progressivemartialarts.com.au/home-1-boxer/	https://progressivemartialarts.com.au/wp-content/uploads/2022/10/inosanto-weapons-t-shirt-e1776906479826.jpg
https://progressivemartialarts.com.au/home-1-boxer/	https://progressivemartialarts.com.au/wp-content/uploads/2022/10/laban-laro-01_360x_2a3b2d00-6a71-43fd-8a29-aba6f5d7ee2b.png
https://progressivemartialarts.com.au/home-1-boxer/	https://progressivemartialarts.com.au/wp-content/uploads/2022/10/laban-laro-02_360x_d7adccce-35f0-472f-974c-1132eb007a23.png
https://progressivemartialarts.com.au/home-1-boxer/	https://progressivemartialarts.com.au/wp-content/uploads/2022/10/lameco-vortex_360x_773f8f2d-fdea-4041-9ec3-dfc76a6b7c8b.png
https://progressivemartialarts.com.au/home-1-boxer/	https://progressivemartialarts.com.au/wp-content/uploads/2022/10/products_training_dagger_360x_22c58b36-189d-43ca-9c01-b4dad2391a20.jpg
https://progressivemartialarts.com.au/home-1-boxer/	https://progressivemartialarts.com.au/wp-content/uploads/2022/10/progressive-martial-arts-gi-pants-1-e1779165833537.jpg
https://progressivemartialarts.com.au/home-1-boxer/	https://progressivemartialarts.com.au/wp-content/uploads/2022/10/punch-ankle-support.jpg
https://progressivemartialarts.com.au/home-1-boxer/	https://progressivemartialarts.com.au/wp-content/uploads/2022/10/punch-hand-wraps-e1778715967245.jpg
https://progressivemartialarts.com.au/home-1-boxer/	https://progressivemartialarts.com.au/wp-content/uploads/2022/10/revgear-thai-shorts-various-colours-2.jpg
https://progressivemartialarts.com.au/home-1-boxer/	https://progressivemartialarts.com.au/wp-content/uploads/2022/10/shirt-sporttek-baseball-silver-black-front_360x_b0ca8d88-8f6a-499a-a75a-3dc2d79a69e0.jpg
https://progressivemartialarts.com.au/home-1-boxer/	https://progressivemartialarts.com.au/wp-content/uploads/2022/10/sulite-espada-daga_360x_ac5bce2c-f066-4376-adec-8ec221a90339.jpg
https://progressivemartialarts.com.au/home-1-boxer/	https://progressivemartialarts.com.au/wp-content/uploads/2022/10/sulite-essential-single-stick-skills-volume-01_360x_228f0228-b181-4957-a820-b46200079345.jpg
https://progressivemartialarts.com.au/home-1-boxer/	https://progressivemartialarts.com.au/wp-content/uploads/2022/10/sulite-essential-single-stick-skills-volume-02_360x_fe6ab255-33b9-47a2-9350-2df2b4049a8e.jpg
https://progressivemartialarts.com.au/home-1-boxer/	https://progressivemartialarts.com.au/wp-content/uploads/2022/10/sulite-secrets-of-double-stick-fighting-volume-01_360x_7a45745c-f0f3-40cb-9623-f8dabddb2210.jpg
https://progressivemartialarts.com.au/home-1-boxer/	https://progressivemartialarts.com.au/wp-content/uploads/2022/10/sulite-secrets-of-double-stick-fighting-volume-02_360x_e7d37162-259a-4b0c-9085-1dd083109841.jpg
https://progressivemartialarts.com.au/home-1-boxer/	https://progressivemartialarts.com.au/wp-content/uploads/2022/10/sulite-self-defense-01_360x_18b8bd27-16c7-4f1a-9e0b-42c2299769f0.jpg
https://progressivemartialarts.com.au/home-1-boxer/	https://progressivemartialarts.com.au/wp-content/uploads/2022/10/tshirt-legends-15-front-250_2048x2048_b7e67ca9-27ec-4d10-b37c-79a81b72a14b_360x.jpg
https://progressivemartialarts.com.au/home-1-boxer/	https://progressivemartialarts.com.au/wp-content/uploads/2023/02/2C206BDF-C2DA-4A86-8F31-BC8CB37A36E5-600x493.jpeg
https://progressivemartialarts.com.au/home-1-boxer/	https://progressivemartialarts.com.au/wp-content/uploads/2023/02/34B25B94-D443-4893-BCB2-AE38065A234A-600x732.jpeg
https://progressivemartialarts.com.au/home-1-boxer/	https://progressivemartialarts.com.au/wp-content/uploads/2023/02/3CEADE31-CD6F-4FD8-9D23-7E22BF0C34AB-600x439.jpeg
https://progressivemartialarts.com.au/home-1-boxer/	https://progressivemartialarts.com.au/wp-content/uploads/2023/02/45234D57-5E37-4B14-81B1-61BBEB33CCD9-600x453.jpeg
https://progressivemartialarts.com.au/home-1-boxer/	https://progressivemartialarts.com.au/wp-content/uploads/2023/02/51FA649D-9B3E-4E20-A9A6-C6C9C290717D-600x455.jpeg
https://progressivemartialarts.com.au/home-1-boxer/	https://progressivemartialarts.com.au/wp-content/uploads/2023/02/56A36E49-581B-4CC6-BF6C-A19F76266461-600x831.jpeg
https://progressivemartialarts.com.au/home-1-boxer/	https://progressivemartialarts.com.au/wp-content/uploads/2023/02/6193C777-56C4-46A1-9420-D1B1C6FCFF80.jpeg
https://progressivemartialarts.com.au/home-1-boxer/	https://progressivemartialarts.com.au/wp-content/uploads/2023/02/72A02F91-B112-463C-AC5B-E78051291A52_1_105_c-600x824.jpeg
https://progressivemartialarts.com.au/home-1-boxer/	https://progressivemartialarts.com.au/wp-content/uploads/2023/02/8433F7D5-A92A-45D7-B8AE-845690B90426_1_105_c-600x657.jpeg
https://progressivemartialarts.com.au/home-1-boxer/	https://progressivemartialarts.com.au/wp-content/uploads/2023/02/89A24721-180C-42F9-961A-7A81E25A2467_1_105_c-600x707.jpeg
https://progressivemartialarts.com.au/home-1-boxer/	https://progressivemartialarts.com.au/wp-content/uploads/2023/02/9FC67EC4-82BE-4EAF-BB28-15B9CAFE5029-600x449.jpeg
https://progressivemartialarts.com.au/home-1-boxer/	https://progressivemartialarts.com.au/wp-content/uploads/2023/02/C5ECE951-DB5E-4594-8C6A-B3E460F94CDD-600x363.jpeg
https://progressivemartialarts.com.au/home-1-boxer/	https://progressivemartialarts.com.au/wp-content/uploads/2023/02/C65AF0D5-9470-4E7D-BF2B-2298FA8A4EFD_1_105_c-600x821.jpeg
https://progressivemartialarts.com.au/home-1-boxer/	https://progressivemartialarts.com.au/wp-content/uploads/2023/02/Dagger-Bag-Gold.jpeg
https://progressivemartialarts.com.au/home-1-boxer/	https://progressivemartialarts.com.au/wp-content/uploads/2023/02/Gi-Blue-wWhite-trim-600x726.jpg
https://progressivemartialarts.com.au/home-1-boxer/	https://progressivemartialarts.com.au/wp-content/uploads/2023/02/IMG2472.jpg
https://progressivemartialarts.com.au/home-1-boxer/	https://progressivemartialarts.com.au/wp-content/uploads/2023/02/IMG2476.jpg
https://progressivemartialarts.com.au/home-1-boxer/	https://progressivemartialarts.com.au/wp-content/uploads/2023/02/IMG2486.jpg.jpg
https://progressivemartialarts.com.au/home-1-boxer/	https://progressivemartialarts.com.au/wp-content/uploads/2023/02/IMG2488.jpg
https://progressivemartialarts.com.au/home-1-boxer/	https://progressivemartialarts.com.au/wp-content/uploads/2023/02/IMG2680.jpg.jpg
https://progressivemartialarts.com.au/home-1-boxer/	https://progressivemartialarts.com.au/wp-content/uploads/2023/02/Lameco-Hand-Black-600x552.jpg
https://progressivemartialarts.com.au/home-1-boxer/	https://progressivemartialarts.com.au/wp-content/uploads/2023/02/Sticks-2026-600x145.jpg
https://progressivemartialarts.com.au/home-1-boxer/	https://progressivemartialarts.com.au/wp-content/uploads/2023/02/TBA-new-back.1-600x589.jpeg
https://progressivemartialarts.com.au/home-1-boxer/	https://progressivemartialarts.com.au/wp-content/uploads/2023/02/Training-Karambit-600x450.jpg
https://progressivemartialarts.com.au/home-1-boxer/	https://progressivemartialarts.com.au/wp-content/uploads/2023/02/University-T-Black-white-600x823.jpg
https://progressivemartialarts.com.au/home-1-boxer/	https://progressivemartialarts.com.au/wp-content/uploads/2023/08/IMG_2848-scaled-e1778709875184-600x312.jpeg
https://progressivemartialarts.com.au/home-1-boxer/	https://progressivemartialarts.com.au/wp-content/uploads/2023/08/IMG_2850-scaled-195kb-e1778714894977-600x688.jpg
https://progressivemartialarts.com.au/home-1-boxer/	https://progressivemartialarts.com.au/wp-content/uploads/2023/08/IMG_2969-scaled-600x948.jpeg
https://progressivemartialarts.com.au/home-1-boxer/	https://progressivemartialarts.com.au/wp-content/uploads/2023/09/IMG_3024-scaled-600x800.jpeg
https://progressivemartialarts.com.au/home-1-boxer/	https://progressivemartialarts.com.au/wp-content/uploads/2023/09/IMG_3119-188kb-600x552.jpg
https://progressivemartialarts.com.au/home-1-boxer/	https://progressivemartialarts.com.au/wp-content/uploads/2024/10/IMG_1249.heic
https://progressivemartialarts.com.au/home-1-boxer/	https://progressivemartialarts.com.au/wp-content/uploads/2025/01/IMG_0707.heic
https://progressivemartialarts.com.au/home-1-boxer/	https://progressivemartialarts.com.au/wp-content/uploads/2025/04/2019-15-JKD-1-600x844.jpg
https://progressivemartialarts.com.au/home-1-boxer/	https://progressivemartialarts.com.au/wp-content/uploads/2025/04/2019-17-Flexible-1-600x811.jpg
https://progressivemartialarts.com.au/home-1-boxer/	https://progressivemartialarts.com.au/wp-content/uploads/2025/04/2019-18-Locks-and-Controls-1-600x848.jpg
https://progressivemartialarts.com.au/home-1-boxer/	https://progressivemartialarts.com.au/wp-content/uploads/2025/04/2023-10-Krabi-Seama-day-1-1-1-600x786.jpg
https://progressivemartialarts.com.au/home-1-boxer/	https://progressivemartialarts.com.au/wp-content/uploads/2025/04/2023-11-Krabi-Seama-day-2-1-600x812.jpg
https://progressivemartialarts.com.au/home-1-boxer/	https://progressivemartialarts.com.au/wp-content/uploads/2025/04/2024-07-Legends.1.jpg
https://progressivemartialarts.com.au/home-1-boxer/	https://progressivemartialarts.com.au/wp-content/uploads/2025/04/IMG_1254-600x800.jpg
https://progressivemartialarts.com.au/home-1-boxer/	https://progressivemartialarts.com.au/wp-content/uploads/2025/04/IMG_1257-600x800.jpg
https://progressivemartialarts.com.au/home-1-boxer/	https://progressivemartialarts.com.au/wp-content/uploads/2025/07/IMG_2212-600x702.jpeg
https://progressivemartialarts.com.au/home-1-boxer/	https://progressivemartialarts.com.au/wp-content/uploads/2025/08/IMG_9525-2-600x800.jpeg
https://progressivemartialarts.com.au/home-1-boxer/	https://progressivemartialarts.com.au/wp-content/uploads/2025/08/IMG_9531-2-600x800.jpeg
https://progressivemartialarts.com.au/home-1-boxer/	https://progressivemartialarts.com.au/wp-content/uploads/2025/08/IMG_9537-2-600x800.jpeg
https://progressivemartialarts.com.au/home-1-boxer/	https://progressivemartialarts.com.au/wp-content/uploads/2025/08/IMG_9545-2-600x800.jpeg
https://progressivemartialarts.com.au/home-1-boxer/	https://progressivemartialarts.com.au/wp-content/uploads/2025/08/IMG_9546-2-600x800.jpeg
https://progressivemartialarts.com.au/home-1-boxer/	https://progressivemartialarts.com.au/wp-content/uploads/2025/08/IMG_9547-2-scaled-e1777422171489-600x800.jpeg
https://progressivemartialarts.com.au/home-1-boxer/	https://progressivemartialarts.com.au/wp-content/uploads/2025/08/IMG_9554-2-600x800.jpeg
https://progressivemartialarts.com.au/home-1-boxer/	https://progressivemartialarts.com.au/wp-content/uploads/2025/08/IMG_9559-2-600x800.jpeg
https://progressivemartialarts.com.au/home-1-boxer/	https://progressivemartialarts.com.au/wp-content/uploads/2025/12/IMG_4582-2-600x800.jpg
https://progressivemartialarts.com.au/home-1-boxer/	https://progressivemartialarts.com.au/wp-content/uploads/2025/12/Shorts-MMA-White.jpeg
https://progressivemartialarts.com.au/home-1-boxer/	https://progressivemartialarts.com.au/wp-content/uploads/2026/04/2013-04-12-Areas-1-600x942.jpg
https://progressivemartialarts.com.au/home-1-boxer/	https://progressivemartialarts.com.au/wp-content/uploads/2026/04/2013-05-12-Areas-2-600x993.jpg
https://progressivemartialarts.com.au/home-1-boxer/	https://progressivemartialarts.com.au/wp-content/uploads/2026/04/2013-08-Panantukan-600x985.jpg
https://progressivemartialarts.com.au/home-1-boxer/	https://progressivemartialarts.com.au/wp-content/uploads/2026/04/2013-09-Dumog-600x1013.jpg
https://progressivemartialarts.com.au/home-1-boxer/	https://progressivemartialarts.com.au/wp-content/uploads/2026/04/2013-12-Thai-Boxing-600x996.jpg
https://progressivemartialarts.com.au/home-1-boxer/	https://progressivemartialarts.com.au/wp-content/uploads/2026/04/2013-13-Mixed-Arts-4-disc-600x991.jpg
https://progressivemartialarts.com.au/home-1-boxer/	https://progressivemartialarts.com.au/wp-content/uploads/2026/04/2013-14-Jun-FanJKD-600x997.jpg
https://progressivemartialarts.com.au/home-1-boxer/	https://progressivemartialarts.com.au/wp-content/uploads/2026/04/2013-15-Disarms-600x978.jpg
https://progressivemartialarts.com.au/home-1-boxer/	https://progressivemartialarts.com.au/wp-content/uploads/2026/04/2015-04-Joint-Locking.jpg
https://progressivemartialarts.com.au/home-1-boxer/	https://progressivemartialarts.com.au/wp-content/uploads/2026/04/2015-05-Flexible-march.jpg
https://progressivemartialarts.com.au/home-1-boxer/	https://progressivemartialarts.com.au/wp-content/uploads/2026/04/2015-06-Silat-Camp.1.jpg
https://progressivemartialarts.com.au/home-1-boxer/	https://progressivemartialarts.com.au/wp-content/uploads/2026/04/2015-09-Abecedario-day-2.H.1.jpg
https://progressivemartialarts.com.au/home-1-boxer/	https://progressivemartialarts.com.au/wp-content/uploads/2026/04/2015-12-Thai-Boxing.1.jpg
https://progressivemartialarts.com.au/home-1-boxer/	https://progressivemartialarts.com.au/wp-content/uploads/2026/04/2016-10-Cambodian.1.jpg
https://progressivemartialarts.com.au/home-1-boxer/	https://progressivemartialarts.com.au/wp-content/uploads/2026/04/2016-13-Mixed-Arts-Sat.1.jpg
https://progressivemartialarts.com.au/home-1-boxer/	https://progressivemartialarts.com.au/wp-content/uploads/2026/04/2016-14-Mixed-Arts-Sun.1.jpg
https://progressivemartialarts.com.au/home-1-boxer/	https://progressivemartialarts.com.au/wp-content/uploads/2026/04/2016-16-EH-vs-Weapons.1.jpg
https://progressivemartialarts.com.au/home-1-boxer/	https://progressivemartialarts.com.au/wp-content/uploads/2026/04/2016-17-Panantukan.1.jpg
https://progressivemartialarts.com.au/home-1-boxer/	https://progressivemartialarts.com.au/wp-content/uploads/2026/04/2017-04-Stick-Dagger-1-600x797.jpg
https://progressivemartialarts.com.au/home-1-boxer/	https://progressivemartialarts.com.au/wp-content/uploads/2026/04/2017-05-SarongMalong-3.1.jpg
https://progressivemartialarts.com.au/home-1-boxer/	https://progressivemartialarts.com.au/wp-content/uploads/2026/04/2017-08-Staff-day-1-1-600x767.jpg
https://progressivemartialarts.com.au/home-1-boxer/	https://progressivemartialarts.com.au/wp-content/uploads/2026/04/2017-09-Staff-day-2-1-600x800.jpg
https://progressivemartialarts.com.au/home-1-boxer/	https://progressivemartialarts.com.au/wp-content/uploads/2026/04/2017-12-Thai-Boxing-1-600x823.jpg
https://progressivemartialarts.com.au/home-1-boxer/	https://progressivemartialarts.com.au/wp-content/uploads/2026/04/2017-13-Mixed-day-1-1-600x793.jpg
https://progressivemartialarts.com.au/home-1-boxer/	https://progressivemartialarts.com.au/wp-content/uploads/2026/04/2017-14-Mixed-day-2-1-600x825.jpg
https://progressivemartialarts.com.au/home-1-boxer/	https://progressivemartialarts.com.au/wp-content/uploads/2026/04/2017-15-JKD-1-600x777.jpg
https://progressivemartialarts.com.au/home-1-boxer/	https://progressivemartialarts.com.au/wp-content/uploads/2026/04/2017-16-Maphilindo-Silat-1-600x847.jpg
https://progressivemartialarts.com.au/home-1-boxer/	https://progressivemartialarts.com.au/wp-content/uploads/2026/04/2017-17-Weaponry-Disarms-1-600x845.jpg
https://progressivemartialarts.com.au/home-1-boxer/	https://progressivemartialarts.com.au/wp-content/uploads/2026/04/2017-18-Locks-and-Controls-1-600x751.jpg
https://progressivemartialarts.com.au/home-1-boxer/	https://progressivemartialarts.com.au/wp-content/uploads/2026/04/2018-04-Weaponry-1-600x831.jpg
https://progressivemartialarts.com.au/home-1-boxer/	https://progressivemartialarts.com.au/wp-content/uploads/2026/04/2018-05-Mixed-Silat-1-600x857.jpg
https://progressivemartialarts.com.au/home-1-boxer/	https://progressivemartialarts.com.au/wp-content/uploads/2026/04/2018-12-Thai-Boxing-1-600x851.jpg
https://progressivemartialarts.com.au/home-1-boxer/	https://progressivemartialarts.com.au/wp-content/uploads/2026/04/2018-13-Mixed-Arts-day-1-600x853.jpg
https://progressivemartialarts.com.au/home-1-boxer/	https://progressivemartialarts.com.au/wp-content/uploads/2026/04/2018-14-Mixed-Arts-day-2-1-600x794.jpg
https://progressivemartialarts.com.au/home-1-boxer/	https://progressivemartialarts.com.au/wp-content/uploads/2026/04/2018-15-JKD-1-600x848.jpg
https://progressivemartialarts.com.au/home-1-boxer/	https://progressivemartialarts.com.au/wp-content/uploads/2026/04/2018-18-Locks-and-Controls-1-600x827.jpg
https://progressivemartialarts.com.au/home-1-boxer/	https://progressivemartialarts.com.au/wp-content/uploads/2026/04/2019-16-Weaponry-1-600x858.jpg
https://progressivemartialarts.com.au/home-1-boxer/	https://progressivemartialarts.com.au/wp-content/uploads/2026/04/2023-12-Thai-Boxing-1-600x788.jpg
https://progressivemartialarts.com.au/home-1-boxer/	https://progressivemartialarts.com.au/wp-content/uploads/2026/04/2023-14-Mixed-day-2-1-600x830.jpg
https://progressivemartialarts.com.au/home-1-boxer/	https://progressivemartialarts.com.au/wp-content/uploads/2026/04/2023-15-JKD-1-600x818.jpg
https://progressivemartialarts.com.au/home-1-boxer/	https://progressivemartialarts.com.au/wp-content/uploads/2026/04/2023-16-Silat-1-600x809.jpg
https://progressivemartialarts.com.au/home-1-boxer/	https://progressivemartialarts.com.au/wp-content/uploads/2026/04/2023-18-Lock-and-Controls-1-600x814.jpg
https://progressivemartialarts.com.au/home-1-boxer/	https://progressivemartialarts.com.au/wp-content/uploads/2026/04/2026-11-20-Australia-Tour3.1-600x776.jpeg
https://progressivemartialarts.com.au/home-1-boxer/	https://progressivemartialarts.com.au/wp-content/uploads/2026/04/2026-11-Sifu-Fong-Australia.1-2-600x776.jpeg
https://progressivemartialarts.com.au/home-1-boxer/	https://progressivemartialarts.com.au/wp-content/uploads/2026/04/Sulite-Self-Defense-2-600x755.png
https://progressivemartialarts.com.au/home-1-boxer/	https://progressivemartialarts.com.au/wp-content/uploads/2026/04/TBA-Old-back-600x800.jpeg
https://progressivemartialarts.com.au/home-1-boxer/	https://progressivemartialarts.com.au/wp-content/uploads/2026/05/Boxing-Gloves-Morgan-16.jpg
https://progressivemartialarts.com.au/home-1-boxer/	https://progressivemartialarts.com.au/wp-content/uploads/2026/05/Focus-Mitts-Morgan-600x450.jpg
https://progressivemartialarts.com.au/home-1-boxer/	https://progressivemartialarts.com.au/wp-content/uploads/2026/05/Focus-Mitts-Punch-600x450.jpg
https://progressivemartialarts.com.au/home-1-boxer/	https://progressivemartialarts.com.au/wp-content/uploads/2026/06/IMG_4782-600x715.jpg
https://progressivemartialarts.com.au/home-1-boxer/	https://progressivemartialarts.com.au/wp-content/uploads/2026/06/IMG_4787-600x1065.jpg
https://progressivemartialarts.com.au/home-1-boxer/	https://progressivemartialarts.com.au/wp-content/uploads/2026/06/Rashguard-Black-wRed-600x450.webp
https://progressivemartialarts.com.au/home-1-boxer/	https://progressivemartialarts.com.au/wp-content/uploads/2026/08/2015-13-Mixed-Arts-3-disc.1.jpg
https://progressivemartialarts.com.au/home-1-boxer/	https://progressivemartialarts.com.au/wp-content/uploads/2026/08/fong_DVD_masters.jpg
https://progressivemartialarts.com.au/home-1-boxer/	https://progressivemartialarts.com.au/wp-content/uploads/woocommerce-placeholder.webp
https://progressivemartialarts.com.au/home-1-boxer/	https://www.progressivemartialarts.com.au/wp-content/uploads/2019/12/4F34DEB9-4098-47BC-95DC-21AB95BF7C89.jpeg
https://progressivemartialarts.com.au/home-1-boxer/	https://www.progressivemartialarts.com.au/wp-content/uploads/2020/02/Capture-406x250.jpg
https://progressivemartialarts.com.au/home-1-boxer/	https://www.progressivemartialarts.com.au/wp-content/uploads/elementor/thumbs/409CB12A-1274-40AC-81B9-06309978F56C-Copy-okc1vpoxsysjl6cl09m1q3v5brz91rerusvierppgy.jpeg
https://progressivemartialarts.com.au/home-1-boxer/	https://www.progressivemartialarts.com.au/wp-content/uploads/elementor/thumbs/ps-website-banners6-okc2kxp0q9dna3751nnxtxnxy163wwa4i7qqqaejn4.jpg
https://progressivemartialarts.com.au/jeet-kune-do-concepts/	https://progressivemartialarts.com.au/wp-content/uploads/2022/10/PMA-logo-2020-11250X60-11.png
https://progressivemartialarts.com.au/jeet-kune-do-concepts/	https://progressivemartialarts.com.au/wp-content/uploads/2022/10/PMA-logo-2020-12.png
https://progressivemartialarts.com.au/kali/	https://progressivemartialarts.com.au/wp-content/uploads/2022/10/PMA-Slider-3aab-1a-10-1024x539.jpg
https://progressivemartialarts.com.au/kali/	https://progressivemartialarts.com.au/wp-content/uploads/2022/10/PMA-logo-2020-11250X60-11.png
https://progressivemartialarts.com.au/kali/	https://progressivemartialarts.com.au/wp-content/uploads/2022/10/PMA-logo-2020-12.png
https://progressivemartialarts.com.au/kali/	https://progressivemartialarts.com.au/wp-content/uploads/2022/10/image_c62213dd-134f-49fb-8937-e51c0a3f308d-768x1024.jpg
https://progressivemartialarts.com.au/kali/	https://progressivemartialarts.com.au/wp-content/uploads/2022/11/Guro-Dan-Inosanto-Seminar.jpg
https://progressivemartialarts.com.au/latest-news/	https://progressivemartialarts.com.au/wp-content/uploads/2022/10/PMA-logo-2020-11250X60-11.png
https://progressivemartialarts.com.au/latest-news/	https://progressivemartialarts.com.au/wp-content/uploads/2022/10/PMA-logo-2020-12.png
https://progressivemartialarts.com.au/lee-jun-fan-gung-fu/	https://progressivemartialarts.com.au/wp-content/uploads/2022/10/PMA-logo-2020-11250X60-11.png
https://progressivemartialarts.com.au/lee-jun-fan-gung-fu/	https://progressivemartialarts.com.au/wp-content/uploads/2022/10/PMA-logo-2020-12.png
https://progressivemartialarts.com.au/lee-jun-fan-gung-fu/	https://progressivemartialarts.com.au/wp-content/uploads/2023/09/JV1_0902-819x1024.jpeg
https://progressivemartialarts.com.au/links/	https://progressivemartialarts.com.au/wp-content/uploads/2022/10/PMA-logo-2020-11250X60-11.png
https://progressivemartialarts.com.au/links/	https://progressivemartialarts.com.au/wp-content/uploads/2022/10/PMA-logo-2020-12.png
https://progressivemartialarts.com.au/mini-muscles/	https://progressivemartialarts.com.au/wp-content/uploads/2022/10/4F34DEB9-4098-47BC-95DC-21AB95BF7C89.jpg
https://progressivemartialarts.com.au/mini-muscles/	https://progressivemartialarts.com.au/wp-content/uploads/2022/10/PMA-logo-2020-11250X60-11.png
https://progressivemartialarts.com.au/mini-muscles/	https://progressivemartialarts.com.au/wp-content/uploads/2022/10/PMA-logo-2020-12.png
https://progressivemartialarts.com.au/mini-muscles/	https://progressivemartialarts.com.au/wp-content/uploads/2022/11/MiniMusclesLogo-1.jpg
https://progressivemartialarts.com.au/mini-muscles/	https://progressivemartialarts.com.au/wp-content/uploads/2022/12/IMG_3222-scaled.jpg
https://progressivemartialarts.com.au/mini-muscles/	https://progressivemartialarts.com.au/wp-content/uploads/2025/02/IMG_3054-181kb.jpg
https://progressivemartialarts.com.au/muay-thai/	https://progressivemartialarts.com.au/wp-content/uploads/2022/10/PMA-logo-2020-11250X60-11.png
https://progressivemartialarts.com.au/muay-thai/	https://progressivemartialarts.com.au/wp-content/uploads/2022/10/PMA-logo-2020-12.png
https://progressivemartialarts.com.au/muay-thai/	https://progressivemartialarts.com.au/wp-content/uploads/2022/11/CameronAndLarryHartsell.jpg
https://progressivemartialarts.com.au/muay-thai/	https://progressivemartialarts.com.au/wp-content/uploads/2025/02/IMG_3054-181kb.jpg
https://progressivemartialarts.com.au/muay-thai/	https://progressivemartialarts.com.au/wp-content/uploads/2025/02/Screenshot-2023-02-08-at-87kb-1.jpg
https://progressivemartialarts.com.au/photos-of-cookie-with-other-instructors/	https://progressivemartialarts.com.au/wp-content/uploads/2022/10/PMA-logo-2020-11250X60-11.png
https://progressivemartialarts.com.au/photos-of-cookie-with-other-instructors/	https://progressivemartialarts.com.au/wp-content/uploads/2022/10/PMA-logo-2020-12.png
https://progressivemartialarts.com.au/photos-of-cookie-with-other-instructors/	https://progressivemartialarts.com.au/wp-content/uploads/2022/11/Dion-Canete-and-Simo-Cookie.jpg
https://progressivemartialarts.com.au/photos-of-cookie-with-other-instructors/	https://progressivemartialarts.com.au/wp-content/uploads/2022/11/Guro-Dan-and-Simo-Cookie.jpg
https://progressivemartialarts.com.au/photos-of-cookie-with-other-instructors/	https://progressivemartialarts.com.au/wp-content/uploads/2022/11/Professor-Jean-Jacques-Machado-and-Simo-Cookie.jpg
https://progressivemartialarts.com.au/photos-of-cookie-with-other-instructors/	https://progressivemartialarts.com.au/wp-content/uploads/2022/11/Professor-John-Machado-and-Simo-Cookie.jpg
https://progressivemartialarts.com.au/photos-of-cookie-with-other-instructors/	https://progressivemartialarts.com.au/wp-content/uploads/2022/11/Sifu-Tsuyoshi-Abe-and-Simo-Cookie.jpg
https://progressivemartialarts.com.au/photos-of-cookie-with-other-instructors/	https://progressivemartialarts.com.au/wp-content/uploads/2022/11/Sifu-Victor-G.jpg
https://progressivemartialarts.com.au/photos-of-cookie-with-other-instructors/	https://progressivemartialarts.com.au/wp-content/uploads/2022/11/Simo-Cathy-Gibson-and-Simo-Cookie.jpg
https://progressivemartialarts.com.au/photos-of-cookie-with-other-instructors/	https://progressivemartialarts.com.au/wp-content/uploads/2022/11/Simo-Cooki-and-Punong-Guro-Edgar-Sulite.jpg
https://progressivemartialarts.com.au/photos-of-cookie-with-other-instructors/	https://progressivemartialarts.com.au/wp-content/uploads/2022/11/Simo-Cookie-Ajarn-Chai-and-Paul-Grimma.jpg
https://progressivemartialarts.com.au/photos-of-cookie-with-other-instructors/	https://progressivemartialarts.com.au/wp-content/uploads/2022/11/Simo-Cookie-Sifu-Larry-Hartsell-and-Simo-Debra-Hartsell.jpg
https://progressivemartialarts.com.au/photos-of-cookie-with-other-instructors/	https://progressivemartialarts.com.au/wp-content/uploads/2022/11/Simo-Cookie-and-Ajarn-Surchai-Chai-Sirisute.jpg
https://progressivemartialarts.com.au/photos-of-cookie-with-other-instructors/	https://progressivemartialarts.com.au/wp-content/uploads/2022/11/Simo-Cookie-and-Eric-Paulson.jpg
https://progressivemartialarts.com.au/photos-of-cookie-with-other-instructors/	https://progressivemartialarts.com.au/wp-content/uploads/2022/11/Simo-Cookie-and-Kevin-Taylor.jpg
https://progressivemartialarts.com.au/photos-of-cookie-with-other-instructors/	https://progressivemartialarts.com.au/wp-content/uploads/2022/11/Simo-Cookie-and-Marc-McFann.jpg
https://progressivemartialarts.com.au/photos-of-cookie-with-other-instructors/	https://progressivemartialarts.com.au/wp-content/uploads/2022/11/Simo-Cookie-and-Sifu-Bob-Breen.jpg
https://progressivemartialarts.com.au/photos-of-cookie-with-other-instructors/	https://progressivemartialarts.com.au/wp-content/uploads/2022/11/Simo-Cookie-and-Sifu-Francis-Fong.jpg
https://progressivemartialarts.com.au/photos-of-cookie-with-other-instructors/	https://progressivemartialarts.com.au/wp-content/uploads/2022/11/Simo-Cookie-and-Sifu-Nino-Pilla.jpg
https://progressivemartialarts.com.au/photos-of-cookie-with-other-instructors/	https://progressivemartialarts.com.au/wp-content/uploads/2022/11/Simo-Cookie-and-Sifu-Rick-Tucci.jpg
https://progressivemartialarts.com.au/photos-of-cookie-with-other-instructors/	https://progressivemartialarts.com.au/wp-content/uploads/2022/11/Simo-Cookie-and-Sifu-Terry-Gibson.jpg
https://progressivemartialarts.com.au/photos-of-cookie-with-other-instructors/	https://progressivemartialarts.com.au/wp-content/uploads/2022/11/Simo-Cookie-and-Simo-Amy-Tucci.jpg
https://progressivemartialarts.com.au/photos-of-cookie-with-other-instructors/	https://progressivemartialarts.com.au/wp-content/uploads/2022/11/Simo-Cookie-and-Simo-Paula-Inosanto.jpg
https://progressivemartialarts.com.au/photos-of-cookie-with-other-instructors/	https://progressivemartialarts.com.au/wp-content/uploads/2022/11/Simo-Lynda-Hatch-Simo-Cookie-and-Sifu-David-Hatch.jpg
https://progressivemartialarts.com.au/pictures-from-earlier-seminars/	https://progressivemartialarts.com.au/wp-content/uploads/2022/10/PMA-logo-2020-11250X60-11.png
https://progressivemartialarts.com.au/pictures-from-earlier-seminars/	https://progressivemartialarts.com.au/wp-content/uploads/2022/10/PMA-logo-2020-12.png
https://progressivemartialarts.com.au/pictures-from-earlier-seminars/	https://progressivemartialarts.com.au/wp-content/uploads/2022/11/Adelaide-Seminar-2-300x112.jpg
https://progressivemartialarts.com.au/pictures-from-earlier-seminars/	https://progressivemartialarts.com.au/wp-content/uploads/2022/11/Adelaide-Seminar.jpg
https://progressivemartialarts.com.au/pictures-from-earlier-seminars/	https://progressivemartialarts.com.au/wp-content/uploads/2022/11/Ajarn-Chai-Seminar.png
https://progressivemartialarts.com.au/pictures-from-earlier-seminars/	https://progressivemartialarts.com.au/wp-content/uploads/2022/11/Erik-Paulson-Seminar-300x133.jpg
https://progressivemartialarts.com.au/pictures-from-earlier-seminars/	https://progressivemartialarts.com.au/wp-content/uploads/2022/11/Guro-Dan-Inosanto-Seminar-300x225.jpg
https://progressivemartialarts.com.au/pictures-from-earlier-seminars/	https://progressivemartialarts.com.au/wp-content/uploads/2022/11/Italian-Seminar.jpg
https://progressivemartialarts.com.au/pictures-from-earlier-seminars/	https://progressivemartialarts.com.au/wp-content/uploads/2022/11/Simo-Cookie-at-Adelaide-Seminar-300x199.jpg
https://progressivemartialarts.com.au/pictures-master-jean-jacques-machado-seminar-2023/	https://progressivemartialarts.com.au/wp-content/uploads/2022/10/PMA-logo-2020-11250X60-11.png
https://progressivemartialarts.com.au/pictures-master-jean-jacques-machado-seminar-2023/	https://progressivemartialarts.com.au/wp-content/uploads/2022/10/PMA-logo-2020-12.png
https://progressivemartialarts.com.au/pmaai-history/	https://progressivemartialarts.com.au/wp-content/uploads/2022/10/PMA-logo-2020-11250X60-11.png
https://progressivemartialarts.com.au/pmaai-history/	https://progressivemartialarts.com.au/wp-content/uploads/2022/10/PMA-logo-2020-12.png
https://progressivemartialarts.com.au/pmaai-history/	https://progressivemartialarts.com.au/wp-content/uploads/2022/11/2014_HistoryPage.jpg
https://progressivemartialarts.com.au/pmaai-history/	https://progressivemartialarts.com.au/wp-content/uploads/2022/11/409CB12A-1274-40AC-81B9-06309978F56C-Copy.jpeg
https://progressivemartialarts.com.au/pmaai-history/	https://progressivemartialarts.com.au/wp-content/uploads/2022/11/op_group.jpg
https://progressivemartialarts.com.au/pmaai-history/	https://progressivemartialarts.com.au/wp-content/uploads/2022/11/pma-history-2017-600x450-1-300x225.jpg
https://progressivemartialarts.com.au/pmaai-history/	https://progressivemartialarts.com.au/wp-content/uploads/2022/11/pma-history-2017-b-600x450-1-300x225.jpg
https://progressivemartialarts.com.au/pmaai-history/	https://progressivemartialarts.com.au/wp-content/uploads/2022/11/pma-old.jpg
https://progressivemartialarts.com.au/pmaai-history/	https://progressivemartialarts.com.au/wp-content/uploads/2022/11/webmovedjpeg2-212x300.png
https://progressivemartialarts.com.au/pmaai-instructors-and-support-crew/	https://progressivemartialarts.com.au/wp-content/uploads/2022/10/PMA-logo-2020-11250X60-11.png
https://progressivemartialarts.com.au/pmaai-instructors-and-support-crew/	https://progressivemartialarts.com.au/wp-content/uploads/2022/10/PMA-logo-2020-12.png
https://progressivemartialarts.com.au/pmaai-instructors-and-support-crew/	https://progressivemartialarts.com.au/wp-content/uploads/2022/11/BenWittkopp-e1783715505148.jpg
https://progressivemartialarts.com.au/pmaai-instructors-and-support-crew/	https://progressivemartialarts.com.au/wp-content/uploads/2022/11/Jeet-Kune-Do-Concepts.jpg
https://progressivemartialarts.com.au/pmaai-instructors-and-support-crew/	https://progressivemartialarts.com.au/wp-content/uploads/2022/11/VaughanWardlaw-e1783715452180.jpg
https://progressivemartialarts.com.au/pmaai-instructors-and-support-crew/	https://progressivemartialarts.com.au/wp-content/uploads/2022/11/junior-150x150-1.jpg
https://progressivemartialarts.com.au/pmaai-instructors-and-support-crew/	https://progressivemartialarts.com.au/wp-content/uploads/2026/07/Aghtan-Kam-150x150.jpg
https://progressivemartialarts.com.au/pmaai-instructors-and-support-crew/	https://progressivemartialarts.com.au/wp-content/uploads/2026/07/Davis-Todd-150x150.jpg
https://progressivemartialarts.com.au/pmaai-instructors-and-support-crew/	https://progressivemartialarts.com.au/wp-content/uploads/2026/07/Davison-Dan-150x150.jpg
https://progressivemartialarts.com.au/pmaai-instructors-and-support-crew/	https://progressivemartialarts.com.au/wp-content/uploads/2026/07/Giuffrida-Rob-150x150.jpg
https://progressivemartialarts.com.au/pmaai-instructors-and-support-crew/	https://progressivemartialarts.com.au/wp-content/uploads/2026/07/Hunter-150x150.jpg
https://progressivemartialarts.com.au/pmaai-instructors-and-support-crew/	https://progressivemartialarts.com.au/wp-content/uploads/2026/07/Massimissa-Aldo-150x150.jpg
https://progressivemartialarts.com.au/pmaai-instructors-and-support-crew/	https://progressivemartialarts.com.au/wp-content/uploads/2026/07/Massimissa-Nick-150x150.jpg
https://progressivemartialarts.com.au/pmaai-instructors-and-support-crew/	https://progressivemartialarts.com.au/wp-content/uploads/2026/07/Proenca-Alberto-gi-150x150.jpg
https://progressivemartialarts.com.au/pmaai-instructors-and-support-crew/	https://progressivemartialarts.com.au/wp-content/uploads/2026/07/Ridgers-Darren-2-150x150.jpg
https://progressivemartialarts.com.au/pmaai-instructors-and-support-crew/	https://progressivemartialarts.com.au/wp-content/uploads/2026/07/Roa-Claudin-1-150x150.jpg
https://progressivemartialarts.com.au/pmaai-instructors-and-support-crew/	https://progressivemartialarts.com.au/wp-content/uploads/2026/07/Shaw-David-150x150.jpg
https://progressivemartialarts.com.au/pmaai-instructors-and-support-crew/	https://progressivemartialarts.com.au/wp-content/uploads/2026/07/Walters-Pappy-gi-150x150.jpg
https://progressivemartialarts.com.au/pmaai-instructors-and-support-crew/	https://www.progressivemartialarts.com.au/wp-content/uploads/2019/12/Progressive-Martial-Arts-Logo-MOB-NEW-06.png
https://progressivemartialarts.com.au/pmaai-instructors-and-support-crew/	https://www.progressivemartialarts.com.au/wp-content/uploads/2019/12/ipic11-1.jpg
https://progressivemartialarts.com.au/product-category/ankle-guards/	https://firstsight.design/cherie/beauty/wp-content/uploads/2020/10/Shopping-Cart.svg
https://progressivemartialarts.com.au/product-category/ankle-guards/	https://progressivemartialarts.com.au/wp-content/uploads/2022/10/PMA-logo-2020-11250X60-11.png
https://progressivemartialarts.com.au/product-category/ankle-guards/	https://progressivemartialarts.com.au/wp-content/uploads/2022/10/PMA-logo-2020-12.png
https://progressivemartialarts.com.au/product-category/ankle-guards/	https://progressivemartialarts.com.au/wp-content/uploads/2022/10/punch-ankle-support.jpg
https://progressivemartialarts.com.au/product-category/bag/	https://firstsight.design/cherie/beauty/wp-content/uploads/2020/10/Shopping-Cart.svg
https://progressivemartialarts.com.au/product-category/bag/	https://progressivemartialarts.com.au/wp-content/uploads/2022/10/PMA-logo-2020-11250X60-11.png
https://progressivemartialarts.com.au/product-category/bag/	https://progressivemartialarts.com.au/wp-content/uploads/2022/10/PMA-logo-2020-12.png
https://progressivemartialarts.com.au/product-category/bag/	https://progressivemartialarts.com.au/wp-content/uploads/2022/10/duffel_bag_360x_1a306b9c-f46f-491b-9d77-8ad7fe888763.jpg
https://progressivemartialarts.com.au/product-category/bag/	https://progressivemartialarts.com.au/wp-content/uploads/2022/10/image_2d3d4dd2-1b08-4aa5-8b47-ff2afbb0550c.png
https://progressivemartialarts.com.au/product-category/bag/	https://progressivemartialarts.com.au/wp-content/uploads/2022/10/image_c90c2037-bad6-4fba-a9e7-50d47fb919d4.png
https://progressivemartialarts.com.au/product-category/bag/	https://progressivemartialarts.com.au/wp-content/uploads/2022/10/image_ccd4135b-3637-42c0-8805-49a53190de04.png
https://progressivemartialarts.com.au/product-category/bag/	https://progressivemartialarts.com.au/wp-content/uploads/2023/02/Dagger-Bag-Gold.jpeg
https://progressivemartialarts.com.au/product-category/bag/	https://progressivemartialarts.com.au/wp-content/uploads/2025/12/IMG_4582-2-600x800.jpg
https://progressivemartialarts.com.au/product-category/book/	https://firstsight.design/cherie/beauty/wp-content/uploads/2020/10/Shopping-Cart.svg
https://progressivemartialarts.com.au/product-category/book/	https://progressivemartialarts.com.au/wp-content/uploads/2022/10/121.jpg
https://progressivemartialarts.com.au/product-category/book/	https://progressivemartialarts.com.au/wp-content/uploads/2022/10/122-600x400.jpg
https://progressivemartialarts.com.au/product-category/book/	https://progressivemartialarts.com.au/wp-content/uploads/2022/10/124-600x831.jpg
https://progressivemartialarts.com.au/product-category/book/	https://progressivemartialarts.com.au/wp-content/uploads/2022/10/Kimura-poster.jpeg
https://progressivemartialarts.com.au/product-category/book/	https://progressivemartialarts.com.au/wp-content/uploads/2022/10/PMA-logo-2020-11250X60-11.png
https://progressivemartialarts.com.au/product-category/book/	https://progressivemartialarts.com.au/wp-content/uploads/2022/10/PMA-logo-2020-12.png
https://progressivemartialarts.com.au/product-category/book/	https://progressivemartialarts.com.au/wp-content/uploads/2022/10/Winning-Mindset-Front-600x900.jpg
https://progressivemartialarts.com.au/product-category/book/	https://progressivemartialarts.com.au/wp-content/uploads/2022/10/Wise-Sheperd-cover-600x953.jpg
https://progressivemartialarts.com.au/product-category/book/	https://progressivemartialarts.com.au/wp-content/uploads/2022/10/fong-book_360x_a71ad87f-c701-4e8e-b028-c11666e78792.jpg
https://progressivemartialarts.com.au/product-category/book/	https://progressivemartialarts.com.au/wp-content/uploads/woocommerce-placeholder.webp
https://progressivemartialarts.com.au/product-category/calendar/	https://firstsight.design/cherie/beauty/wp-content/uploads/2020/10/Shopping-Cart.svg
https://progressivemartialarts.com.au/product-category/calendar/	https://progressivemartialarts.com.au/wp-content/uploads/2022/10/2010_calendar_360x_f12e80dc-3edf-4d16-83e4-eb93056880eb.jpg
https://progressivemartialarts.com.au/product-category/calendar/	https://progressivemartialarts.com.au/wp-content/uploads/2022/10/PMA-logo-2020-11250X60-11.png
https://progressivemartialarts.com.au/product-category/calendar/	https://progressivemartialarts.com.au/wp-content/uploads/2022/10/PMA-logo-2020-12.png
https://progressivemartialarts.com.au/product-category/dvd/	https://firstsight.design/cherie/beauty/wp-content/uploads/2020/10/Shopping-Cart.svg
https://progressivemartialarts.com.au/product-category/dvd/	https://progressivemartialarts.com.au/wp-content/uploads/2022/10/2012-06-Silat-Camp.1-copy.jpg
https://progressivemartialarts.com.au/product-category/dvd/	https://progressivemartialarts.com.au/wp-content/uploads/2022/10/2012-10-Abecedario-600x1009.jpg
https://progressivemartialarts.com.au/product-category/dvd/	https://progressivemartialarts.com.au/wp-content/uploads/2022/10/2012-11-Pangamut-600x1074.jpg
https://progressivemartialarts.com.au/product-category/dvd/	https://progressivemartialarts.com.au/wp-content/uploads/2022/10/2012-12-Thai-Boxing-600x1056.jpg
https://progressivemartialarts.com.au/product-category/dvd/	https://progressivemartialarts.com.au/wp-content/uploads/2022/10/2012-13-Mixed-Arts-2-disc-600x1002.jpg
https://progressivemartialarts.com.au/product-category/dvd/	https://progressivemartialarts.com.au/wp-content/uploads/2022/10/2012-14-Silat-600x922.jpg
https://progressivemartialarts.com.au/product-category/dvd/	https://progressivemartialarts.com.au/wp-content/uploads/2022/10/Heavens-Drums-front-600x601.jpeg
https://progressivemartialarts.com.au/product-category/dvd/	https://progressivemartialarts.com.au/wp-content/uploads/2022/10/PMA-logo-2020-11250X60-11.png
https://progressivemartialarts.com.au/product-category/dvd/	https://progressivemartialarts.com.au/wp-content/uploads/2022/10/PMA-logo-2020-12.png
https://progressivemartialarts.com.au/product-category/dvd/	https://progressivemartialarts.com.au/wp-content/uploads/2022/10/dvd-bolt-wrestling_360x_2773eba6-7a00-4d66-9287-70cd0c021687.jpg
https://progressivemartialarts.com.au/product-category/dvd/	https://progressivemartialarts.com.au/wp-content/uploads/2022/10/dvd-capoeira-active_360x_af314fdf-57e8-402e-b117-8fc1deac6fc3.jpg
https://progressivemartialarts.com.au/product-category/dvd/	https://progressivemartialarts.com.au/wp-content/uploads/2022/10/dvd-dubin-drumming_360x_77fc0434-c184-439d-bd32-9565ad9e2d65.jpg
https://progressivemartialarts.com.au/product-category/dvd/	https://progressivemartialarts.com.au/wp-content/uploads/2022/10/dvd-rhythmic-training_360x_cb6de2e8-250d-483e-ba6d-86c714d752bc.jpg
https://progressivemartialarts.com.au/product-category/dvd/	https://progressivemartialarts.com.au/wp-content/uploads/2022/10/dvd-wingchun-mma_540x_3a7a76b0-19be-48e3-86fc-5b0ebd10b420.jpg
https://progressivemartialarts.com.au/product-category/dvd/	https://progressivemartialarts.com.au/wp-content/uploads/2022/10/helm_cd_front_360x_d8ac5c97-b654-4d2c-bef6-e968d4681d2b.jpg
https://progressivemartialarts.com.au/product-category/dvd/	https://progressivemartialarts.com.au/wp-content/uploads/2026/08/fong_DVD_masters.jpg
https://progressivemartialarts.com.au/product-category/focus-mitts/	https://firstsight.design/cherie/beauty/wp-content/uploads/2020/10/Shopping-Cart.svg
https://progressivemartialarts.com.au/product-category/focus-mitts/	https://progressivemartialarts.com.au/wp-content/uploads/2022/10/PMA-logo-2020-11250X60-11.png
https://progressivemartialarts.com.au/product-category/focus-mitts/	https://progressivemartialarts.com.au/wp-content/uploads/2022/10/PMA-logo-2020-12.png
https://progressivemartialarts.com.au/product-category/focus-mitts/	https://progressivemartialarts.com.au/wp-content/uploads/2023/08/IMG_2848-scaled-e1778709875184-600x312.jpeg
https://progressivemartialarts.com.au/product-category/focus-mitts/	https://progressivemartialarts.com.au/wp-content/uploads/2023/08/IMG_2850-scaled-195kb-e1778714894977-600x688.jpg
https://progressivemartialarts.com.au/product-category/focus-mitts/	https://progressivemartialarts.com.au/wp-content/uploads/2023/08/IMG_2969-scaled-600x948.jpeg
https://progressivemartialarts.com.au/product-category/focus-mitts/	https://progressivemartialarts.com.au/wp-content/uploads/2025/04/IMG_1257-600x800.jpg
https://progressivemartialarts.com.au/product-category/focus-mitts/	https://progressivemartialarts.com.au/wp-content/uploads/2026/05/Focus-Mitts-Morgan-600x450.jpg
https://progressivemartialarts.com.au/product-category/focus-mitts/	https://progressivemartialarts.com.au/wp-content/uploads/2026/05/Focus-Mitts-Punch-600x450.jpg
https://progressivemartialarts.com.au/product-category/gis/	https://firstsight.design/cherie/beauty/wp-content/uploads/2020/10/Shopping-Cart.svg
https://progressivemartialarts.com.au/product-category/gis/	https://progressivemartialarts.com.au/wp-content/uploads/2022/10/Gi-Patch-IAMA-Large-600x572.jpg
https://progressivemartialarts.com.au/product-category/gis/	https://progressivemartialarts.com.au/wp-content/uploads/2022/10/PMA-logo-2020-11250X60-11.png
https://progressivemartialarts.com.au/product-category/gis/	https://progressivemartialarts.com.au/wp-content/uploads/2022/10/PMA-logo-2020-12.png
https://progressivemartialarts.com.au/product-category/gis/	https://progressivemartialarts.com.au/wp-content/uploads/2023/02/Gi-Blue-wWhite-trim-600x726.jpg
https://progressivemartialarts.com.au/product-category/gis/	https://progressivemartialarts.com.au/wp-content/uploads/2025/07/IMG_2212-600x702.jpeg
https://progressivemartialarts.com.au/product-category/gloves/	https://firstsight.design/cherie/beauty/wp-content/uploads/2020/10/Shopping-Cart.svg
https://progressivemartialarts.com.au/product-category/gloves/	https://progressivemartialarts.com.au/wp-content/uploads/2022/10/PMA-logo-2020-11250X60-11.png
https://progressivemartialarts.com.au/product-category/gloves/	https://progressivemartialarts.com.au/wp-content/uploads/2022/10/PMA-logo-2020-12.png
https://progressivemartialarts.com.au/product-category/gloves/	https://progressivemartialarts.com.au/wp-content/uploads/2023/09/IMG_3119-188kb-600x552.jpg
https://progressivemartialarts.com.au/product-category/gloves/	https://progressivemartialarts.com.au/wp-content/uploads/2024/10/IMG_1249.heic
https://progressivemartialarts.com.au/product-category/gloves/	https://progressivemartialarts.com.au/wp-content/uploads/2025/04/IMG_1254-600x800.jpg
https://progressivemartialarts.com.au/product-category/gloves/	https://progressivemartialarts.com.au/wp-content/uploads/2026/05/Boxing-Gloves-Morgan-16.jpg
https://progressivemartialarts.com.au/product-category/hats/	https://firstsight.design/cherie/beauty/wp-content/uploads/2020/10/Shopping-Cart.svg
https://progressivemartialarts.com.au/product-category/hats/	https://progressivemartialarts.com.au/wp-content/uploads/2022/10/PMA-logo-2020-11250X60-11.png
https://progressivemartialarts.com.au/product-category/hats/	https://progressivemartialarts.com.au/wp-content/uploads/2022/10/PMA-logo-2020-12.png
https://progressivemartialarts.com.au/product-category/hats/	https://progressivemartialarts.com.au/wp-content/uploads/2023/02/72A02F91-B112-463C-AC5B-E78051291A52_1_105_c-600x824.jpeg
https://progressivemartialarts.com.au/product-category/hoodies-and-jackets/	https://firstsight.design/cherie/beauty/wp-content/uploads/2020/10/Shopping-Cart.svg
https://progressivemartialarts.com.au/product-category/hoodies-and-jackets/	https://progressivemartialarts.com.au/wp-content/uploads/2022/10/IAMA-Hoodie-BandG-e1781059471389.jpeg
https://progressivemartialarts.com.au/product-category/hoodies-and-jackets/	https://progressivemartialarts.com.au/wp-content/uploads/2022/10/IAMA-Windbreaker.jpeg
https://progressivemartialarts.com.au/product-category/hoodies-and-jackets/	https://progressivemartialarts.com.au/wp-content/uploads/2022/10/PMA-logo-2020-11250X60-11.png
https://progressivemartialarts.com.au/product-category/hoodies-and-jackets/	https://progressivemartialarts.com.au/wp-content/uploads/2022/10/PMA-logo-2020-12.png
https://progressivemartialarts.com.au/product-category/hoodies-and-jackets/	https://progressivemartialarts.com.au/wp-content/uploads/2022/10/Shield-hood.jpeg
https://progressivemartialarts.com.au/product-category/hoodies-and-jackets/	https://progressivemartialarts.com.au/wp-content/uploads/2022/10/clothing_hoodie_zipper_redgold_back_360x_ffa71e94-1700-407f-83e6-0a0d39a0683b-e1781059753997.jpg
https://progressivemartialarts.com.au/product-category/hoodies-and-jackets/	https://progressivemartialarts.com.au/wp-content/uploads/2022/10/image_ee55cf16-67e0-4932-b41c-cdb2860b1328-e1781059334221-600x960.jpg
https://progressivemartialarts.com.au/product-category/kids-hoodies/	https://firstsight.design/cherie/beauty/wp-content/uploads/2020/10/Shopping-Cart.svg
https://progressivemartialarts.com.au/product-category/kids-hoodies/	https://progressivemartialarts.com.au/wp-content/uploads/2022/10/PMA-logo-2020-11250X60-11.png
https://progressivemartialarts.com.au/product-category/kids-hoodies/	https://progressivemartialarts.com.au/wp-content/uploads/2022/10/PMA-logo-2020-12.png
https://progressivemartialarts.com.au/product-category/kids-hoodies/	https://progressivemartialarts.com.au/wp-content/uploads/2023/02/51FA649D-9B3E-4E20-A9A6-C6C9C290717D-600x455.jpeg
https://progressivemartialarts.com.au/product-category/mini-muscles/	https://firstsight.design/cherie/beauty/wp-content/uploads/2020/10/Shopping-Cart.svg
https://progressivemartialarts.com.au/product-category/mini-muscles/	https://progressivemartialarts.com.au/wp-content/uploads/2022/10/PMA-logo-2020-11250X60-11.png
https://progressivemartialarts.com.au/product-category/mini-muscles/	https://progressivemartialarts.com.au/wp-content/uploads/2022/10/PMA-logo-2020-12.png
https://progressivemartialarts.com.au/product-category/mini-muscles/	https://progressivemartialarts.com.au/wp-content/uploads/2023/02/C5ECE951-DB5E-4594-8C6A-B3E460F94CDD-600x363.jpeg
https://progressivemartialarts.com.au/product-category/pants/	https://firstsight.design/cherie/beauty/wp-content/uploads/2020/10/Shopping-Cart.svg
https://progressivemartialarts.com.au/product-category/pants/	https://progressivemartialarts.com.au/wp-content/uploads/2022/10/PMA-logo-2020-11250X60-11.png
https://progressivemartialarts.com.au/product-category/pants/	https://progressivemartialarts.com.au/wp-content/uploads/2022/10/PMA-logo-2020-12.png
https://progressivemartialarts.com.au/product-category/pants/	https://progressivemartialarts.com.au/wp-content/uploads/2022/10/image_31f7987b-a2a9-497e-97a9-8d49da69be15-600x804.jpg
https://progressivemartialarts.com.au/product-category/pants/	https://progressivemartialarts.com.au/wp-content/uploads/2022/10/image_a4195139-19f7-4e88-b06d-55645ff4a91a-600x804.jpg
https://progressivemartialarts.com.au/product-category/pants/	https://progressivemartialarts.com.au/wp-content/uploads/2022/10/image_bf23717d-7002-4baf-905e-61f5b79cae37-600x516.jpg
https://progressivemartialarts.com.au/product-category/pants/	https://progressivemartialarts.com.au/wp-content/uploads/2022/10/image_fda0ecf4-c59a-4f4e-98a0-610560700311-600x718.jpg
https://progressivemartialarts.com.au/product-category/pants/	https://progressivemartialarts.com.au/wp-content/uploads/2022/10/progressive-martial-arts-gi-pants-1-e1779165833537.jpg
https://progressivemartialarts.com.au/product-category/pants/	https://progressivemartialarts.com.au/wp-content/uploads/2022/10/revgear-thai-shorts-various-colours-2.jpg
https://progressivemartialarts.com.au/product-category/pants/	https://progressivemartialarts.com.au/wp-content/uploads/2023/02/IMG2680.jpg.jpg
https://progressivemartialarts.com.au/product-category/patches/	https://firstsight.design/cherie/beauty/wp-content/uploads/2020/10/Shopping-Cart.svg
https://progressivemartialarts.com.au/product-category/patches/	https://progressivemartialarts.com.au/wp-content/uploads/2022/10/Gi-Patch-IAMA-Large-600x572.jpg
https://progressivemartialarts.com.au/product-category/patches/	https://progressivemartialarts.com.au/wp-content/uploads/2022/10/PMA-logo-2020-11250X60-11.png
https://progressivemartialarts.com.au/product-category/patches/	https://progressivemartialarts.com.au/wp-content/uploads/2022/10/PMA-logo-2020-12.png
https://progressivemartialarts.com.au/product-category/patches/	https://progressivemartialarts.com.au/wp-content/uploads/2025/07/IMG_2212-600x702.jpeg
https://progressivemartialarts.com.au/product-category/posters/	https://firstsight.design/cherie/beauty/wp-content/uploads/2020/10/Shopping-Cart.svg
https://progressivemartialarts.com.au/product-category/posters/	https://progressivemartialarts.com.au/wp-content/uploads/2022/10/124-600x831.jpg
https://progressivemartialarts.com.au/product-category/posters/	https://progressivemartialarts.com.au/wp-content/uploads/2022/10/Kimura-poster.jpeg
https://progressivemartialarts.com.au/product-category/posters/	https://progressivemartialarts.com.au/wp-content/uploads/2022/10/PMA-logo-2020-11250X60-11.png
https://progressivemartialarts.com.au/product-category/posters/	https://progressivemartialarts.com.au/wp-content/uploads/2022/10/PMA-logo-2020-12.png
https://progressivemartialarts.com.au/product-category/rash-guards/	https://firstsight.design/cherie/beauty/wp-content/uploads/2020/10/Shopping-Cart.svg
https://progressivemartialarts.com.au/product-category/rash-guards/	https://progressivemartialarts.com.au/wp-content/uploads/2022/10/PMA-logo-2020-11250X60-11.png
https://progressivemartialarts.com.au/product-category/rash-guards/	https://progressivemartialarts.com.au/wp-content/uploads/2022/10/PMA-logo-2020-12.png
https://progressivemartialarts.com.au/product-category/rash-guards/	https://progressivemartialarts.com.au/wp-content/uploads/2022/10/inosanto-academy-long-sleeve-rash-vest.jpg
https://progressivemartialarts.com.au/product-category/rash-guards/	https://progressivemartialarts.com.au/wp-content/uploads/2022/10/inosanto-academy-short-sleeve-rash-vest-e1778982686103.jpg
https://progressivemartialarts.com.au/product-category/rash-guards/	https://progressivemartialarts.com.au/wp-content/uploads/2026/06/Rashguard-Black-wRed-600x450.webp
https://progressivemartialarts.com.au/product-category/seminar/	https://firstsight.design/cherie/beauty/wp-content/uploads/2020/10/Shopping-Cart.svg
https://progressivemartialarts.com.au/product-category/seminar/	https://progressivemartialarts.com.au/wp-content/uploads/2022/10/PMA-logo-2020-11250X60-11.png
https://progressivemartialarts.com.au/product-category/seminar/	https://progressivemartialarts.com.au/wp-content/uploads/2022/10/PMA-logo-2020-12.png
https://progressivemartialarts.com.au/product-category/seminar/	https://progressivemartialarts.com.au/wp-content/uploads/2026/04/2026-11-20-Australia-Tour3.1-600x776.jpeg
https://progressivemartialarts.com.au/product-category/seminar/	https://progressivemartialarts.com.au/wp-content/uploads/2026/04/2026-11-Sifu-Fong-Australia.1-2-600x776.jpeg
https://progressivemartialarts.com.au/product-category/shorts/	https://firstsight.design/cherie/beauty/wp-content/uploads/2020/10/Shopping-Cart.svg
https://progressivemartialarts.com.au/product-category/shorts/	https://progressivemartialarts.com.au/wp-content/uploads/2022/10/PMA-logo-2020-11250X60-11.png
https://progressivemartialarts.com.au/product-category/shorts/	https://progressivemartialarts.com.au/wp-content/uploads/2022/10/PMA-logo-2020-12.png
https://progressivemartialarts.com.au/product-category/shorts/	https://progressivemartialarts.com.au/wp-content/uploads/2022/10/Shorts-Black-Gold.jpg
https://progressivemartialarts.com.au/product-category/shorts/	https://progressivemartialarts.com.au/wp-content/uploads/2022/10/Shorts-Black-Red-Gold.jpg.jpeg
https://progressivemartialarts.com.au/product-category/shorts/	https://progressivemartialarts.com.au/wp-content/uploads/2022/10/Shorts-MMA-Black-Gold.jpg.jpeg
https://progressivemartialarts.com.au/product-category/shorts/	https://progressivemartialarts.com.au/wp-content/uploads/2022/10/WTBA-Shorts-classic.jpeg
https://progressivemartialarts.com.au/product-category/shorts/	https://progressivemartialarts.com.au/wp-content/uploads/2022/10/revgear-thai-shorts-various-colours-2.jpg
https://progressivemartialarts.com.au/product-category/shorts/	https://progressivemartialarts.com.au/wp-content/uploads/2023/02/89A24721-180C-42F9-961A-7A81E25A2467_1_105_c-600x707.jpeg
https://progressivemartialarts.com.au/product-category/shorts/	https://progressivemartialarts.com.au/wp-content/uploads/2023/02/IMG2488.jpg
https://progressivemartialarts.com.au/product-category/shorts/	https://progressivemartialarts.com.au/wp-content/uploads/2025/12/Shorts-MMA-White.jpeg
https://progressivemartialarts.com.au/product-category/singlets/	https://firstsight.design/cherie/beauty/wp-content/uploads/2020/10/Shopping-Cart.svg
https://progressivemartialarts.com.au/product-category/singlets/	https://progressivemartialarts.com.au/wp-content/uploads/2022/10/2016-australian-tour-singlet-600x600.jpg
https://progressivemartialarts.com.au/product-category/singlets/	https://progressivemartialarts.com.au/wp-content/uploads/2022/10/20191213_103249-600x668.jpg
https://progressivemartialarts.com.au/product-category/singlets/	https://progressivemartialarts.com.au/wp-content/uploads/2022/10/IAMA-Spaghetti.jpeg
https://progressivemartialarts.com.au/product-category/singlets/	https://progressivemartialarts.com.au/wp-content/uploads/2022/10/PMA-logo-2020-11250X60-11.png
https://progressivemartialarts.com.au/product-category/singlets/	https://progressivemartialarts.com.au/wp-content/uploads/2022/10/PMA-logo-2020-12.png
https://progressivemartialarts.com.au/product-category/singlets/	https://progressivemartialarts.com.au/wp-content/uploads/2022/10/Tank-Lacoste.jpeg
https://progressivemartialarts.com.au/product-category/singlets/	https://progressivemartialarts.com.au/wp-content/uploads/2022/10/WTBA-Tanktop-classic.jpeg
https://progressivemartialarts.com.au/product-category/singlets/	https://progressivemartialarts.com.au/wp-content/uploads/2022/10/clothing_racerback_tank_front_360x_cfef6fbb-c3e3-481a-88f1-a367e363f01e.jpg
https://progressivemartialarts.com.au/product-category/singlets/	https://progressivemartialarts.com.au/wp-content/uploads/2022/10/iama_tanktop_360x_839c4b19-c0df-474e-8eb3-a0031b2aafdc.jpg
https://progressivemartialarts.com.au/product-category/singlets/	https://progressivemartialarts.com.au/wp-content/uploads/2022/10/inosanto-absorb-what-is-useful-singlet-e1776830771357.jpg
https://progressivemartialarts.com.au/product-category/singlets/	https://progressivemartialarts.com.au/wp-content/uploads/2022/10/inosanto-kali-singlet-e1776826437760.jpg
https://progressivemartialarts.com.au/product-category/singlets/	https://progressivemartialarts.com.au/wp-content/uploads/2023/02/IMG2486.jpg.jpg
https://progressivemartialarts.com.au/product-category/t-shirts/	https://firstsight.design/cherie/beauty/wp-content/uploads/2020/10/Shopping-Cart.svg
https://progressivemartialarts.com.au/product-category/t-shirts/	https://progressivemartialarts.com.au/wp-content/uploads/2022/10/2016-australian-tour-shirt-2.jpg
https://progressivemartialarts.com.au/product-category/t-shirts/	https://progressivemartialarts.com.au/wp-content/uploads/2022/10/20191213_103249-600x668.jpg
https://progressivemartialarts.com.au/product-category/t-shirts/	https://progressivemartialarts.com.au/wp-content/uploads/2022/10/PMA-logo-2020-11250X60-11.png
https://progressivemartialarts.com.au/product-category/t-shirts/	https://progressivemartialarts.com.au/wp-content/uploads/2022/10/PMA-logo-2020-12.png
https://progressivemartialarts.com.au/product-category/t-shirts/	https://progressivemartialarts.com.au/wp-content/uploads/2022/10/baseball-absorb-black-grey-store_360x_ffca1cc8-90ef-4233-861d-f21c71234481.jpg
https://progressivemartialarts.com.au/product-category/t-shirts/	https://progressivemartialarts.com.au/wp-content/uploads/2022/10/baseball-absorb-blue-gold-front_360x_ce6cd087-2dde-4485-ab52-685c651bf450.jpg
https://progressivemartialarts.com.au/product-category/t-shirts/	https://progressivemartialarts.com.au/wp-content/uploads/2022/10/image_101cf205-3dba-4154-921f-ca5465f14fc7-600x722.jpg
https://progressivemartialarts.com.au/product-category/t-shirts/	https://progressivemartialarts.com.au/wp-content/uploads/2022/10/image_2c9cad20-3667-4fe1-81ae-4db152855d22-600x859.jpg
https://progressivemartialarts.com.au/product-category/t-shirts/	https://progressivemartialarts.com.au/wp-content/uploads/2022/10/inosanto-academy-long-sleeve-rash-vest.jpg
https://progressivemartialarts.com.au/product-category/t-shirts/	https://progressivemartialarts.com.au/wp-content/uploads/2022/10/inosanto-academy-short-sleeve-rash-vest-e1778982686103.jpg
https://progressivemartialarts.com.au/product-category/t-shirts/	https://progressivemartialarts.com.au/wp-content/uploads/2022/10/shirt-sporttek-baseball-silver-black-front_360x_b0ca8d88-8f6a-499a-a75a-3dc2d79a69e0.jpg
https://progressivemartialarts.com.au/product-category/t-shirts/	https://progressivemartialarts.com.au/wp-content/uploads/2022/10/tshirt-legends-15-front-250_2048x2048_b7e67ca9-27ec-4d10-b37c-79a81b72a14b_360x.jpg
https://progressivemartialarts.com.au/product-category/t-shirts/	https://progressivemartialarts.com.au/wp-content/uploads/2023/02/IMG2472.jpg
https://progressivemartialarts.com.au/product-category/t-shirts/	https://progressivemartialarts.com.au/wp-content/uploads/2023/02/IMG2476.jpg
https://progressivemartialarts.com.au/product-category/t-shirts/	https://progressivemartialarts.com.au/wp-content/uploads/2023/02/University-T-Black-white-600x823.jpg
https://progressivemartialarts.com.au/product-category/t-shirts/	https://progressivemartialarts.com.au/wp-content/uploads/2026/06/Rashguard-Black-wRed-600x450.webp
https://progressivemartialarts.com.au/product-category/thai-pads/	https://firstsight.design/cherie/beauty/wp-content/uploads/2020/10/Shopping-Cart.svg
https://progressivemartialarts.com.au/product-category/thai-pads/	https://progressivemartialarts.com.au/wp-content/uploads/2022/10/PMA-logo-2020-11250X60-11.png
https://progressivemartialarts.com.au/product-category/thai-pads/	https://progressivemartialarts.com.au/wp-content/uploads/2022/10/PMA-logo-2020-12.png
https://progressivemartialarts.com.au/product-category/thai-pads/	https://progressivemartialarts.com.au/wp-content/uploads/2022/10/Thai-Pads-Punch-Red-600x600.webp
https://progressivemartialarts.com.au/product-category/thai-pads/	https://progressivemartialarts.com.au/wp-content/uploads/2023/08/IMG_2969-scaled-600x948.jpeg
https://progressivemartialarts.com.au/product-category/towel/	https://firstsight.design/cherie/beauty/wp-content/uploads/2020/10/Shopping-Cart.svg
https://progressivemartialarts.com.au/product-category/towel/	https://progressivemartialarts.com.au/wp-content/uploads/2022/10/PMA-logo-2020-11250X60-11.png
https://progressivemartialarts.com.au/product-category/towel/	https://progressivemartialarts.com.au/wp-content/uploads/2022/10/PMA-logo-2020-12.png
https://progressivemartialarts.com.au/product-category/towel/	https://progressivemartialarts.com.au/wp-content/uploads/2022/10/image_fb853290-905a-4e9c-9b1c-403ca5c200c6-scaled-1-600x694.jpg
https://progressivemartialarts.com.au/product-category/towel/	https://progressivemartialarts.com.au/wp-content/uploads/2023/02/2C206BDF-C2DA-4A86-8F31-BC8CB37A36E5-600x493.jpeg
https://progressivemartialarts.com.au/product-category/towel/	https://progressivemartialarts.com.au/wp-content/uploads/2023/02/34B25B94-D443-4893-BCB2-AE38065A234A-600x732.jpeg
https://progressivemartialarts.com.au/product-category/training-equipment/	https://firstsight.design/cherie/beauty/wp-content/uploads/2020/10/Shopping-Cart.svg
https://progressivemartialarts.com.au/product-category/training-equipment/	https://progressivemartialarts.com.au/wp-content/uploads/2022/10/PMA-logo-2020-11250X60-11.png
https://progressivemartialarts.com.au/product-category/training-equipment/	https://progressivemartialarts.com.au/wp-content/uploads/2022/10/PMA-logo-2020-12.png
https://progressivemartialarts.com.au/product-category/training-equipment/	https://progressivemartialarts.com.au/wp-content/uploads/2022/10/Training-Dagger-02-600x450.jpg
https://progressivemartialarts.com.au/product-category/training-equipment/	https://progressivemartialarts.com.au/wp-content/uploads/2022/10/Training-Dagger-03-600x450.jpg
https://progressivemartialarts.com.au/product-category/training-equipment/	https://progressivemartialarts.com.au/wp-content/uploads/2022/10/blades-004_360x_a81732c8-99d6-4ee9-beb1-63dc64f0eb9c.jpg
https://progressivemartialarts.com.au/product-category/training-equipment/	https://progressivemartialarts.com.au/wp-content/uploads/2022/10/blades_model_005_360x_1034b4bd-bce8-47bc-8e62-b1131184e83e.jpg
https://progressivemartialarts.com.au/product-category/training-equipment/	https://progressivemartialarts.com.au/wp-content/uploads/2022/10/dagger-bca_360x_895a535c-d41f-41d7-9faa-afbe3d50093b.jpg
https://progressivemartialarts.com.au/product-category/training-equipment/	https://progressivemartialarts.com.au/wp-content/uploads/2022/10/products_training_dagger_360x_22c58b36-189d-43ca-9c01-b4dad2391a20.jpg
https://progressivemartialarts.com.au/product-category/training-equipment/	https://progressivemartialarts.com.au/wp-content/uploads/2023/02/3CEADE31-CD6F-4FD8-9D23-7E22BF0C34AB-600x439.jpeg
https://progressivemartialarts.com.au/product-category/training-equipment/	https://progressivemartialarts.com.au/wp-content/uploads/2023/09/IMG_3024-scaled-600x800.jpeg
https://progressivemartialarts.com.au/product-category/training-equipment/	https://progressivemartialarts.com.au/wp-content/uploads/2025/08/IMG_9525-2-600x800.jpeg
https://progressivemartialarts.com.au/product-category/training-equipment/	https://progressivemartialarts.com.au/wp-content/uploads/2025/08/IMG_9531-2-600x800.jpeg
https://progressivemartialarts.com.au/product-category/training-equipment/	https://progressivemartialarts.com.au/wp-content/uploads/2025/08/IMG_9537-2-600x800.jpeg
https://progressivemartialarts.com.au/product-category/training-equipment/	https://progressivemartialarts.com.au/wp-content/uploads/2025/08/IMG_9545-2-600x800.jpeg
https://progressivemartialarts.com.au/product-category/training-equipment/	https://progressivemartialarts.com.au/wp-content/uploads/2025/08/IMG_9547-2-scaled-e1777422171489-600x800.jpeg
https://progressivemartialarts.com.au/product-category/training-equipment/	https://progressivemartialarts.com.au/wp-content/uploads/2025/08/IMG_9554-2-600x800.jpeg
https://progressivemartialarts.com.au/product-category/wraps/	https://firstsight.design/cherie/beauty/wp-content/uploads/2020/10/Shopping-Cart.svg
https://progressivemartialarts.com.au/product-category/wraps/	https://progressivemartialarts.com.au/wp-content/uploads/2022/10/Malong-600x493.jpg
https://progressivemartialarts.com.au/product-category/wraps/	https://progressivemartialarts.com.au/wp-content/uploads/2022/10/PMA-logo-2020-11250X60-11.png
https://progressivemartialarts.com.au/product-category/wraps/	https://progressivemartialarts.com.au/wp-content/uploads/2022/10/PMA-logo-2020-12.png
https://progressivemartialarts.com.au/product-category/wraps/	https://progressivemartialarts.com.au/wp-content/uploads/2022/10/ikat-01_360x_c68eeb41-4a38-40c2-849c-3fa10d07337f.jpg
https://progressivemartialarts.com.au/product-category/wraps/	https://progressivemartialarts.com.au/wp-content/uploads/2022/10/image_82fa5c0c-07d7-42de-b015-40813f3fb6bc-600x450.webp
https://progressivemartialarts.com.au/product-category/wraps/	https://progressivemartialarts.com.au/wp-content/uploads/2022/10/punch-hand-wraps-e1778715967245.jpg
https://progressivemartialarts.com.au/product-tag/accessories/	https://firstsight.design/cherie/beauty/wp-content/uploads/2020/10/Shopping-Cart.svg
https://progressivemartialarts.com.au/product-tag/accessories/	https://progressivemartialarts.com.au/wp-content/uploads/2022/10/Gi-Patch-IAMA-Large-600x572.jpg
https://progressivemartialarts.com.au/product-tag/accessories/	https://progressivemartialarts.com.au/wp-content/uploads/2022/10/PMA-logo-2020-11250X60-11.png
https://progressivemartialarts.com.au/product-tag/accessories/	https://progressivemartialarts.com.au/wp-content/uploads/2022/10/PMA-logo-2020-12.png
https://progressivemartialarts.com.au/product-tag/accessories/	https://progressivemartialarts.com.au/wp-content/uploads/2022/10/Shorts-Black-Gold.jpg
https://progressivemartialarts.com.au/product-tag/accessories/	https://progressivemartialarts.com.au/wp-content/uploads/2022/10/image_82fa5c0c-07d7-42de-b015-40813f3fb6bc-600x450.webp
https://progressivemartialarts.com.au/product-tag/ajarn-chai-sirisute/	https://firstsight.design/cherie/beauty/wp-content/uploads/2020/10/Shopping-Cart.svg
https://progressivemartialarts.com.au/product-tag/ajarn-chai-sirisute/	https://progressivemartialarts.com.au/wp-content/uploads/2022/10/2012-12-Thai-Boxing-600x1056.jpg
https://progressivemartialarts.com.au/product-tag/ajarn-chai-sirisute/	https://progressivemartialarts.com.au/wp-content/uploads/2022/10/2012-13-Mixed-Arts-2-disc-600x1002.jpg
https://progressivemartialarts.com.au/product-tag/ajarn-chai-sirisute/	https://progressivemartialarts.com.au/wp-content/uploads/2022/10/PMA-logo-2020-11250X60-11.png
https://progressivemartialarts.com.au/product-tag/ajarn-chai-sirisute/	https://progressivemartialarts.com.au/wp-content/uploads/2022/10/PMA-logo-2020-12.png
https://progressivemartialarts.com.au/product-tag/ajarn-chai-sirisute/	https://progressivemartialarts.com.au/wp-content/uploads/2022/10/WTBA-Shorts-classic.jpeg
https://progressivemartialarts.com.au/product-tag/ajarn-chai-sirisute/	https://progressivemartialarts.com.au/wp-content/uploads/2022/10/WTBA-Tanktop-classic.jpeg
https://progressivemartialarts.com.au/product-tag/ajarn-chai-sirisute/	https://progressivemartialarts.com.au/wp-content/uploads/2022/10/dvd_martialartsmasters_360x_5753665b-b61d-4e0d-9a21-1c791014dcd7.jpg
https://progressivemartialarts.com.au/product-tag/ajarn-chai-sirisute/	https://progressivemartialarts.com.au/wp-content/uploads/2022/10/iama_tanktop_360x_839c4b19-c0df-474e-8eb3-a0031b2aafdc.jpg
https://progressivemartialarts.com.au/product-tag/ajarn-chai-sirisute/	https://progressivemartialarts.com.au/wp-content/uploads/2022/10/image_83c86b91-64b9-43db-8dfc-7858cd788faa.png
https://progressivemartialarts.com.au/product-tag/ajarn-chai-sirisute/	https://progressivemartialarts.com.au/wp-content/uploads/2022/10/image_fda0ecf4-c59a-4f4e-98a0-610560700311-600x718.jpg
https://progressivemartialarts.com.au/product-tag/ajarn-chai-sirisute/	https://progressivemartialarts.com.au/wp-content/uploads/2022/10/tshirt-legends-15-front-250_2048x2048_b7e67ca9-27ec-4d10-b37c-79a81b72a14b_360x.jpg
https://progressivemartialarts.com.au/product-tag/ajarn-chai-sirisute/	https://progressivemartialarts.com.au/wp-content/uploads/2026/04/2013-12-Thai-Boxing-600x996.jpg
https://progressivemartialarts.com.au/product-tag/ajarn-chai-sirisute/	https://progressivemartialarts.com.au/wp-content/uploads/2026/04/2015-12-Thai-Boxing.1.jpg
https://progressivemartialarts.com.au/product-tag/ajarn-chai-sirisute/	https://progressivemartialarts.com.au/wp-content/uploads/2026/04/2017-12-Thai-Boxing-1-600x823.jpg
https://progressivemartialarts.com.au/product-tag/ajarn-chai-sirisute/	https://progressivemartialarts.com.au/wp-content/uploads/2026/04/2018-12-Thai-Boxing-1-600x851.jpg
https://progressivemartialarts.com.au/product-tag/ajarn-chai-sirisute/	https://progressivemartialarts.com.au/wp-content/uploads/2026/04/2023-12-Thai-Boxing-1-600x788.jpg
https://progressivemartialarts.com.au/product-tag/ajarn-dan-inosanto/	https://firstsight.design/cherie/beauty/wp-content/uploads/2020/10/Shopping-Cart.svg
https://progressivemartialarts.com.au/product-tag/ajarn-dan-inosanto/	https://progressivemartialarts.com.au/wp-content/uploads/2022/10/PMA-logo-2020-11250X60-11.png
https://progressivemartialarts.com.au/product-tag/ajarn-dan-inosanto/	https://progressivemartialarts.com.au/wp-content/uploads/2022/10/PMA-logo-2020-12.png
https://progressivemartialarts.com.au/product-tag/ajarn-dan-inosanto/	https://progressivemartialarts.com.au/wp-content/uploads/2022/10/WTBA-Tanktop-classic.jpeg
https://progressivemartialarts.com.au/product-tag/all-dvd/	https://firstsight.design/cherie/beauty/wp-content/uploads/2020/10/Shopping-Cart.svg
https://progressivemartialarts.com.au/product-tag/all-dvd/	https://progressivemartialarts.com.au/wp-content/uploads/2022/10/2012-06-Silat-Camp.1-copy.jpg
https://progressivemartialarts.com.au/product-tag/all-dvd/	https://progressivemartialarts.com.au/wp-content/uploads/2022/10/2012-08-Sensitivity-600x1002.jpg
https://progressivemartialarts.com.au/product-tag/all-dvd/	https://progressivemartialarts.com.au/wp-content/uploads/2022/10/2012-09-Stck-and-Dagger-600x986.jpg
https://progressivemartialarts.com.au/product-tag/all-dvd/	https://progressivemartialarts.com.au/wp-content/uploads/2022/10/2012-10-Abecedario-600x1009.jpg
https://progressivemartialarts.com.au/product-tag/all-dvd/	https://progressivemartialarts.com.au/wp-content/uploads/2022/10/2012-11-Pangamut-600x1074.jpg
https://progressivemartialarts.com.au/product-tag/all-dvd/	https://progressivemartialarts.com.au/wp-content/uploads/2022/10/2012-12-Thai-Boxing-600x1056.jpg
https://progressivemartialarts.com.au/product-tag/all-dvd/	https://progressivemartialarts.com.au/wp-content/uploads/2022/10/2012-13-Mixed-Arts-2-disc-600x1002.jpg
https://progressivemartialarts.com.au/product-tag/all-dvd/	https://progressivemartialarts.com.au/wp-content/uploads/2022/10/2012-14-Silat-600x922.jpg
https://progressivemartialarts.com.au/product-tag/all-dvd/	https://progressivemartialarts.com.au/wp-content/uploads/2022/10/PMA-logo-2020-11250X60-11.png
https://progressivemartialarts.com.au/product-tag/all-dvd/	https://progressivemartialarts.com.au/wp-content/uploads/2022/10/PMA-logo-2020-12.png
https://progressivemartialarts.com.au/product-tag/all-dvd/	https://progressivemartialarts.com.au/wp-content/uploads/2022/10/dvd-bolt-wrestling_360x_2773eba6-7a00-4d66-9287-70cd0c021687.jpg
https://progressivemartialarts.com.au/product-tag/all-dvd/	https://progressivemartialarts.com.au/wp-content/uploads/2022/10/dvd-capoeira-active_360x_af314fdf-57e8-402e-b117-8fc1deac6fc3.jpg
https://progressivemartialarts.com.au/product-tag/all-dvd/	https://progressivemartialarts.com.au/wp-content/uploads/2022/10/dvd-dubin-drumming_360x_77fc0434-c184-439d-bd32-9565ad9e2d65.jpg
https://progressivemartialarts.com.au/product-tag/all-dvd/	https://progressivemartialarts.com.au/wp-content/uploads/2022/10/dvd-rhythmic-training_360x_cb6de2e8-250d-483e-ba6d-86c714d752bc.jpg
https://progressivemartialarts.com.au/product-tag/all-dvd/	https://progressivemartialarts.com.au/wp-content/uploads/2022/10/dvd-wingchun-mma_540x_3a7a76b0-19be-48e3-86fc-5b0ebd10b420.jpg
https://progressivemartialarts.com.au/product-tag/all-dvd/	https://progressivemartialarts.com.au/wp-content/uploads/2026/08/fong_DVD_masters.jpg
https://progressivemartialarts.com.au/product-tag/aluminium/	https://firstsight.design/cherie/beauty/wp-content/uploads/2020/10/Shopping-Cart.svg
https://progressivemartialarts.com.au/product-tag/aluminium/	https://progressivemartialarts.com.au/wp-content/uploads/2022/10/PMA-logo-2020-11250X60-11.png
https://progressivemartialarts.com.au/product-tag/aluminium/	https://progressivemartialarts.com.au/wp-content/uploads/2022/10/PMA-logo-2020-12.png
https://progressivemartialarts.com.au/product-tag/aluminium/	https://progressivemartialarts.com.au/wp-content/uploads/2022/10/Training-Dagger-02-600x450.jpg
https://progressivemartialarts.com.au/product-tag/aluminium/	https://progressivemartialarts.com.au/wp-content/uploads/2022/10/Training-Dagger-03-600x450.jpg
https://progressivemartialarts.com.au/product-tag/aluminium/	https://progressivemartialarts.com.au/wp-content/uploads/2022/10/Training-Dagger-06-600x450.jpg
https://progressivemartialarts.com.au/product-tag/aluminium/	https://progressivemartialarts.com.au/wp-content/uploads/2023/02/3CEADE31-CD6F-4FD8-9D23-7E22BF0C34AB-600x439.jpeg
https://progressivemartialarts.com.au/product-tag/aluminum-training-dagger/	https://firstsight.design/cherie/beauty/wp-content/uploads/2020/10/Shopping-Cart.svg
https://progressivemartialarts.com.au/product-tag/aluminum-training-dagger/	https://progressivemartialarts.com.au/wp-content/uploads/2022/10/PMA-logo-2020-11250X60-11.png
https://progressivemartialarts.com.au/product-tag/aluminum-training-dagger/	https://progressivemartialarts.com.au/wp-content/uploads/2022/10/PMA-logo-2020-12.png
https://progressivemartialarts.com.au/product-tag/aluminum-training-dagger/	https://progressivemartialarts.com.au/wp-content/uploads/2022/10/Training-Dagger-02-600x450.jpg
https://progressivemartialarts.com.au/product-tag/aluminum-training-dagger/	https://progressivemartialarts.com.au/wp-content/uploads/2022/10/Training-Dagger-03-600x450.jpg
https://progressivemartialarts.com.au/product-tag/aluminum-training-dagger/	https://progressivemartialarts.com.au/wp-content/uploads/2022/10/Training-Dagger-06-600x450.jpg
https://progressivemartialarts.com.au/product-tag/aluminum-training-dagger/	https://progressivemartialarts.com.au/wp-content/uploads/2022/10/blades-004_360x_a81732c8-99d6-4ee9-beb1-63dc64f0eb9c.jpg
https://progressivemartialarts.com.au/product-tag/aluminum-training-dagger/	https://progressivemartialarts.com.au/wp-content/uploads/2022/10/blades_model_005_360x_1034b4bd-bce8-47bc-8e62-b1131184e83e.jpg
https://progressivemartialarts.com.au/product-tag/aluminum-training-dagger/	https://progressivemartialarts.com.au/wp-content/uploads/2022/10/dagger-bca_360x_895a535c-d41f-41d7-9faa-afbe3d50093b.jpg
https://progressivemartialarts.com.au/product-tag/aluminum-training-dagger/	https://progressivemartialarts.com.au/wp-content/uploads/2022/10/products_training_dagger_360x_22c58b36-189d-43ca-9c01-b4dad2391a20.jpg
https://progressivemartialarts.com.au/product-tag/aluminum-training-dagger/	https://progressivemartialarts.com.au/wp-content/uploads/2023/02/3CEADE31-CD6F-4FD8-9D23-7E22BF0C34AB-600x439.jpeg
https://progressivemartialarts.com.au/product-tag/aluminum-training-dagger/	https://progressivemartialarts.com.au/wp-content/uploads/2025/08/IMG_9525-2-600x800.jpeg
https://progressivemartialarts.com.au/product-tag/aluminum-training-dagger/	https://progressivemartialarts.com.au/wp-content/uploads/2025/08/IMG_9531-2-600x800.jpeg
https://progressivemartialarts.com.au/product-tag/aluminum-training-dagger/	https://progressivemartialarts.com.au/wp-content/uploads/2025/08/IMG_9537-2-600x800.jpeg
https://progressivemartialarts.com.au/product-tag/aluminum-training-dagger/	https://progressivemartialarts.com.au/wp-content/uploads/2025/08/IMG_9545-2-600x800.jpeg
https://progressivemartialarts.com.au/product-tag/aluminum-training-dagger/	https://progressivemartialarts.com.au/wp-content/uploads/2025/08/IMG_9547-2-scaled-e1777422171489-600x800.jpeg
https://progressivemartialarts.com.au/product-tag/aluminum-training-dagger/	https://progressivemartialarts.com.au/wp-content/uploads/2025/08/IMG_9554-2-600x800.jpeg
https://progressivemartialarts.com.au/product-tag/aluminum-training-sword/	https://firstsight.design/cherie/beauty/wp-content/uploads/2020/10/Shopping-Cart.svg
https://progressivemartialarts.com.au/product-tag/aluminum-training-sword/	https://progressivemartialarts.com.au/wp-content/uploads/2022/10/PMA-logo-2020-11250X60-11.png
https://progressivemartialarts.com.au/product-tag/aluminum-training-sword/	https://progressivemartialarts.com.au/wp-content/uploads/2022/10/PMA-logo-2020-12.png
https://progressivemartialarts.com.au/product-tag/aluminum-training-sword/	https://progressivemartialarts.com.au/wp-content/uploads/2023/02/45234D57-5E37-4B14-81B1-61BBEB33CCD9-600x453.jpeg
https://progressivemartialarts.com.au/product-tag/aluminum-training-sword/	https://progressivemartialarts.com.au/wp-content/uploads/2023/02/9FC67EC4-82BE-4EAF-BB28-15B9CAFE5029-600x449.jpeg
https://progressivemartialarts.com.au/product-tag/angels/	https://firstsight.design/cherie/beauty/wp-content/uploads/2020/10/Shopping-Cart.svg
https://progressivemartialarts.com.au/product-tag/angels/	https://progressivemartialarts.com.au/wp-content/uploads/2022/10/PMA-logo-2020-11250X60-11.png
https://progressivemartialarts.com.au/product-tag/angels/	https://progressivemartialarts.com.au/wp-content/uploads/2022/10/PMA-logo-2020-12.png
https://progressivemartialarts.com.au/product-tag/angels/	https://progressivemartialarts.com.au/wp-content/uploads/2022/10/image_101cf205-3dba-4154-921f-ca5465f14fc7-600x722.jpg
https://progressivemartialarts.com.au/product-tag/anklets/	https://firstsight.design/cherie/beauty/wp-content/uploads/2020/10/Shopping-Cart.svg
https://progressivemartialarts.com.au/product-tag/anklets/	https://progressivemartialarts.com.au/wp-content/uploads/2022/10/PMA-logo-2020-11250X60-11.png
https://progressivemartialarts.com.au/product-tag/anklets/	https://progressivemartialarts.com.au/wp-content/uploads/2022/10/PMA-logo-2020-12.png
https://progressivemartialarts.com.au/product-tag/anklets/	https://progressivemartialarts.com.au/wp-content/uploads/2022/10/punch-ankle-support.jpg
https://progressivemartialarts.com.au/product-tag/area-3/	https://firstsight.design/cherie/beauty/wp-content/uploads/2020/10/Shopping-Cart.svg
https://progressivemartialarts.com.au/product-tag/area-3/	https://progressivemartialarts.com.au/wp-content/uploads/2022/10/2015-16-Stick-and-Dagger.1.jpg
https://progressivemartialarts.com.au/product-tag/area-3/	https://progressivemartialarts.com.au/wp-content/uploads/2022/10/PMA-logo-2020-11250X60-11.png
https://progressivemartialarts.com.au/product-tag/area-3/	https://progressivemartialarts.com.au/wp-content/uploads/2022/10/PMA-logo-2020-12.png
https://progressivemartialarts.com.au/product-tag/area-3/	https://progressivemartialarts.com.au/wp-content/uploads/2026/04/2017-04-Stick-Dagger-1-600x797.jpg
https://progressivemartialarts.com.au/product-tag/area-8/	https://firstsight.design/cherie/beauty/wp-content/uploads/2020/10/Shopping-Cart.svg
https://progressivemartialarts.com.au/product-tag/area-8/	https://progressivemartialarts.com.au/wp-content/uploads/2022/10/PMA-logo-2020-11250X60-11.png
https://progressivemartialarts.com.au/product-tag/area-8/	https://progressivemartialarts.com.au/wp-content/uploads/2022/10/PMA-logo-2020-12.png
https://progressivemartialarts.com.au/product-tag/area-8/	https://progressivemartialarts.com.au/wp-content/uploads/2026/04/2017-08-Staff-day-1-1-600x767.jpg
https://progressivemartialarts.com.au/product-tag/area-8/	https://progressivemartialarts.com.au/wp-content/uploads/2026/04/2017-09-Staff-day-2-1-600x800.jpg
https://progressivemartialarts.com.au/product-tag/arnis/	https://firstsight.design/cherie/beauty/wp-content/uploads/2020/10/Shopping-Cart.svg
https://progressivemartialarts.com.au/product-tag/arnis/	https://progressivemartialarts.com.au/wp-content/uploads/2022/10/PMA-logo-2020-11250X60-11.png
https://progressivemartialarts.com.au/product-tag/arnis/	https://progressivemartialarts.com.au/wp-content/uploads/2022/10/PMA-logo-2020-12.png
https://progressivemartialarts.com.au/product-tag/arnis/	https://progressivemartialarts.com.au/wp-content/uploads/2022/10/Training-Dagger-02-600x450.jpg
https://progressivemartialarts.com.au/product-tag/arnis/	https://progressivemartialarts.com.au/wp-content/uploads/2022/10/Training-Dagger-03-600x450.jpg
https://progressivemartialarts.com.au/product-tag/arnis/	https://progressivemartialarts.com.au/wp-content/uploads/2022/10/Training-Dagger-06-600x450.jpg
https://progressivemartialarts.com.au/product-tag/arnis/	https://progressivemartialarts.com.au/wp-content/uploads/2022/10/blades-004_360x_a81732c8-99d6-4ee9-beb1-63dc64f0eb9c.jpg
https://progressivemartialarts.com.au/product-tag/arnis/	https://progressivemartialarts.com.au/wp-content/uploads/2022/10/blades_model_005_360x_1034b4bd-bce8-47bc-8e62-b1131184e83e.jpg
https://progressivemartialarts.com.au/product-tag/arnis/	https://progressivemartialarts.com.au/wp-content/uploads/2022/10/dagger-bca_360x_895a535c-d41f-41d7-9faa-afbe3d50093b.jpg
https://progressivemartialarts.com.au/product-tag/arnis/	https://progressivemartialarts.com.au/wp-content/uploads/2022/10/products_training_dagger_360x_22c58b36-189d-43ca-9c01-b4dad2391a20.jpg
https://progressivemartialarts.com.au/product-tag/arnis/	https://progressivemartialarts.com.au/wp-content/uploads/2023/02/3CEADE31-CD6F-4FD8-9D23-7E22BF0C34AB-600x439.jpeg
https://progressivemartialarts.com.au/product-tag/arnis/	https://progressivemartialarts.com.au/wp-content/uploads/2023/02/Dagger-Bag-Gold.jpeg
https://progressivemartialarts.com.au/product-tag/arnis/	https://progressivemartialarts.com.au/wp-content/uploads/2025/08/IMG_9525-2-600x800.jpeg
https://progressivemartialarts.com.au/product-tag/arnis/	https://progressivemartialarts.com.au/wp-content/uploads/2025/08/IMG_9537-2-600x800.jpeg
https://progressivemartialarts.com.au/product-tag/arnis/	https://progressivemartialarts.com.au/wp-content/uploads/2025/08/IMG_9547-2-scaled-e1777422171489-600x800.jpeg
https://progressivemartialarts.com.au/product-tag/arnis/	https://progressivemartialarts.com.au/wp-content/uploads/2025/08/IMG_9554-2-600x800.jpeg
https://progressivemartialarts.com.au/product-tag/arnis/	https://progressivemartialarts.com.au/wp-content/uploads/2025/08/IMG_9559-2-600x800.jpeg
https://progressivemartialarts.com.au/product-tag/axe/	https://firstsight.design/cherie/beauty/wp-content/uploads/2020/10/Shopping-Cart.svg
https://progressivemartialarts.com.au/product-tag/axe/	https://progressivemartialarts.com.au/wp-content/uploads/2022/10/PMA-logo-2020-11250X60-11.png
https://progressivemartialarts.com.au/product-tag/axe/	https://progressivemartialarts.com.au/wp-content/uploads/2022/10/PMA-logo-2020-12.png
https://progressivemartialarts.com.au/product-tag/axe/	https://progressivemartialarts.com.au/wp-content/uploads/2026/04/2013-05-12-Areas-2-600x993.jpg
https://progressivemartialarts.com.au/product-tag/bags/	https://firstsight.design/cherie/beauty/wp-content/uploads/2020/10/Shopping-Cart.svg
https://progressivemartialarts.com.au/product-tag/bags/	https://progressivemartialarts.com.au/wp-content/uploads/2022/10/PMA-logo-2020-11250X60-11.png
https://progressivemartialarts.com.au/product-tag/bags/	https://progressivemartialarts.com.au/wp-content/uploads/2022/10/PMA-logo-2020-12.png
https://progressivemartialarts.com.au/product-tag/bags/	https://progressivemartialarts.com.au/wp-content/uploads/2022/10/duffel_bag_360x_1a306b9c-f46f-491b-9d77-8ad7fe888763.jpg
https://progressivemartialarts.com.au/product-tag/bags/	https://progressivemartialarts.com.au/wp-content/uploads/2022/10/image_2d3d4dd2-1b08-4aa5-8b47-ff2afbb0550c.png
https://progressivemartialarts.com.au/product-tag/bags/	https://progressivemartialarts.com.au/wp-content/uploads/2022/10/image_c90c2037-bad6-4fba-a9e7-50d47fb919d4.png
https://progressivemartialarts.com.au/product-tag/bags/	https://progressivemartialarts.com.au/wp-content/uploads/2022/10/image_ccd4135b-3637-42c0-8805-49a53190de04.png
https://progressivemartialarts.com.au/product-tag/baston/	https://firstsight.design/cherie/beauty/wp-content/uploads/2020/10/Shopping-Cart.svg
https://progressivemartialarts.com.au/product-tag/baston/	https://progressivemartialarts.com.au/wp-content/uploads/2022/10/2012-10-Abecedario-600x1009.jpg
https://progressivemartialarts.com.au/product-tag/baston/	https://progressivemartialarts.com.au/wp-content/uploads/2022/10/PMA-logo-2020-11250X60-11.png
https://progressivemartialarts.com.au/product-tag/baston/	https://progressivemartialarts.com.au/wp-content/uploads/2022/10/PMA-logo-2020-12.png
https://progressivemartialarts.com.au/product-tag/baston/	https://progressivemartialarts.com.au/wp-content/uploads/2026/04/2013-04-12-Areas-1-600x942.jpg
https://progressivemartialarts.com.au/product-tag/baston/	https://progressivemartialarts.com.au/wp-content/uploads/2026/04/2013-15-Disarms-600x978.jpg
https://progressivemartialarts.com.au/product-tag/bersilat/	https://firstsight.design/cherie/beauty/wp-content/uploads/2020/10/Shopping-Cart.svg
https://progressivemartialarts.com.au/product-tag/bersilat/	https://progressivemartialarts.com.au/wp-content/uploads/2022/10/PMA-logo-2020-11250X60-11.png
https://progressivemartialarts.com.au/product-tag/bersilat/	https://progressivemartialarts.com.au/wp-content/uploads/2022/10/PMA-logo-2020-12.png
https://progressivemartialarts.com.au/product-tag/bersilat/	https://progressivemartialarts.com.au/wp-content/uploads/2022/10/ikat-01_360x_c68eeb41-4a38-40c2-849c-3fa10d07337f.jpg
https://progressivemartialarts.com.au/product-tag/bersilat/	https://progressivemartialarts.com.au/wp-content/uploads/2026/04/2017-16-Maphilindo-Silat-1-600x847.jpg
https://progressivemartialarts.com.au/product-tag/bjj/	https://firstsight.design/cherie/beauty/wp-content/uploads/2020/10/Shopping-Cart.svg
https://progressivemartialarts.com.au/product-tag/bjj/	https://progressivemartialarts.com.au/wp-content/uploads/2022/10/121.jpg
https://progressivemartialarts.com.au/product-tag/bjj/	https://progressivemartialarts.com.au/wp-content/uploads/2022/10/2012-13-Mixed-Arts-2-disc-600x1002.jpg
https://progressivemartialarts.com.au/product-tag/bjj/	https://progressivemartialarts.com.au/wp-content/uploads/2022/10/IAMA-Hoodie-BandG-e1781059471389.jpeg
https://progressivemartialarts.com.au/product-tag/bjj/	https://progressivemartialarts.com.au/wp-content/uploads/2022/10/IAMA-Windbreaker.jpeg
https://progressivemartialarts.com.au/product-tag/bjj/	https://progressivemartialarts.com.au/wp-content/uploads/2022/10/PMA-logo-2020-11250X60-11.png
https://progressivemartialarts.com.au/product-tag/bjj/	https://progressivemartialarts.com.au/wp-content/uploads/2022/10/PMA-logo-2020-12.png
https://progressivemartialarts.com.au/product-tag/bjj/	https://progressivemartialarts.com.au/wp-content/uploads/2022/10/dvd_machado_seminar_2008_360x_2ddbd4b2-e664-4ba9-a206-31ae86b47658.jpg
https://progressivemartialarts.com.au/product-tag/bjj/	https://progressivemartialarts.com.au/wp-content/uploads/2022/10/image_ee55cf16-67e0-4932-b41c-cdb2860b1328-e1781059334221-600x960.jpg
https://progressivemartialarts.com.au/product-tag/bjj/	https://progressivemartialarts.com.au/wp-content/uploads/2022/10/progressive-martial-arts-gi-pants-1-e1779165833537.jpg
https://progressivemartialarts.com.au/product-tag/bjj/	https://progressivemartialarts.com.au/wp-content/uploads/2023/02/Gi-Blue-wWhite-trim-600x726.jpg
https://progressivemartialarts.com.au/product-tag/bjj/	https://progressivemartialarts.com.au/wp-content/uploads/2025/07/IMG_2212-600x702.jpeg
https://progressivemartialarts.com.au/product-tag/bjj/	https://progressivemartialarts.com.au/wp-content/uploads/2026/04/2013-09-Dumog-600x1013.jpg
https://progressivemartialarts.com.au/product-tag/bjj/	https://progressivemartialarts.com.au/wp-content/uploads/2026/04/2017-18-Locks-and-Controls-1-600x751.jpg
https://progressivemartialarts.com.au/product-tag/bjj/	https://progressivemartialarts.com.au/wp-content/uploads/2026/04/2023-14-Mixed-day-2-1-600x830.jpg
https://progressivemartialarts.com.au/product-tag/bjj/	https://progressivemartialarts.com.au/wp-content/uploads/2026/04/2023-18-Lock-and-Controls-1-600x814.jpg
https://progressivemartialarts.com.au/product-tag/bjj/	https://progressivemartialarts.com.au/wp-content/uploads/2026/04/2026-11-20-Australia-Tour3.1-600x776.jpeg
https://progressivemartialarts.com.au/product-tag/blades/	https://firstsight.design/cherie/beauty/wp-content/uploads/2020/10/Shopping-Cart.svg
https://progressivemartialarts.com.au/product-tag/blades/	https://progressivemartialarts.com.au/wp-content/uploads/2022/10/PMA-logo-2020-11250X60-11.png
https://progressivemartialarts.com.au/product-tag/blades/	https://progressivemartialarts.com.au/wp-content/uploads/2022/10/PMA-logo-2020-12.png
https://progressivemartialarts.com.au/product-tag/blades/	https://progressivemartialarts.com.au/wp-content/uploads/2022/10/Training-Dagger-02-600x450.jpg
https://progressivemartialarts.com.au/product-tag/blades/	https://progressivemartialarts.com.au/wp-content/uploads/2022/10/Training-Dagger-03-600x450.jpg
https://progressivemartialarts.com.au/product-tag/blades/	https://progressivemartialarts.com.au/wp-content/uploads/2022/10/Training-Dagger-06-600x450.jpg
https://progressivemartialarts.com.au/product-tag/blades/	https://progressivemartialarts.com.au/wp-content/uploads/2022/10/blades-004_360x_a81732c8-99d6-4ee9-beb1-63dc64f0eb9c.jpg
https://progressivemartialarts.com.au/product-tag/blades/	https://progressivemartialarts.com.au/wp-content/uploads/2022/10/blades_model_005_360x_1034b4bd-bce8-47bc-8e62-b1131184e83e.jpg
https://progressivemartialarts.com.au/product-tag/blades/	https://progressivemartialarts.com.au/wp-content/uploads/2022/10/dagger-bca_360x_895a535c-d41f-41d7-9faa-afbe3d50093b.jpg
https://progressivemartialarts.com.au/product-tag/blades/	https://progressivemartialarts.com.au/wp-content/uploads/2022/10/products_training_dagger_360x_22c58b36-189d-43ca-9c01-b4dad2391a20.jpg
https://progressivemartialarts.com.au/product-tag/blades/	https://progressivemartialarts.com.au/wp-content/uploads/2023/02/3CEADE31-CD6F-4FD8-9D23-7E22BF0C34AB-600x439.jpeg
https://progressivemartialarts.com.au/product-tag/blades/	https://progressivemartialarts.com.au/wp-content/uploads/2025/08/IMG_9525-2-600x800.jpeg
https://progressivemartialarts.com.au/product-tag/blades/	https://progressivemartialarts.com.au/wp-content/uploads/2025/08/IMG_9531-2-600x800.jpeg
https://progressivemartialarts.com.au/product-tag/blades/	https://progressivemartialarts.com.au/wp-content/uploads/2025/08/IMG_9537-2-600x800.jpeg
https://progressivemartialarts.com.au/product-tag/blades/	https://progressivemartialarts.com.au/wp-content/uploads/2025/08/IMG_9545-2-600x800.jpeg
https://progressivemartialarts.com.au/product-tag/blades/	https://progressivemartialarts.com.au/wp-content/uploads/2025/08/IMG_9546-2-600x800.jpeg
https://progressivemartialarts.com.au/product-tag/blades/	https://progressivemartialarts.com.au/wp-content/uploads/2025/08/IMG_9547-2-scaled-e1777422171489-600x800.jpeg
https://progressivemartialarts.com.au/product-tag/book/	https://firstsight.design/cherie/beauty/wp-content/uploads/2020/10/Shopping-Cart.svg
https://progressivemartialarts.com.au/product-tag/book/	https://progressivemartialarts.com.au/wp-content/uploads/2022/10/121.jpg
https://progressivemartialarts.com.au/product-tag/book/	https://progressivemartialarts.com.au/wp-content/uploads/2022/10/122-600x400.jpg
https://progressivemartialarts.com.au/product-tag/book/	https://progressivemartialarts.com.au/wp-content/uploads/2022/10/124-600x831.jpg
https://progressivemartialarts.com.au/product-tag/book/	https://progressivemartialarts.com.au/wp-content/uploads/2022/10/2010_calendar_360x_f12e80dc-3edf-4d16-83e4-eb93056880eb.jpg
https://progressivemartialarts.com.au/product-tag/book/	https://progressivemartialarts.com.au/wp-content/uploads/2022/10/Kimura-poster.jpeg
https://progressivemartialarts.com.au/product-tag/book/	https://progressivemartialarts.com.au/wp-content/uploads/2022/10/PMA-logo-2020-11250X60-11.png
https://progressivemartialarts.com.au/product-tag/book/	https://progressivemartialarts.com.au/wp-content/uploads/2022/10/PMA-logo-2020-12.png
https://progressivemartialarts.com.au/product-tag/book/	https://progressivemartialarts.com.au/wp-content/uploads/2022/10/Winning-Mindset-Front-600x900.jpg
https://progressivemartialarts.com.au/product-tag/book/	https://progressivemartialarts.com.au/wp-content/uploads/2022/10/Wise-Sheperd-cover-600x953.jpg
https://progressivemartialarts.com.au/product-tag/book/	https://progressivemartialarts.com.au/wp-content/uploads/2022/10/fong-book_360x_a71ad87f-c701-4e8e-b028-c11666e78792.jpg
https://progressivemartialarts.com.au/product-tag/book/	https://progressivemartialarts.com.au/wp-content/uploads/woocommerce-placeholder.webp
https://progressivemartialarts.com.au/product-tag/boxing-gloves/	https://firstsight.design/cherie/beauty/wp-content/uploads/2020/10/Shopping-Cart.svg
https://progressivemartialarts.com.au/product-tag/boxing-gloves/	https://progressivemartialarts.com.au/wp-content/uploads/2022/10/PMA-logo-2020-11250X60-11.png
https://progressivemartialarts.com.au/product-tag/boxing-gloves/	https://progressivemartialarts.com.au/wp-content/uploads/2022/10/PMA-logo-2020-12.png
https://progressivemartialarts.com.au/product-tag/boxing-gloves/	https://progressivemartialarts.com.au/wp-content/uploads/2023/09/IMG_3119-188kb-600x552.jpg
https://progressivemartialarts.com.au/product-tag/boxing-gloves/	https://progressivemartialarts.com.au/wp-content/uploads/2024/10/IMG_1249.heic
https://progressivemartialarts.com.au/product-tag/boxing-gloves/	https://progressivemartialarts.com.au/wp-content/uploads/2026/05/Boxing-Gloves-Morgan-16.jpg
https://progressivemartialarts.com.au/product-tag/boxing/	https://firstsight.design/cherie/beauty/wp-content/uploads/2020/10/Shopping-Cart.svg
https://progressivemartialarts.com.au/product-tag/boxing/	https://progressivemartialarts.com.au/wp-content/uploads/2022/10/PMA-logo-2020-11250X60-11.png
https://progressivemartialarts.com.au/product-tag/boxing/	https://progressivemartialarts.com.au/wp-content/uploads/2022/10/PMA-logo-2020-12.png
https://progressivemartialarts.com.au/product-tag/boxing/	https://progressivemartialarts.com.au/wp-content/uploads/2023/08/IMG_2850-scaled-195kb-e1778714894977-600x688.jpg
https://progressivemartialarts.com.au/product-tag/boxing/	https://progressivemartialarts.com.au/wp-content/uploads/2023/08/IMG_2969-scaled-600x948.jpeg
https://progressivemartialarts.com.au/product-tag/brazilian-jiu-jitsu-bjj/	https://firstsight.design/cherie/beauty/wp-content/uploads/2020/10/Shopping-Cart.svg
https://progressivemartialarts.com.au/product-tag/brazilian-jiu-jitsu-bjj/	https://progressivemartialarts.com.au/wp-content/uploads/2022/10/Gi-Patch-IAMA-Large-600x572.jpg
https://progressivemartialarts.com.au/product-tag/brazilian-jiu-jitsu-bjj/	https://progressivemartialarts.com.au/wp-content/uploads/2022/10/PMA-logo-2020-11250X60-11.png
https://progressivemartialarts.com.au/product-tag/brazilian-jiu-jitsu-bjj/	https://progressivemartialarts.com.au/wp-content/uploads/2022/10/PMA-logo-2020-12.png
https://progressivemartialarts.com.au/product-tag/brazilian-jiu-jitsu-bjj/	https://progressivemartialarts.com.au/wp-content/uploads/2022/10/inosanto-academy-long-sleeve-rash-vest.jpg
https://progressivemartialarts.com.au/product-tag/brazilian-jiu-jitsu-bjj/	https://progressivemartialarts.com.au/wp-content/uploads/2022/10/inosanto-academy-short-sleeve-rash-vest-e1778982686103.jpg
https://progressivemartialarts.com.au/product-tag/brazilian-jiu-jitsu-bjj/	https://progressivemartialarts.com.au/wp-content/uploads/2025/07/IMG_2212-600x702.jpeg
https://progressivemartialarts.com.au/product-tag/brazilian-jiu-jitsu-bjj/	https://progressivemartialarts.com.au/wp-content/uploads/2026/06/IMG_4782-600x715.jpg
https://progressivemartialarts.com.au/product-tag/brazilian-jiu-jitsu-bjj/	https://progressivemartialarts.com.au/wp-content/uploads/2026/06/IMG_4787-600x1065.jpg
https://progressivemartialarts.com.au/product-tag/brazilian-jiu-jitsu-bjj/	https://progressivemartialarts.com.au/wp-content/uploads/2026/06/Rashguard-Black-wRed-600x450.webp
https://progressivemartialarts.com.au/product-tag/brazilian-jiu-jitsu/	https://firstsight.design/cherie/beauty/wp-content/uploads/2020/10/Shopping-Cart.svg
https://progressivemartialarts.com.au/product-tag/brazilian-jiu-jitsu/	https://progressivemartialarts.com.au/wp-content/uploads/2022/10/121.jpg
https://progressivemartialarts.com.au/product-tag/brazilian-jiu-jitsu/	https://progressivemartialarts.com.au/wp-content/uploads/2022/10/PMA-logo-2020-11250X60-11.png
https://progressivemartialarts.com.au/product-tag/brazilian-jiu-jitsu/	https://progressivemartialarts.com.au/wp-content/uploads/2022/10/PMA-logo-2020-12.png
https://progressivemartialarts.com.au/product-tag/brazilian-jiu-jitsu/	https://progressivemartialarts.com.au/wp-content/uploads/2022/10/dvd_machado_seminar_2008_360x_2ddbd4b2-e664-4ba9-a206-31ae86b47658.jpg
https://progressivemartialarts.com.au/product-tag/brazilian-jiu-jitsu/	https://progressivemartialarts.com.au/wp-content/uploads/2022/10/tshirt-legends-15-front-250_2048x2048_b7e67ca9-27ec-4d10-b37c-79a81b72a14b_360x.jpg
https://progressivemartialarts.com.au/product-tag/brazilian-jiu-jitsu/	https://progressivemartialarts.com.au/wp-content/uploads/2023/02/Gi-Blue-wWhite-trim-600x726.jpg
https://progressivemartialarts.com.au/product-tag/brazilian-jiu-jitsu/	https://progressivemartialarts.com.au/wp-content/uploads/2025/07/IMG_2212-600x702.jpeg
https://progressivemartialarts.com.au/product-tag/brazilian-jiu-jitsu/	https://progressivemartialarts.com.au/wp-content/uploads/2026/04/2017-18-Locks-and-Controls-1-600x751.jpg
https://progressivemartialarts.com.au/product-tag/brazilian-jiu-jitsu/	https://progressivemartialarts.com.au/wp-content/uploads/2026/04/2023-18-Lock-and-Controls-1-600x814.jpg
https://progressivemartialarts.com.au/product-tag/bruce-lee/	https://firstsight.design/cherie/beauty/wp-content/uploads/2020/10/Shopping-Cart.svg
https://progressivemartialarts.com.au/product-tag/bruce-lee/	https://progressivemartialarts.com.au/wp-content/uploads/2022/10/2012-08-Sensitivity-600x1002.jpg
https://progressivemartialarts.com.au/product-tag/bruce-lee/	https://progressivemartialarts.com.au/wp-content/uploads/2022/10/2012-13-Mixed-Arts-2-disc-600x1002.jpg
https://progressivemartialarts.com.au/product-tag/bruce-lee/	https://progressivemartialarts.com.au/wp-content/uploads/2022/10/2015-18-Sensitivity-4.1.jpg
https://progressivemartialarts.com.au/product-tag/bruce-lee/	https://progressivemartialarts.com.au/wp-content/uploads/2022/10/IAMA-Hoodie-BandG-e1781059471389.jpeg
https://progressivemartialarts.com.au/product-tag/bruce-lee/	https://progressivemartialarts.com.au/wp-content/uploads/2022/10/PMA-logo-2020-11250X60-11.png
https://progressivemartialarts.com.au/product-tag/bruce-lee/	https://progressivemartialarts.com.au/wp-content/uploads/2022/10/PMA-logo-2020-12.png
https://progressivemartialarts.com.au/product-tag/bruce-lee/	https://progressivemartialarts.com.au/wp-content/uploads/2026/04/2013-14-Jun-FanJKD-600x997.jpg
https://progressivemartialarts.com.au/product-tag/bruce-lee/	https://progressivemartialarts.com.au/wp-content/uploads/2026/04/2016-13-Mixed-Arts-Sat.1.jpg
https://progressivemartialarts.com.au/product-tag/bruce-lee/	https://progressivemartialarts.com.au/wp-content/uploads/2026/04/2016-14-Mixed-Arts-Sun.1.jpg
https://progressivemartialarts.com.au/product-tag/bruce-lee/	https://progressivemartialarts.com.au/wp-content/uploads/2026/04/2017-13-Mixed-day-1-1-600x793.jpg
https://progressivemartialarts.com.au/product-tag/bruce-lee/	https://progressivemartialarts.com.au/wp-content/uploads/2026/04/2017-14-Mixed-day-2-1-600x825.jpg
https://progressivemartialarts.com.au/product-tag/bruce-lee/	https://progressivemartialarts.com.au/wp-content/uploads/2026/04/2017-15-JKD-1-600x777.jpg
https://progressivemartialarts.com.au/product-tag/bruce-lee/	https://progressivemartialarts.com.au/wp-content/uploads/2026/04/2018-13-Mixed-Arts-day-1-600x853.jpg
https://progressivemartialarts.com.au/product-tag/bruce-lee/	https://progressivemartialarts.com.au/wp-content/uploads/2026/04/2018-14-Mixed-Arts-day-2-1-600x794.jpg
https://progressivemartialarts.com.au/product-tag/bruce-lee/	https://progressivemartialarts.com.au/wp-content/uploads/2026/04/2018-15-JKD-1-600x848.jpg
https://progressivemartialarts.com.au/product-tag/bruce-lee/	https://progressivemartialarts.com.au/wp-content/uploads/2026/04/2026-11-20-Australia-Tour3.1-600x776.jpeg
https://progressivemartialarts.com.au/product-tag/cambodian-kickboxing/	https://firstsight.design/cherie/beauty/wp-content/uploads/2020/10/Shopping-Cart.svg
https://progressivemartialarts.com.au/product-tag/cambodian-kickboxing/	https://progressivemartialarts.com.au/wp-content/uploads/2022/10/2012-12-Thai-Boxing-600x1056.jpg
https://progressivemartialarts.com.au/product-tag/cambodian-kickboxing/	https://progressivemartialarts.com.au/wp-content/uploads/2022/10/2012-13-Mixed-Arts-2-disc-600x1002.jpg
https://progressivemartialarts.com.au/product-tag/cambodian-kickboxing/	https://progressivemartialarts.com.au/wp-content/uploads/2022/10/PMA-logo-2020-11250X60-11.png
https://progressivemartialarts.com.au/product-tag/cambodian-kickboxing/	https://progressivemartialarts.com.au/wp-content/uploads/2022/10/PMA-logo-2020-12.png
https://progressivemartialarts.com.au/product-tag/cambodian-kickboxing/	https://progressivemartialarts.com.au/wp-content/uploads/2023/08/IMG_2850-scaled-195kb-e1778714894977-600x688.jpg
https://progressivemartialarts.com.au/product-tag/cambodian-kickboxing/	https://progressivemartialarts.com.au/wp-content/uploads/2025/04/2023-10-Krabi-Seama-day-1-1-1-600x786.jpg
https://progressivemartialarts.com.au/product-tag/cambodian-kickboxing/	https://progressivemartialarts.com.au/wp-content/uploads/2025/04/2023-11-Krabi-Seama-day-2-1-600x812.jpg
https://progressivemartialarts.com.au/product-tag/cambodian-kickboxing/	https://progressivemartialarts.com.au/wp-content/uploads/2026/04/2013-12-Thai-Boxing-600x996.jpg
https://progressivemartialarts.com.au/product-tag/cambodian-kickboxing/	https://progressivemartialarts.com.au/wp-content/uploads/2026/04/2013-13-Mixed-Arts-4-disc-600x991.jpg
https://progressivemartialarts.com.au/product-tag/cambodian-kickboxing/	https://progressivemartialarts.com.au/wp-content/uploads/2026/04/2015-12-Thai-Boxing.1.jpg
https://progressivemartialarts.com.au/product-tag/cambodian-kickboxing/	https://progressivemartialarts.com.au/wp-content/uploads/2026/04/2016-10-Cambodian.1.jpg
https://progressivemartialarts.com.au/product-tag/cambodian-kickboxing/	https://progressivemartialarts.com.au/wp-content/uploads/2026/04/2017-12-Thai-Boxing-1-600x823.jpg
https://progressivemartialarts.com.au/product-tag/cambodian-kickboxing/	https://progressivemartialarts.com.au/wp-content/uploads/2026/04/2018-12-Thai-Boxing-1-600x851.jpg
https://progressivemartialarts.com.au/product-tag/cambodian-kickboxing/	https://progressivemartialarts.com.au/wp-content/uploads/2026/04/2023-12-Thai-Boxing-1-600x788.jpg
https://progressivemartialarts.com.au/product-tag/cambodian-kickboxing/	https://progressivemartialarts.com.au/wp-content/uploads/2026/04/2023-14-Mixed-day-2-1-600x830.jpg
https://progressivemartialarts.com.au/product-tag/cambodian-kickboxing/	https://progressivemartialarts.com.au/wp-content/uploads/2026/04/2026-11-20-Australia-Tour3.1-600x776.jpeg
https://progressivemartialarts.com.au/product-tag/cane/	https://firstsight.design/cherie/beauty/wp-content/uploads/2020/10/Shopping-Cart.svg
https://progressivemartialarts.com.au/product-tag/cane/	https://progressivemartialarts.com.au/wp-content/uploads/2022/10/PMA-logo-2020-11250X60-11.png
https://progressivemartialarts.com.au/product-tag/cane/	https://progressivemartialarts.com.au/wp-content/uploads/2022/10/PMA-logo-2020-12.png
https://progressivemartialarts.com.au/product-tag/cane/	https://progressivemartialarts.com.au/wp-content/uploads/2026/04/2013-05-12-Areas-2-600x993.jpg
https://progressivemartialarts.com.au/product-tag/carlos-machado/	https://firstsight.design/cherie/beauty/wp-content/uploads/2020/10/Shopping-Cart.svg
https://progressivemartialarts.com.au/product-tag/carlos-machado/	https://progressivemartialarts.com.au/wp-content/uploads/2022/10/PMA-logo-2020-11250X60-11.png
https://progressivemartialarts.com.au/product-tag/carlos-machado/	https://progressivemartialarts.com.au/wp-content/uploads/2022/10/PMA-logo-2020-12.png
https://progressivemartialarts.com.au/product-tag/carlos-machado/	https://progressivemartialarts.com.au/wp-content/uploads/2022/10/dvd_machado_seminar_2008_360x_2ddbd4b2-e664-4ba9-a206-31ae86b47658.jpg
https://progressivemartialarts.com.au/product-tag/catch/	https://firstsight.design/cherie/beauty/wp-content/uploads/2020/10/Shopping-Cart.svg
https://progressivemartialarts.com.au/product-tag/catch/	https://progressivemartialarts.com.au/wp-content/uploads/2022/10/PMA-logo-2020-11250X60-11.png
https://progressivemartialarts.com.au/product-tag/catch/	https://progressivemartialarts.com.au/wp-content/uploads/2022/10/PMA-logo-2020-12.png
https://progressivemartialarts.com.au/product-tag/catch/	https://progressivemartialarts.com.au/wp-content/uploads/2025/04/2019-18-Locks-and-Controls-1-600x848.jpg
https://progressivemartialarts.com.au/product-tag/catch/	https://progressivemartialarts.com.au/wp-content/uploads/2026/04/2015-04-Joint-Locking.jpg
https://progressivemartialarts.com.au/product-tag/catch/	https://progressivemartialarts.com.au/wp-content/uploads/2026/04/2017-18-Locks-and-Controls-1-600x751.jpg
https://progressivemartialarts.com.au/product-tag/catch/	https://progressivemartialarts.com.au/wp-content/uploads/2026/04/2018-18-Locks-and-Controls-1-600x827.jpg
https://progressivemartialarts.com.au/product-tag/catch/	https://progressivemartialarts.com.au/wp-content/uploads/2026/04/2023-18-Lock-and-Controls-1-600x814.jpg
https://progressivemartialarts.com.au/product-tag/cd/	https://firstsight.design/cherie/beauty/wp-content/uploads/2020/10/Shopping-Cart.svg
https://progressivemartialarts.com.au/product-tag/cd/	https://progressivemartialarts.com.au/wp-content/uploads/2022/10/Heavens-Drums-front-600x601.jpeg
https://progressivemartialarts.com.au/product-tag/cd/	https://progressivemartialarts.com.au/wp-content/uploads/2022/10/PMA-logo-2020-11250X60-11.png
https://progressivemartialarts.com.au/product-tag/cd/	https://progressivemartialarts.com.au/wp-content/uploads/2022/10/PMA-logo-2020-12.png
https://progressivemartialarts.com.au/product-tag/cd/	https://progressivemartialarts.com.au/wp-content/uploads/2022/10/helm_cd_front_360x_d8ac5c97-b654-4d2c-bef6-e968d4681d2b.jpg
https://progressivemartialarts.com.au/product-tag/chi-sao/	https://firstsight.design/cherie/beauty/wp-content/uploads/2020/10/Shopping-Cart.svg
https://progressivemartialarts.com.au/product-tag/chi-sao/	https://progressivemartialarts.com.au/wp-content/uploads/2022/10/2012-08-Sensitivity-600x1002.jpg
https://progressivemartialarts.com.au/product-tag/chi-sao/	https://progressivemartialarts.com.au/wp-content/uploads/2022/10/PMA-logo-2020-11250X60-11.png
https://progressivemartialarts.com.au/product-tag/chi-sao/	https://progressivemartialarts.com.au/wp-content/uploads/2022/10/PMA-logo-2020-12.png
https://progressivemartialarts.com.au/product-tag/combat-submission-wrestling-csw/	https://firstsight.design/cherie/beauty/wp-content/uploads/2020/10/Shopping-Cart.svg
https://progressivemartialarts.com.au/product-tag/combat-submission-wrestling-csw/	https://progressivemartialarts.com.au/wp-content/uploads/2022/10/PMA-logo-2020-11250X60-11.png
https://progressivemartialarts.com.au/product-tag/combat-submission-wrestling-csw/	https://progressivemartialarts.com.au/wp-content/uploads/2022/10/PMA-logo-2020-12.png
https://progressivemartialarts.com.au/product-tag/combat-submission-wrestling-csw/	https://progressivemartialarts.com.au/wp-content/uploads/2022/10/inosanto-academy-long-sleeve-rash-vest.jpg
https://progressivemartialarts.com.au/product-tag/combat-submission-wrestling-csw/	https://progressivemartialarts.com.au/wp-content/uploads/2022/10/inosanto-academy-short-sleeve-rash-vest-e1778982686103.jpg
https://progressivemartialarts.com.au/product-tag/combat-submission-wrestling-csw/	https://progressivemartialarts.com.au/wp-content/uploads/2026/06/Rashguard-Black-wRed-600x450.webp
https://progressivemartialarts.com.au/product-tag/cotton/	https://firstsight.design/cherie/beauty/wp-content/uploads/2020/10/Shopping-Cart.svg
https://progressivemartialarts.com.au/product-tag/cotton/	https://progressivemartialarts.com.au/wp-content/uploads/2022/10/PMA-logo-2020-11250X60-11.png
https://progressivemartialarts.com.au/product-tag/cotton/	https://progressivemartialarts.com.au/wp-content/uploads/2022/10/PMA-logo-2020-12.png
https://progressivemartialarts.com.au/product-tag/cotton/	https://progressivemartialarts.com.au/wp-content/uploads/2022/10/WTBA-Shorts-classic.jpeg
https://progressivemartialarts.com.au/product-tag/definitive-dvd/	https://firstsight.design/cherie/beauty/wp-content/uploads/2020/10/Shopping-Cart.svg
https://progressivemartialarts.com.au/product-tag/definitive-dvd/	https://progressivemartialarts.com.au/wp-content/uploads/2022/10/Definitive_01_2048x2048_7fa1114a-03e2-4400-bf69-f9dc5fdd1f0f-600x400.jpg
https://progressivemartialarts.com.au/product-tag/definitive-dvd/	https://progressivemartialarts.com.au/wp-content/uploads/2022/10/Definitive_01_2048x2048_8f5b3c99-52db-47cc-bb4b-5d53337ceb9b-600x400.jpg
https://progressivemartialarts.com.au/product-tag/definitive-dvd/	https://progressivemartialarts.com.au/wp-content/uploads/2022/10/Definitive_02_2048x2048_df219c76-3996-49b6-9896-66a91235e7be-600x401.jpg
https://progressivemartialarts.com.au/product-tag/definitive-dvd/	https://progressivemartialarts.com.au/wp-content/uploads/2022/10/Definitive_03_2048x2048_1796fc76-3f94-4109-b5d1-d17005e65c67-600x402.jpg
https://progressivemartialarts.com.au/product-tag/definitive-dvd/	https://progressivemartialarts.com.au/wp-content/uploads/2022/10/Definitive_04_2048x2048_88b92389-7fac-418a-bd3f-117108b5a316-600x398.jpg
https://progressivemartialarts.com.au/product-tag/definitive-dvd/	https://progressivemartialarts.com.au/wp-content/uploads/2022/10/Definitive_05_2048x2048_7c927013-427b-4a07-a897-92a6ce934b89-600x400.jpg
https://progressivemartialarts.com.au/product-tag/definitive-dvd/	https://progressivemartialarts.com.au/wp-content/uploads/2022/10/Definitive_06_2048x2048_e96fe386-7c89-489d-b6dc-9c105f6b18eb-600x400.jpg
https://progressivemartialarts.com.au/product-tag/definitive-dvd/	https://progressivemartialarts.com.au/wp-content/uploads/2022/10/Definitive_07_2048x2048_2700dd68-3193-43dd-8ce4-0dbf713d57d8-600x399.jpg
https://progressivemartialarts.com.au/product-tag/definitive-dvd/	https://progressivemartialarts.com.au/wp-content/uploads/2022/10/Definitive_08_2048x2048_d31debb9-3c44-4e27-82ce-7c063d6fe21b-600x398.jpg
https://progressivemartialarts.com.au/product-tag/definitive-dvd/	https://progressivemartialarts.com.au/wp-content/uploads/2022/10/Definitive_09_2048x2048_b634c804-7921-4db2-b72d-a25dc861165a-600x399.jpg
https://progressivemartialarts.com.au/product-tag/definitive-dvd/	https://progressivemartialarts.com.au/wp-content/uploads/2022/10/PMA-logo-2020-11250X60-11.png
https://progressivemartialarts.com.au/product-tag/definitive-dvd/	https://progressivemartialarts.com.au/wp-content/uploads/2022/10/PMA-logo-2020-12.png
https://progressivemartialarts.com.au/product-tag/deshon/	https://firstsight.design/cherie/beauty/wp-content/uploads/2020/10/Shopping-Cart.svg
https://progressivemartialarts.com.au/product-tag/deshon/	https://progressivemartialarts.com.au/wp-content/uploads/2022/10/PMA-logo-2020-11250X60-11.png
https://progressivemartialarts.com.au/product-tag/deshon/	https://progressivemartialarts.com.au/wp-content/uploads/2022/10/PMA-logo-2020-12.png
https://progressivemartialarts.com.au/product-tag/deshon/	https://progressivemartialarts.com.au/wp-content/uploads/2026/04/2013-09-Dumog-600x1013.jpg
https://progressivemartialarts.com.au/product-tag/dirty-boxing/	https://firstsight.design/cherie/beauty/wp-content/uploads/2020/10/Shopping-Cart.svg
https://progressivemartialarts.com.au/product-tag/dirty-boxing/	https://progressivemartialarts.com.au/wp-content/uploads/2022/10/PMA-logo-2020-11250X60-11.png
https://progressivemartialarts.com.au/product-tag/dirty-boxing/	https://progressivemartialarts.com.au/wp-content/uploads/2022/10/PMA-logo-2020-12.png
https://progressivemartialarts.com.au/product-tag/dirty-boxing/	https://progressivemartialarts.com.au/wp-content/uploads/2026/04/2013-08-Panantukan-600x985.jpg
https://progressivemartialarts.com.au/product-tag/double-stick/	https://firstsight.design/cherie/beauty/wp-content/uploads/2020/10/Shopping-Cart.svg
https://progressivemartialarts.com.au/product-tag/double-stick/	https://progressivemartialarts.com.au/wp-content/uploads/2022/10/PMA-logo-2020-11250X60-11.png
https://progressivemartialarts.com.au/product-tag/double-stick/	https://progressivemartialarts.com.au/wp-content/uploads/2022/10/PMA-logo-2020-12.png
https://progressivemartialarts.com.au/product-tag/double-stick/	https://progressivemartialarts.com.au/wp-content/uploads/2026/04/2013-05-12-Areas-2-600x993.jpg
https://progressivemartialarts.com.au/product-tag/drums/	https://firstsight.design/cherie/beauty/wp-content/uploads/2020/10/Shopping-Cart.svg
https://progressivemartialarts.com.au/product-tag/drums/	https://progressivemartialarts.com.au/wp-content/uploads/2022/10/Heavens-Drums-front-600x601.jpeg
https://progressivemartialarts.com.au/product-tag/drums/	https://progressivemartialarts.com.au/wp-content/uploads/2022/10/PMA-logo-2020-11250X60-11.png
https://progressivemartialarts.com.au/product-tag/drums/	https://progressivemartialarts.com.au/wp-content/uploads/2022/10/PMA-logo-2020-12.png
https://progressivemartialarts.com.au/product-tag/duffle-bag/	https://firstsight.design/cherie/beauty/wp-content/uploads/2020/10/Shopping-Cart.svg
https://progressivemartialarts.com.au/product-tag/duffle-bag/	https://progressivemartialarts.com.au/wp-content/uploads/2022/10/PMA-logo-2020-11250X60-11.png
https://progressivemartialarts.com.au/product-tag/duffle-bag/	https://progressivemartialarts.com.au/wp-content/uploads/2022/10/PMA-logo-2020-12.png
https://progressivemartialarts.com.au/product-tag/duffle-bag/	https://progressivemartialarts.com.au/wp-content/uploads/2025/12/IMG_4582-2-600x800.jpg
https://progressivemartialarts.com.au/product-tag/empty-hand/	https://firstsight.design/cherie/beauty/wp-content/uploads/2020/10/Shopping-Cart.svg
https://progressivemartialarts.com.au/product-tag/empty-hand/	https://progressivemartialarts.com.au/wp-content/uploads/2022/10/PMA-logo-2020-11250X60-11.png
https://progressivemartialarts.com.au/product-tag/empty-hand/	https://progressivemartialarts.com.au/wp-content/uploads/2022/10/PMA-logo-2020-12.png
https://progressivemartialarts.com.au/product-tag/empty-hand/	https://progressivemartialarts.com.au/wp-content/uploads/2026/04/2016-16-EH-vs-Weapons.1.jpg
https://progressivemartialarts.com.au/product-tag/escrima/	https://firstsight.design/cherie/beauty/wp-content/uploads/2020/10/Shopping-Cart.svg
https://progressivemartialarts.com.au/product-tag/escrima/	https://progressivemartialarts.com.au/wp-content/uploads/2022/10/PMA-logo-2020-11250X60-11.png
https://progressivemartialarts.com.au/product-tag/escrima/	https://progressivemartialarts.com.au/wp-content/uploads/2022/10/PMA-logo-2020-12.png
https://progressivemartialarts.com.au/product-tag/escrima/	https://progressivemartialarts.com.au/wp-content/uploads/2022/10/Padded-Sticks-all-3-600x454.jpg
https://progressivemartialarts.com.au/product-tag/escrima/	https://progressivemartialarts.com.au/wp-content/uploads/2022/10/Training-Dagger-02-600x450.jpg
https://progressivemartialarts.com.au/product-tag/escrima/	https://progressivemartialarts.com.au/wp-content/uploads/2022/10/Training-Dagger-03-600x450.jpg
https://progressivemartialarts.com.au/product-tag/escrima/	https://progressivemartialarts.com.au/wp-content/uploads/2022/10/Training-Dagger-06-600x450.jpg
https://progressivemartialarts.com.au/product-tag/escrima/	https://progressivemartialarts.com.au/wp-content/uploads/2022/10/blades-004_360x_a81732c8-99d6-4ee9-beb1-63dc64f0eb9c.jpg
https://progressivemartialarts.com.au/product-tag/escrima/	https://progressivemartialarts.com.au/wp-content/uploads/2022/10/blades_model_005_360x_1034b4bd-bce8-47bc-8e62-b1131184e83e.jpg
https://progressivemartialarts.com.au/product-tag/escrima/	https://progressivemartialarts.com.au/wp-content/uploads/2022/10/dagger-bca_360x_895a535c-d41f-41d7-9faa-afbe3d50093b.jpg
https://progressivemartialarts.com.au/product-tag/escrima/	https://progressivemartialarts.com.au/wp-content/uploads/2022/10/image_d2a89c11-6959-4553-b418-dbe4e42924ef.png
https://progressivemartialarts.com.au/product-tag/escrima/	https://progressivemartialarts.com.au/wp-content/uploads/2022/10/products_training_dagger_360x_22c58b36-189d-43ca-9c01-b4dad2391a20.jpg
https://progressivemartialarts.com.au/product-tag/escrima/	https://progressivemartialarts.com.au/wp-content/uploads/2023/02/3CEADE31-CD6F-4FD8-9D23-7E22BF0C34AB-600x439.jpeg
https://progressivemartialarts.com.au/product-tag/escrima/	https://progressivemartialarts.com.au/wp-content/uploads/2025/08/IMG_9559-2-600x800.jpeg
https://progressivemartialarts.com.au/product-tag/escrima/	https://progressivemartialarts.com.au/wp-content/uploads/2026/04/2026-11-20-Australia-Tour3.1-600x776.jpeg
https://progressivemartialarts.com.au/product-tag/eskrima-sticks/	https://firstsight.design/cherie/beauty/wp-content/uploads/2020/10/Shopping-Cart.svg
https://progressivemartialarts.com.au/product-tag/eskrima-sticks/	https://progressivemartialarts.com.au/wp-content/uploads/2022/10/2012-10-Abecedario-600x1009.jpg
https://progressivemartialarts.com.au/product-tag/eskrima-sticks/	https://progressivemartialarts.com.au/wp-content/uploads/2022/10/Definitive_01_2048x2048_8f5b3c99-52db-47cc-bb4b-5d53337ceb9b-600x400.jpg
https://progressivemartialarts.com.au/product-tag/eskrima-sticks/	https://progressivemartialarts.com.au/wp-content/uploads/2022/10/PMA-logo-2020-11250X60-11.png
https://progressivemartialarts.com.au/product-tag/eskrima-sticks/	https://progressivemartialarts.com.au/wp-content/uploads/2022/10/PMA-logo-2020-12.png
https://progressivemartialarts.com.au/product-tag/eskrima-sticks/	https://progressivemartialarts.com.au/wp-content/uploads/2026/04/2017-08-Staff-day-1-1-600x767.jpg
https://progressivemartialarts.com.au/product-tag/eskrima-sticks/	https://progressivemartialarts.com.au/wp-content/uploads/2026/04/2018-13-Mixed-Arts-day-1-600x853.jpg
https://progressivemartialarts.com.au/product-tag/eskrima/	https://firstsight.design/cherie/beauty/wp-content/uploads/2020/10/Shopping-Cart.svg
https://progressivemartialarts.com.au/product-tag/eskrima/	https://progressivemartialarts.com.au/wp-content/uploads/2022/10/PMA-logo-2020-11250X60-11.png
https://progressivemartialarts.com.au/product-tag/eskrima/	https://progressivemartialarts.com.au/wp-content/uploads/2022/10/PMA-logo-2020-12.png
https://progressivemartialarts.com.au/product-tag/eskrima/	https://progressivemartialarts.com.au/wp-content/uploads/2022/10/dagger-bca_360x_895a535c-d41f-41d7-9faa-afbe3d50093b.jpg
https://progressivemartialarts.com.au/product-tag/eskrima/	https://progressivemartialarts.com.au/wp-content/uploads/2022/10/helm_cd_front_360x_d8ac5c97-b654-4d2c-bef6-e968d4681d2b.jpg
https://progressivemartialarts.com.au/product-tag/eskrima/	https://progressivemartialarts.com.au/wp-content/uploads/2023/02/3CEADE31-CD6F-4FD8-9D23-7E22BF0C34AB-600x439.jpeg
https://progressivemartialarts.com.au/product-tag/eskrima/	https://progressivemartialarts.com.au/wp-content/uploads/2023/02/45234D57-5E37-4B14-81B1-61BBEB33CCD9-600x453.jpeg
https://progressivemartialarts.com.au/product-tag/eskrima/	https://progressivemartialarts.com.au/wp-content/uploads/2023/02/9FC67EC4-82BE-4EAF-BB28-15B9CAFE5029-600x449.jpeg
https://progressivemartialarts.com.au/product-tag/eskrima/	https://progressivemartialarts.com.au/wp-content/uploads/2023/02/Dagger-Bag-Gold.jpeg
https://progressivemartialarts.com.au/product-tag/eskrima/	https://progressivemartialarts.com.au/wp-content/uploads/2025/08/IMG_9525-2-600x800.jpeg
https://progressivemartialarts.com.au/product-tag/eskrima/	https://progressivemartialarts.com.au/wp-content/uploads/2025/08/IMG_9531-2-600x800.jpeg
https://progressivemartialarts.com.au/product-tag/eskrima/	https://progressivemartialarts.com.au/wp-content/uploads/2025/08/IMG_9537-2-600x800.jpeg
https://progressivemartialarts.com.au/product-tag/eskrima/	https://progressivemartialarts.com.au/wp-content/uploads/2025/08/IMG_9545-2-600x800.jpeg
https://progressivemartialarts.com.au/product-tag/eskrima/	https://progressivemartialarts.com.au/wp-content/uploads/2025/08/IMG_9546-2-600x800.jpeg
https://progressivemartialarts.com.au/product-tag/eskrima/	https://progressivemartialarts.com.au/wp-content/uploads/2025/08/IMG_9547-2-scaled-e1777422171489-600x800.jpeg
https://progressivemartialarts.com.au/product-tag/eskrima/	https://progressivemartialarts.com.au/wp-content/uploads/2025/08/IMG_9554-2-600x800.jpeg
https://progressivemartialarts.com.au/product-tag/eskrima/	https://progressivemartialarts.com.au/wp-content/uploads/2026/04/2026-11-20-Australia-Tour3.1-600x776.jpeg
https://progressivemartialarts.com.au/product-tag/ffia/	https://firstsight.design/cherie/beauty/wp-content/uploads/2020/10/Shopping-Cart.svg
https://progressivemartialarts.com.au/product-tag/ffia/	https://progressivemartialarts.com.au/wp-content/uploads/2022/10/PMA-logo-2020-11250X60-11.png
https://progressivemartialarts.com.au/product-tag/ffia/	https://progressivemartialarts.com.au/wp-content/uploads/2022/10/PMA-logo-2020-12.png
https://progressivemartialarts.com.au/product-tag/ffia/	https://progressivemartialarts.com.au/wp-content/uploads/2026/04/2026-11-Sifu-Fong-Australia.1-2-600x776.jpeg
https://progressivemartialarts.com.au/product-tag/filipino-american-history/	https://firstsight.design/cherie/beauty/wp-content/uploads/2020/10/Shopping-Cart.svg
https://progressivemartialarts.com.au/product-tag/filipino-american-history/	https://progressivemartialarts.com.au/wp-content/uploads/2022/10/2010_calendar_360x_f12e80dc-3edf-4d16-83e4-eb93056880eb.jpg
https://progressivemartialarts.com.au/product-tag/filipino-american-history/	https://progressivemartialarts.com.au/wp-content/uploads/2022/10/PMA-logo-2020-11250X60-11.png
https://progressivemartialarts.com.au/product-tag/filipino-american-history/	https://progressivemartialarts.com.au/wp-content/uploads/2022/10/PMA-logo-2020-12.png
https://progressivemartialarts.com.au/product-tag/filipino-boxing/	https://firstsight.design/cherie/beauty/wp-content/uploads/2020/10/Shopping-Cart.svg
https://progressivemartialarts.com.au/product-tag/filipino-boxing/	https://progressivemartialarts.com.au/wp-content/uploads/2022/10/PMA-logo-2020-11250X60-11.png
https://progressivemartialarts.com.au/product-tag/filipino-boxing/	https://progressivemartialarts.com.au/wp-content/uploads/2022/10/PMA-logo-2020-12.png
https://progressivemartialarts.com.au/product-tag/filipino-boxing/	https://progressivemartialarts.com.au/wp-content/uploads/2026/04/2013-08-Panantukan-600x985.jpg
https://progressivemartialarts.com.au/product-tag/filipino-boxing/	https://progressivemartialarts.com.au/wp-content/uploads/2026/04/2016-17-Panantukan.1.jpg
https://progressivemartialarts.com.au/product-tag/filipino-martial-art/	https://firstsight.design/cherie/beauty/wp-content/uploads/2020/10/Shopping-Cart.svg
https://progressivemartialarts.com.au/product-tag/filipino-martial-art/	https://progressivemartialarts.com.au/wp-content/uploads/2022/10/2015-18-Sensitivity-4.1.jpg
https://progressivemartialarts.com.au/product-tag/filipino-martial-art/	https://progressivemartialarts.com.au/wp-content/uploads/2022/10/PMA-logo-2020-11250X60-11.png
https://progressivemartialarts.com.au/product-tag/filipino-martial-art/	https://progressivemartialarts.com.au/wp-content/uploads/2022/10/PMA-logo-2020-12.png
https://progressivemartialarts.com.au/product-tag/filipino-martial-art/	https://progressivemartialarts.com.au/wp-content/uploads/2022/10/Training-Dagger-02-600x450.jpg
https://progressivemartialarts.com.au/product-tag/filipino-martial-art/	https://progressivemartialarts.com.au/wp-content/uploads/2022/10/Training-Dagger-03-600x450.jpg
https://progressivemartialarts.com.au/product-tag/filipino-martial-art/	https://progressivemartialarts.com.au/wp-content/uploads/2022/10/Training-Dagger-06-600x450.jpg
https://progressivemartialarts.com.au/product-tag/filipino-martial-art/	https://progressivemartialarts.com.au/wp-content/uploads/2022/10/blades-004_360x_a81732c8-99d6-4ee9-beb1-63dc64f0eb9c.jpg
https://progressivemartialarts.com.au/product-tag/filipino-martial-art/	https://progressivemartialarts.com.au/wp-content/uploads/2022/10/blades_model_005_360x_1034b4bd-bce8-47bc-8e62-b1131184e83e.jpg
https://progressivemartialarts.com.au/product-tag/filipino-martial-art/	https://progressivemartialarts.com.au/wp-content/uploads/2022/10/dagger-bca_360x_895a535c-d41f-41d7-9faa-afbe3d50093b.jpg
https://progressivemartialarts.com.au/product-tag/filipino-martial-art/	https://progressivemartialarts.com.au/wp-content/uploads/2022/10/iama_tanktop_360x_839c4b19-c0df-474e-8eb3-a0031b2aafdc.jpg
https://progressivemartialarts.com.au/product-tag/filipino-martial-art/	https://progressivemartialarts.com.au/wp-content/uploads/2022/10/image_d2a89c11-6959-4553-b418-dbe4e42924ef.png
https://progressivemartialarts.com.au/product-tag/filipino-martial-art/	https://progressivemartialarts.com.au/wp-content/uploads/2022/10/products_training_dagger_360x_22c58b36-189d-43ca-9c01-b4dad2391a20.jpg
https://progressivemartialarts.com.au/product-tag/filipino-martial-art/	https://progressivemartialarts.com.au/wp-content/uploads/2023/02/3CEADE31-CD6F-4FD8-9D23-7E22BF0C34AB-600x439.jpeg
https://progressivemartialarts.com.au/product-tag/filipino-martial-art/	https://progressivemartialarts.com.au/wp-content/uploads/2025/04/2024-07-Legends.1.jpg
https://progressivemartialarts.com.au/product-tag/filipino-martial-art/	https://progressivemartialarts.com.au/wp-content/uploads/2025/08/IMG_9559-2-600x800.jpeg
https://progressivemartialarts.com.au/product-tag/filipino-martial-art/	https://progressivemartialarts.com.au/wp-content/uploads/2026/04/2013-08-Panantukan-600x985.jpg
https://progressivemartialarts.com.au/product-tag/filipino-martial-arts-fma/	https://firstsight.design/cherie/beauty/wp-content/uploads/2020/10/Shopping-Cart.svg
https://progressivemartialarts.com.au/product-tag/filipino-martial-arts-fma/	https://progressivemartialarts.com.au/wp-content/uploads/2022/10/PMA-logo-2020-11250X60-11.png
https://progressivemartialarts.com.au/product-tag/filipino-martial-arts-fma/	https://progressivemartialarts.com.au/wp-content/uploads/2022/10/PMA-logo-2020-12.png
https://progressivemartialarts.com.au/product-tag/filipino-martial-arts-fma/	https://progressivemartialarts.com.au/wp-content/uploads/2022/10/Padded-Sticks-all-3-600x454.jpg
https://progressivemartialarts.com.au/product-tag/filipino-martial-arts-fma/	https://progressivemartialarts.com.au/wp-content/uploads/2023/02/Training-Karambit-600x450.jpg
https://progressivemartialarts.com.au/product-tag/filipino-martial-arts-fma/	https://progressivemartialarts.com.au/wp-content/uploads/2023/02/University-T-Black-white-600x823.jpg
https://progressivemartialarts.com.au/product-tag/filipino-martial-arts-fma/	https://progressivemartialarts.com.au/wp-content/uploads/2025/12/Shorts-MMA-White.jpeg
https://progressivemartialarts.com.au/product-tag/filipino-martial-arts/	https://firstsight.design/cherie/beauty/wp-content/uploads/2020/10/Shopping-Cart.svg
https://progressivemartialarts.com.au/product-tag/filipino-martial-arts/	https://progressivemartialarts.com.au/wp-content/uploads/2022/10/Heavens-Drums-front-600x601.jpeg
https://progressivemartialarts.com.au/product-tag/filipino-martial-arts/	https://progressivemartialarts.com.au/wp-content/uploads/2022/10/PMA-logo-2020-11250X60-11.png
https://progressivemartialarts.com.au/product-tag/filipino-martial-arts/	https://progressivemartialarts.com.au/wp-content/uploads/2022/10/PMA-logo-2020-12.png
https://progressivemartialarts.com.au/product-tag/filipino-martial-arts/	https://progressivemartialarts.com.au/wp-content/uploads/2022/10/Training-Dagger-02-600x450.jpg
https://progressivemartialarts.com.au/product-tag/filipino-martial-arts/	https://progressivemartialarts.com.au/wp-content/uploads/2022/10/helm_cd_front_360x_d8ac5c97-b654-4d2c-bef6-e968d4681d2b.jpg
https://progressivemartialarts.com.au/product-tag/filipino-martial-arts/	https://progressivemartialarts.com.au/wp-content/uploads/2023/02/3CEADE31-CD6F-4FD8-9D23-7E22BF0C34AB-600x439.jpeg
https://progressivemartialarts.com.au/product-tag/filipino-martial-arts/	https://progressivemartialarts.com.au/wp-content/uploads/2023/02/45234D57-5E37-4B14-81B1-61BBEB33CCD9-600x453.jpeg
https://progressivemartialarts.com.au/product-tag/filipino-martial-arts/	https://progressivemartialarts.com.au/wp-content/uploads/2023/02/9FC67EC4-82BE-4EAF-BB28-15B9CAFE5029-600x449.jpeg
https://progressivemartialarts.com.au/product-tag/filipino-martial-arts/	https://progressivemartialarts.com.au/wp-content/uploads/2023/02/Dagger-Bag-Gold.jpeg
https://progressivemartialarts.com.au/product-tag/filipino-martial-arts/	https://progressivemartialarts.com.au/wp-content/uploads/2025/08/IMG_9525-2-600x800.jpeg
https://progressivemartialarts.com.au/product-tag/filipino-martial-arts/	https://progressivemartialarts.com.au/wp-content/uploads/2025/08/IMG_9531-2-600x800.jpeg
https://progressivemartialarts.com.au/product-tag/filipino-martial-arts/	https://progressivemartialarts.com.au/wp-content/uploads/2025/08/IMG_9537-2-600x800.jpeg
https://progressivemartialarts.com.au/product-tag/filipino-martial-arts/	https://progressivemartialarts.com.au/wp-content/uploads/2025/08/IMG_9545-2-600x800.jpeg
https://progressivemartialarts.com.au/product-tag/filipino-martial-arts/	https://progressivemartialarts.com.au/wp-content/uploads/2025/08/IMG_9546-2-600x800.jpeg
https://progressivemartialarts.com.au/product-tag/filipino-martial-arts/	https://progressivemartialarts.com.au/wp-content/uploads/2025/08/IMG_9547-2-scaled-e1777422171489-600x800.jpeg
https://progressivemartialarts.com.au/product-tag/filipino-martial-arts/	https://progressivemartialarts.com.au/wp-content/uploads/2025/08/IMG_9554-2-600x800.jpeg
https://progressivemartialarts.com.au/product-tag/fma/	https://firstsight.design/cherie/beauty/wp-content/uploads/2020/10/Shopping-Cart.svg
https://progressivemartialarts.com.au/product-tag/fma/	https://progressivemartialarts.com.au/wp-content/uploads/2022/10/PMA-logo-2020-11250X60-11.png
https://progressivemartialarts.com.au/product-tag/fma/	https://progressivemartialarts.com.au/wp-content/uploads/2022/10/PMA-logo-2020-12.png
https://progressivemartialarts.com.au/product-tag/fma/	https://progressivemartialarts.com.au/wp-content/uploads/2022/10/Training-Dagger-02-600x450.jpg
https://progressivemartialarts.com.au/product-tag/fma/	https://progressivemartialarts.com.au/wp-content/uploads/2022/10/Training-Dagger-03-600x450.jpg
https://progressivemartialarts.com.au/product-tag/fma/	https://progressivemartialarts.com.au/wp-content/uploads/2022/10/Training-Dagger-06-600x450.jpg
https://progressivemartialarts.com.au/product-tag/fma/	https://progressivemartialarts.com.au/wp-content/uploads/2022/10/blades-004_360x_a81732c8-99d6-4ee9-beb1-63dc64f0eb9c.jpg
https://progressivemartialarts.com.au/product-tag/fma/	https://progressivemartialarts.com.au/wp-content/uploads/2022/10/blades_model_005_360x_1034b4bd-bce8-47bc-8e62-b1131184e83e.jpg
https://progressivemartialarts.com.au/product-tag/fma/	https://progressivemartialarts.com.au/wp-content/uploads/2022/10/dagger-bca_360x_895a535c-d41f-41d7-9faa-afbe3d50093b.jpg
https://progressivemartialarts.com.au/product-tag/fma/	https://progressivemartialarts.com.au/wp-content/uploads/2022/10/products_training_dagger_360x_22c58b36-189d-43ca-9c01-b4dad2391a20.jpg
https://progressivemartialarts.com.au/product-tag/fma/	https://progressivemartialarts.com.au/wp-content/uploads/2023/02/3CEADE31-CD6F-4FD8-9D23-7E22BF0C34AB-600x439.jpeg
https://progressivemartialarts.com.au/product-tag/fma/	https://progressivemartialarts.com.au/wp-content/uploads/2025/08/IMG_9525-2-600x800.jpeg
https://progressivemartialarts.com.au/product-tag/fma/	https://progressivemartialarts.com.au/wp-content/uploads/2025/08/IMG_9531-2-600x800.jpeg
https://progressivemartialarts.com.au/product-tag/fma/	https://progressivemartialarts.com.au/wp-content/uploads/2025/08/IMG_9537-2-600x800.jpeg
https://progressivemartialarts.com.au/product-tag/fma/	https://progressivemartialarts.com.au/wp-content/uploads/2025/08/IMG_9545-2-600x800.jpeg
https://progressivemartialarts.com.au/product-tag/fma/	https://progressivemartialarts.com.au/wp-content/uploads/2025/08/IMG_9547-2-scaled-e1777422171489-600x800.jpeg
https://progressivemartialarts.com.au/product-tag/fma/	https://progressivemartialarts.com.au/wp-content/uploads/2025/08/IMG_9554-2-600x800.jpeg
https://progressivemartialarts.com.au/product-tag/focus-mitts/	https://firstsight.design/cherie/beauty/wp-content/uploads/2020/10/Shopping-Cart.svg
https://progressivemartialarts.com.au/product-tag/focus-mitts/	https://progressivemartialarts.com.au/wp-content/uploads/2022/10/PMA-logo-2020-11250X60-11.png
https://progressivemartialarts.com.au/product-tag/focus-mitts/	https://progressivemartialarts.com.au/wp-content/uploads/2022/10/PMA-logo-2020-12.png
https://progressivemartialarts.com.au/product-tag/focus-mitts/	https://progressivemartialarts.com.au/wp-content/uploads/2023/08/IMG_2850-scaled-195kb-e1778714894977-600x688.jpg
https://progressivemartialarts.com.au/product-tag/focus-mitts/	https://progressivemartialarts.com.au/wp-content/uploads/2025/04/IMG_1257-600x800.jpg
https://progressivemartialarts.com.au/product-tag/focus-mitts/	https://progressivemartialarts.com.au/wp-content/uploads/2026/05/Focus-Mitts-Morgan-600x450.jpg
https://progressivemartialarts.com.au/product-tag/focus-mitts/	https://progressivemartialarts.com.au/wp-content/uploads/2026/05/Focus-Mitts-Punch-600x450.jpg
https://progressivemartialarts.com.au/product-tag/focus-paddles/	https://firstsight.design/cherie/beauty/wp-content/uploads/2020/10/Shopping-Cart.svg
https://progressivemartialarts.com.au/product-tag/focus-paddles/	https://progressivemartialarts.com.au/wp-content/uploads/2022/10/PMA-logo-2020-11250X60-11.png
https://progressivemartialarts.com.au/product-tag/focus-paddles/	https://progressivemartialarts.com.au/wp-content/uploads/2022/10/PMA-logo-2020-12.png
https://progressivemartialarts.com.au/product-tag/focus-paddles/	https://progressivemartialarts.com.au/wp-content/uploads/2023/08/IMG_2850-scaled-195kb-e1778714894977-600x688.jpg
https://progressivemartialarts.com.au/product-tag/fong-dvd/	https://firstsight.design/cherie/beauty/wp-content/uploads/2020/10/Shopping-Cart.svg
https://progressivemartialarts.com.au/product-tag/fong-dvd/	https://progressivemartialarts.com.au/wp-content/uploads/2022/10/PMA-logo-2020-11250X60-11.png
https://progressivemartialarts.com.au/product-tag/fong-dvd/	https://progressivemartialarts.com.au/wp-content/uploads/2022/10/PMA-logo-2020-12.png
https://progressivemartialarts.com.au/product-tag/fong-dvd/	https://progressivemartialarts.com.au/wp-content/uploads/2022/10/dvd-wingchun-mma_540x_3a7a76b0-19be-48e3-86fc-5b0ebd10b420.jpg
https://progressivemartialarts.com.au/product-tag/fong-dvd/	https://progressivemartialarts.com.au/wp-content/uploads/2026/08/fong_DVD_masters.jpg
https://progressivemartialarts.com.au/product-tag/gi-patch-kit/	https://firstsight.design/cherie/beauty/wp-content/uploads/2020/10/Shopping-Cart.svg
https://progressivemartialarts.com.au/product-tag/gi-patch-kit/	https://progressivemartialarts.com.au/wp-content/uploads/2022/10/PMA-logo-2020-11250X60-11.png
https://progressivemartialarts.com.au/product-tag/gi-patch-kit/	https://progressivemartialarts.com.au/wp-content/uploads/2022/10/PMA-logo-2020-12.png
https://progressivemartialarts.com.au/product-tag/gi-patch-kit/	https://progressivemartialarts.com.au/wp-content/uploads/2025/07/IMG_2212-600x702.jpeg
https://progressivemartialarts.com.au/product-tag/gi-patch/	https://firstsight.design/cherie/beauty/wp-content/uploads/2020/10/Shopping-Cart.svg
https://progressivemartialarts.com.au/product-tag/gi-patch/	https://progressivemartialarts.com.au/wp-content/uploads/2022/10/Gi-Patch-IAMA-Large-600x572.jpg
https://progressivemartialarts.com.au/product-tag/gi-patch/	https://progressivemartialarts.com.au/wp-content/uploads/2022/10/PMA-logo-2020-11250X60-11.png
https://progressivemartialarts.com.au/product-tag/gi-patch/	https://progressivemartialarts.com.au/wp-content/uploads/2022/10/PMA-logo-2020-12.png
https://progressivemartialarts.com.au/product-tag/grappling/	https://firstsight.design/cherie/beauty/wp-content/uploads/2020/10/Shopping-Cart.svg
https://progressivemartialarts.com.au/product-tag/grappling/	https://progressivemartialarts.com.au/wp-content/uploads/2022/10/2012-13-Mixed-Arts-2-disc-600x1002.jpg
https://progressivemartialarts.com.au/product-tag/grappling/	https://progressivemartialarts.com.au/wp-content/uploads/2022/10/2013-07-Legends.1-1.jpg
https://progressivemartialarts.com.au/product-tag/grappling/	https://progressivemartialarts.com.au/wp-content/uploads/2022/10/Gi-Patch-IAMA-Large-600x572.jpg
https://progressivemartialarts.com.au/product-tag/grappling/	https://progressivemartialarts.com.au/wp-content/uploads/2022/10/IAMA-Hoodie-BandG-e1781059471389.jpeg
https://progressivemartialarts.com.au/product-tag/grappling/	https://progressivemartialarts.com.au/wp-content/uploads/2022/10/PMA-logo-2020-11250X60-11.png
https://progressivemartialarts.com.au/product-tag/grappling/	https://progressivemartialarts.com.au/wp-content/uploads/2022/10/PMA-logo-2020-12.png
https://progressivemartialarts.com.au/product-tag/grappling/	https://progressivemartialarts.com.au/wp-content/uploads/2026/04/2013-09-Dumog-600x1013.jpg
https://progressivemartialarts.com.au/product-tag/grappling/	https://progressivemartialarts.com.au/wp-content/uploads/2026/04/2013-13-Mixed-Arts-4-disc-600x991.jpg
https://progressivemartialarts.com.au/product-tag/grappling/	https://progressivemartialarts.com.au/wp-content/uploads/2026/04/2013-14-Jun-FanJKD-600x997.jpg
https://progressivemartialarts.com.au/product-tag/grappling/	https://progressivemartialarts.com.au/wp-content/uploads/2026/04/2015-04-Joint-Locking.jpg
https://progressivemartialarts.com.au/product-tag/grappling/	https://progressivemartialarts.com.au/wp-content/uploads/2026/04/2016-13-Mixed-Arts-Sat.1.jpg
https://progressivemartialarts.com.au/product-tag/grappling/	https://progressivemartialarts.com.au/wp-content/uploads/2026/04/2016-14-Mixed-Arts-Sun.1.jpg
https://progressivemartialarts.com.au/product-tag/grappling/	https://progressivemartialarts.com.au/wp-content/uploads/2026/04/2017-13-Mixed-day-1-1-600x793.jpg
https://progressivemartialarts.com.au/product-tag/grappling/	https://progressivemartialarts.com.au/wp-content/uploads/2026/04/2017-14-Mixed-day-2-1-600x825.jpg
https://progressivemartialarts.com.au/product-tag/grappling/	https://progressivemartialarts.com.au/wp-content/uploads/2026/04/2017-18-Locks-and-Controls-1-600x751.jpg
https://progressivemartialarts.com.au/product-tag/grappling/	https://progressivemartialarts.com.au/wp-content/uploads/2026/04/2026-11-20-Australia-Tour3.1-600x776.jpeg
https://progressivemartialarts.com.au/product-tag/gung-fu/	https://firstsight.design/cherie/beauty/wp-content/uploads/2020/10/Shopping-Cart.svg
https://progressivemartialarts.com.au/product-tag/gung-fu/	https://progressivemartialarts.com.au/wp-content/uploads/2022/10/PMA-logo-2020-11250X60-11.png
https://progressivemartialarts.com.au/product-tag/gung-fu/	https://progressivemartialarts.com.au/wp-content/uploads/2022/10/PMA-logo-2020-12.png
https://progressivemartialarts.com.au/product-tag/gung-fu/	https://progressivemartialarts.com.au/wp-content/uploads/2026/04/2026-11-Sifu-Fong-Australia.1-2-600x776.jpeg
https://progressivemartialarts.com.au/product-tag/guro-dan-inosanto/	https://firstsight.design/cherie/beauty/wp-content/uploads/2020/10/Shopping-Cart.svg
https://progressivemartialarts.com.au/product-tag/guro-dan-inosanto/	https://progressivemartialarts.com.au/wp-content/uploads/2022/10/PMA-logo-2020-11250X60-11.png
https://progressivemartialarts.com.au/product-tag/guro-dan-inosanto/	https://progressivemartialarts.com.au/wp-content/uploads/2022/10/PMA-logo-2020-12.png
https://progressivemartialarts.com.au/product-tag/guro-dan-inosanto/	https://progressivemartialarts.com.au/wp-content/uploads/2022/10/Training-Dagger-02-600x450.jpg
https://progressivemartialarts.com.au/product-tag/guro-dan-inosanto/	https://progressivemartialarts.com.au/wp-content/uploads/2022/10/Training-Dagger-03-600x450.jpg
https://progressivemartialarts.com.au/product-tag/guro-dan-inosanto/	https://progressivemartialarts.com.au/wp-content/uploads/2022/10/Training-Dagger-06-600x450.jpg
https://progressivemartialarts.com.au/product-tag/guro-dan-inosanto/	https://progressivemartialarts.com.au/wp-content/uploads/2022/10/blades-004_360x_a81732c8-99d6-4ee9-beb1-63dc64f0eb9c.jpg
https://progressivemartialarts.com.au/product-tag/guro-dan-inosanto/	https://progressivemartialarts.com.au/wp-content/uploads/2022/10/blades_model_005_360x_1034b4bd-bce8-47bc-8e62-b1131184e83e.jpg
https://progressivemartialarts.com.au/product-tag/guro-dan-inosanto/	https://progressivemartialarts.com.au/wp-content/uploads/2022/10/dagger-bca_360x_895a535c-d41f-41d7-9faa-afbe3d50093b.jpg
https://progressivemartialarts.com.au/product-tag/guro-dan-inosanto/	https://progressivemartialarts.com.au/wp-content/uploads/2022/10/products_training_dagger_360x_22c58b36-189d-43ca-9c01-b4dad2391a20.jpg
https://progressivemartialarts.com.au/product-tag/guro-dan-inosanto/	https://progressivemartialarts.com.au/wp-content/uploads/2023/02/3CEADE31-CD6F-4FD8-9D23-7E22BF0C34AB-600x439.jpeg
https://progressivemartialarts.com.au/product-tag/guro-dan-inosanto/	https://progressivemartialarts.com.au/wp-content/uploads/2025/08/IMG_9525-2-600x800.jpeg
https://progressivemartialarts.com.au/product-tag/guro-dan-inosanto/	https://progressivemartialarts.com.au/wp-content/uploads/2025/08/IMG_9531-2-600x800.jpeg
https://progressivemartialarts.com.au/product-tag/guro-dan-inosanto/	https://progressivemartialarts.com.au/wp-content/uploads/2025/08/IMG_9537-2-600x800.jpeg
https://progressivemartialarts.com.au/product-tag/guro-dan-inosanto/	https://progressivemartialarts.com.au/wp-content/uploads/2025/08/IMG_9545-2-600x800.jpeg
https://progressivemartialarts.com.au/product-tag/guro-dan-inosanto/	https://progressivemartialarts.com.au/wp-content/uploads/2025/08/IMG_9547-2-scaled-e1777422171489-600x800.jpeg
https://progressivemartialarts.com.au/product-tag/guro-dan-inosanto/	https://progressivemartialarts.com.au/wp-content/uploads/2025/08/IMG_9554-2-600x800.jpeg
https://progressivemartialarts.com.au/product-tag/guru-dan-inosanto/	https://firstsight.design/cherie/beauty/wp-content/uploads/2020/10/Shopping-Cart.svg
https://progressivemartialarts.com.au/product-tag/guru-dan-inosanto/	https://progressivemartialarts.com.au/wp-content/uploads/2022/10/Malong-600x493.jpg
https://progressivemartialarts.com.au/product-tag/guru-dan-inosanto/	https://progressivemartialarts.com.au/wp-content/uploads/2022/10/PMA-logo-2020-11250X60-11.png
https://progressivemartialarts.com.au/product-tag/guru-dan-inosanto/	https://progressivemartialarts.com.au/wp-content/uploads/2022/10/PMA-logo-2020-12.png
https://progressivemartialarts.com.au/product-tag/guru/	https://firstsight.design/cherie/beauty/wp-content/uploads/2020/10/Shopping-Cart.svg
https://progressivemartialarts.com.au/product-tag/guru/	https://progressivemartialarts.com.au/wp-content/uploads/2022/10/PMA-logo-2020-11250X60-11.png
https://progressivemartialarts.com.au/product-tag/guru/	https://progressivemartialarts.com.au/wp-content/uploads/2022/10/PMA-logo-2020-12.png
https://progressivemartialarts.com.au/product-tag/guru/	https://progressivemartialarts.com.au/wp-content/uploads/2026/04/2018-05-Mixed-Silat-1-600x857.jpg
https://progressivemartialarts.com.au/product-tag/hoodie/	https://firstsight.design/cherie/beauty/wp-content/uploads/2020/10/Shopping-Cart.svg
https://progressivemartialarts.com.au/product-tag/hoodie/	https://progressivemartialarts.com.au/wp-content/uploads/2022/10/IAMA-Hoodie-BandG-e1781059471389.jpeg
https://progressivemartialarts.com.au/product-tag/hoodie/	https://progressivemartialarts.com.au/wp-content/uploads/2022/10/PMA-logo-2020-11250X60-11.png
https://progressivemartialarts.com.au/product-tag/hoodie/	https://progressivemartialarts.com.au/wp-content/uploads/2022/10/PMA-logo-2020-12.png
https://progressivemartialarts.com.au/product-tag/hoodie/	https://progressivemartialarts.com.au/wp-content/uploads/2022/10/Shield-hood.jpeg
https://progressivemartialarts.com.au/product-tag/hoodie/	https://progressivemartialarts.com.au/wp-content/uploads/2022/10/image_ee55cf16-67e0-4932-b41c-cdb2860b1328-e1781059334221-600x960.jpg
https://progressivemartialarts.com.au/product-tag/hoodies/	https://firstsight.design/cherie/beauty/wp-content/uploads/2020/10/Shopping-Cart.svg
https://progressivemartialarts.com.au/product-tag/hoodies/	https://progressivemartialarts.com.au/wp-content/uploads/2022/10/IAMA-Windbreaker.jpeg
https://progressivemartialarts.com.au/product-tag/hoodies/	https://progressivemartialarts.com.au/wp-content/uploads/2022/10/PMA-logo-2020-11250X60-11.png
https://progressivemartialarts.com.au/product-tag/hoodies/	https://progressivemartialarts.com.au/wp-content/uploads/2022/10/PMA-logo-2020-12.png
https://progressivemartialarts.com.au/product-tag/hoodies/	https://progressivemartialarts.com.au/wp-content/uploads/2022/10/Shield-hood.jpeg
https://progressivemartialarts.com.au/product-tag/ikat/	https://firstsight.design/cherie/beauty/wp-content/uploads/2020/10/Shopping-Cart.svg
https://progressivemartialarts.com.au/product-tag/ikat/	https://progressivemartialarts.com.au/wp-content/uploads/2022/10/2012-06-Silat-Camp.1-copy.jpg
https://progressivemartialarts.com.au/product-tag/ikat/	https://progressivemartialarts.com.au/wp-content/uploads/2022/10/2014-06-Silat-Camp.1.jpg
https://progressivemartialarts.com.au/product-tag/ikat/	https://progressivemartialarts.com.au/wp-content/uploads/2022/10/2014-06-Silat-Camp.jpg
https://progressivemartialarts.com.au/product-tag/ikat/	https://progressivemartialarts.com.au/wp-content/uploads/2022/10/2015-17-Flexible-December.1.jpg
https://progressivemartialarts.com.au/product-tag/ikat/	https://progressivemartialarts.com.au/wp-content/uploads/2022/10/PMA-logo-2020-11250X60-11.png
https://progressivemartialarts.com.au/product-tag/ikat/	https://progressivemartialarts.com.au/wp-content/uploads/2022/10/PMA-logo-2020-12.png
https://progressivemartialarts.com.au/product-tag/ikat/	https://progressivemartialarts.com.au/wp-content/uploads/2022/10/Suwanda-Sarung-3-600x824.jpg
https://progressivemartialarts.com.au/product-tag/ikat/	https://progressivemartialarts.com.au/wp-content/uploads/2022/10/ikat-01_360x_c68eeb41-4a38-40c2-849c-3fa10d07337f.jpg
https://progressivemartialarts.com.au/product-tag/ikat/	https://progressivemartialarts.com.au/wp-content/uploads/2025/04/2019-17-Flexible-1-600x811.jpg
https://progressivemartialarts.com.au/product-tag/ikat/	https://progressivemartialarts.com.au/wp-content/uploads/2026/04/2015-05-Flexible-march.jpg
https://progressivemartialarts.com.au/product-tag/ikat/	https://progressivemartialarts.com.au/wp-content/uploads/2026/04/2015-06-Silat-Camp.1.jpg
https://progressivemartialarts.com.au/product-tag/ikat/	https://progressivemartialarts.com.au/wp-content/uploads/2026/04/2017-05-SarongMalong-3.1.jpg
https://progressivemartialarts.com.au/product-tag/ikat/	https://progressivemartialarts.com.au/wp-content/uploads/2026/04/2017-16-Maphilindo-Silat-1-600x847.jpg
https://progressivemartialarts.com.au/product-tag/ikat/	https://progressivemartialarts.com.au/wp-content/uploads/2026/04/2018-05-Mixed-Silat-1-600x857.jpg
https://progressivemartialarts.com.au/product-tag/ikat/	https://progressivemartialarts.com.au/wp-content/uploads/2026/04/2019-16-Weaponry-1-600x858.jpg
https://progressivemartialarts.com.au/product-tag/indonesia/	https://firstsight.design/cherie/beauty/wp-content/uploads/2020/10/Shopping-Cart.svg
https://progressivemartialarts.com.au/product-tag/indonesia/	https://progressivemartialarts.com.au/wp-content/uploads/2022/10/PMA-logo-2020-11250X60-11.png
https://progressivemartialarts.com.au/product-tag/indonesia/	https://progressivemartialarts.com.au/wp-content/uploads/2022/10/PMA-logo-2020-12.png
https://progressivemartialarts.com.au/product-tag/indonesia/	https://progressivemartialarts.com.au/wp-content/uploads/2022/10/Suwanda-Sarung-3-600x824.jpg
https://progressivemartialarts.com.au/product-tag/indonesian/	https://firstsight.design/cherie/beauty/wp-content/uploads/2020/10/Shopping-Cart.svg
https://progressivemartialarts.com.au/product-tag/indonesian/	https://progressivemartialarts.com.au/wp-content/uploads/2022/10/PMA-logo-2020-11250X60-11.png
https://progressivemartialarts.com.au/product-tag/indonesian/	https://progressivemartialarts.com.au/wp-content/uploads/2022/10/PMA-logo-2020-12.png
https://progressivemartialarts.com.au/product-tag/indonesian/	https://progressivemartialarts.com.au/wp-content/uploads/2023/02/Training-Karambit-600x450.jpg
https://progressivemartialarts.com.au/product-tag/inosanto-academy/	https://firstsight.design/cherie/beauty/wp-content/uploads/2020/10/Shopping-Cart.svg
https://progressivemartialarts.com.au/product-tag/inosanto-academy/	https://progressivemartialarts.com.au/wp-content/uploads/2022/10/PMA-logo-2020-11250X60-11.png
https://progressivemartialarts.com.au/product-tag/inosanto-academy/	https://progressivemartialarts.com.au/wp-content/uploads/2022/10/PMA-logo-2020-12.png
https://progressivemartialarts.com.au/product-tag/inosanto-academy/	https://progressivemartialarts.com.au/wp-content/uploads/2022/10/image_2d3d4dd2-1b08-4aa5-8b47-ff2afbb0550c.png
https://progressivemartialarts.com.au/product-tag/inosanto-academy/	https://progressivemartialarts.com.au/wp-content/uploads/2023/02/45234D57-5E37-4B14-81B1-61BBEB33CCD9-600x453.jpeg
https://progressivemartialarts.com.au/product-tag/inosanto-academy/	https://progressivemartialarts.com.au/wp-content/uploads/2023/02/72A02F91-B112-463C-AC5B-E78051291A52_1_105_c-600x824.jpeg
https://progressivemartialarts.com.au/product-tag/inosanto-academy/	https://progressivemartialarts.com.au/wp-content/uploads/2023/02/9FC67EC4-82BE-4EAF-BB28-15B9CAFE5029-600x449.jpeg
https://progressivemartialarts.com.au/product-tag/inosanto-academy/	https://progressivemartialarts.com.au/wp-content/uploads/2023/02/Dagger-Bag-Gold.jpeg
https://progressivemartialarts.com.au/product-tag/inosanto-academy/	https://progressivemartialarts.com.au/wp-content/uploads/2025/08/IMG_9525-2-600x800.jpeg
https://progressivemartialarts.com.au/product-tag/inosanto-academy/	https://progressivemartialarts.com.au/wp-content/uploads/2025/08/IMG_9531-2-600x800.jpeg
https://progressivemartialarts.com.au/product-tag/inosanto-academy/	https://progressivemartialarts.com.au/wp-content/uploads/2025/08/IMG_9537-2-600x800.jpeg
https://progressivemartialarts.com.au/product-tag/inosanto-academy/	https://progressivemartialarts.com.au/wp-content/uploads/2025/08/IMG_9545-2-600x800.jpeg
https://progressivemartialarts.com.au/product-tag/inosanto-academy/	https://progressivemartialarts.com.au/wp-content/uploads/2025/08/IMG_9546-2-600x800.jpeg
https://progressivemartialarts.com.au/product-tag/inosanto-academy/	https://progressivemartialarts.com.au/wp-content/uploads/2025/08/IMG_9547-2-scaled-e1777422171489-600x800.jpeg
https://progressivemartialarts.com.au/product-tag/inosanto-academy/	https://progressivemartialarts.com.au/wp-content/uploads/2025/08/IMG_9554-2-600x800.jpeg
https://progressivemartialarts.com.au/product-tag/inosanto-academy/	https://progressivemartialarts.com.au/wp-content/uploads/2025/08/IMG_9559-2-600x800.jpeg
https://progressivemartialarts.com.au/product-tag/inosanto-academy/	https://progressivemartialarts.com.au/wp-content/uploads/2025/12/IMG_4582-2-600x800.jpg
https://progressivemartialarts.com.au/product-tag/inosanto-dvd/	https://firstsight.design/cherie/beauty/wp-content/uploads/2020/10/Shopping-Cart.svg
https://progressivemartialarts.com.au/product-tag/inosanto-dvd/	https://progressivemartialarts.com.au/wp-content/uploads/2022/10/2012-06-Silat-Camp.1-copy.jpg
https://progressivemartialarts.com.au/product-tag/inosanto-dvd/	https://progressivemartialarts.com.au/wp-content/uploads/2022/10/2012-08-Sensitivity-600x1002.jpg
https://progressivemartialarts.com.au/product-tag/inosanto-dvd/	https://progressivemartialarts.com.au/wp-content/uploads/2022/10/2012-09-Stck-and-Dagger-600x986.jpg
https://progressivemartialarts.com.au/product-tag/inosanto-dvd/	https://progressivemartialarts.com.au/wp-content/uploads/2022/10/2012-10-Abecedario-600x1009.jpg
https://progressivemartialarts.com.au/product-tag/inosanto-dvd/	https://progressivemartialarts.com.au/wp-content/uploads/2022/10/2012-11-Pangamut-600x1074.jpg
https://progressivemartialarts.com.au/product-tag/inosanto-dvd/	https://progressivemartialarts.com.au/wp-content/uploads/2022/10/2012-12-Thai-Boxing-600x1056.jpg
https://progressivemartialarts.com.au/product-tag/inosanto-dvd/	https://progressivemartialarts.com.au/wp-content/uploads/2022/10/2012-13-Mixed-Arts-2-disc-600x1002.jpg
https://progressivemartialarts.com.au/product-tag/inosanto-dvd/	https://progressivemartialarts.com.au/wp-content/uploads/2022/10/2012-14-Silat-600x922.jpg
https://progressivemartialarts.com.au/product-tag/inosanto-dvd/	https://progressivemartialarts.com.au/wp-content/uploads/2022/10/PMA-logo-2020-11250X60-11.png
https://progressivemartialarts.com.au/product-tag/inosanto-dvd/	https://progressivemartialarts.com.au/wp-content/uploads/2022/10/PMA-logo-2020-12.png
https://progressivemartialarts.com.au/product-tag/inosanto-dvd/	https://progressivemartialarts.com.au/wp-content/uploads/2026/04/2013-04-12-Areas-1-600x942.jpg
https://progressivemartialarts.com.au/product-tag/inosanto-dvd/	https://progressivemartialarts.com.au/wp-content/uploads/2026/04/2013-05-12-Areas-2-600x993.jpg
https://progressivemartialarts.com.au/product-tag/inosanto-dvd/	https://progressivemartialarts.com.au/wp-content/uploads/2026/04/2013-12-Thai-Boxing-600x996.jpg
https://progressivemartialarts.com.au/product-tag/inosanto-dvd/	https://progressivemartialarts.com.au/wp-content/uploads/2026/04/2013-13-Mixed-Arts-4-disc-600x991.jpg
https://progressivemartialarts.com.au/product-tag/inosanto-dvd/	https://progressivemartialarts.com.au/wp-content/uploads/2026/04/2013-14-Jun-FanJKD-600x997.jpg
https://progressivemartialarts.com.au/product-tag/inosanto-dvd/	https://progressivemartialarts.com.au/wp-content/uploads/2026/04/2013-15-Disarms-600x978.jpg
https://progressivemartialarts.com.au/product-tag/inosanto/	https://firstsight.design/cherie/beauty/wp-content/uploads/2020/10/Shopping-Cart.svg
https://progressivemartialarts.com.au/product-tag/inosanto/	https://progressivemartialarts.com.au/wp-content/uploads/2022/10/2016-australian-tour-singlet-600x600.jpg
https://progressivemartialarts.com.au/product-tag/inosanto/	https://progressivemartialarts.com.au/wp-content/uploads/2022/10/IAMA-Hoodie-BandG-e1781059471389.jpeg
https://progressivemartialarts.com.au/product-tag/inosanto/	https://progressivemartialarts.com.au/wp-content/uploads/2022/10/IAMA-Spaghetti.jpeg
https://progressivemartialarts.com.au/product-tag/inosanto/	https://progressivemartialarts.com.au/wp-content/uploads/2022/10/PMA-logo-2020-11250X60-11.png
https://progressivemartialarts.com.au/product-tag/inosanto/	https://progressivemartialarts.com.au/wp-content/uploads/2022/10/PMA-logo-2020-12.png
https://progressivemartialarts.com.au/product-tag/inosanto/	https://progressivemartialarts.com.au/wp-content/uploads/2022/10/Shorts-Black-Gold.jpg
https://progressivemartialarts.com.au/product-tag/inosanto/	https://progressivemartialarts.com.au/wp-content/uploads/2022/10/Shorts-Black-Red-Gold.jpg.jpeg
https://progressivemartialarts.com.au/product-tag/inosanto/	https://progressivemartialarts.com.au/wp-content/uploads/2022/10/Training-Dagger-02-600x450.jpg
https://progressivemartialarts.com.au/product-tag/inosanto/	https://progressivemartialarts.com.au/wp-content/uploads/2022/10/Training-Dagger-03-600x450.jpg
https://progressivemartialarts.com.au/product-tag/inosanto/	https://progressivemartialarts.com.au/wp-content/uploads/2022/10/Training-Dagger-06-600x450.jpg
https://progressivemartialarts.com.au/product-tag/inosanto/	https://progressivemartialarts.com.au/wp-content/uploads/2022/10/baseball-absorb-black-grey-store_360x_ffca1cc8-90ef-4233-861d-f21c71234481.jpg
https://progressivemartialarts.com.au/product-tag/inosanto/	https://progressivemartialarts.com.au/wp-content/uploads/2022/10/baseball-absorb-blue-gold-front_360x_ce6cd087-2dde-4485-ab52-685c651bf450.jpg
https://progressivemartialarts.com.au/product-tag/inosanto/	https://progressivemartialarts.com.au/wp-content/uploads/2022/10/inosanto-academy-short-sleeve-rash-vest-e1778982686103.jpg
https://progressivemartialarts.com.au/product-tag/inosanto/	https://progressivemartialarts.com.au/wp-content/uploads/2022/10/inosanto-kali-singlet-e1776826437760.jpg
https://progressivemartialarts.com.au/product-tag/inosanto/	https://progressivemartialarts.com.au/wp-content/uploads/2022/10/progressive-martial-arts-gi-pants-1-e1779165833537.jpg
https://progressivemartialarts.com.au/product-tag/inosanto/	https://progressivemartialarts.com.au/wp-content/uploads/2026/06/Rashguard-Black-wRed-600x450.webp
https://progressivemartialarts.com.au/product-tag/jean-jacques-machado/	https://firstsight.design/cherie/beauty/wp-content/uploads/2020/10/Shopping-Cart.svg
https://progressivemartialarts.com.au/product-tag/jean-jacques-machado/	https://progressivemartialarts.com.au/wp-content/uploads/2022/10/PMA-logo-2020-11250X60-11.png
https://progressivemartialarts.com.au/product-tag/jean-jacques-machado/	https://progressivemartialarts.com.au/wp-content/uploads/2022/10/PMA-logo-2020-12.png
https://progressivemartialarts.com.au/product-tag/jean-jacques-machado/	https://progressivemartialarts.com.au/wp-content/uploads/2022/10/dvd_machado_seminar_2008_360x_2ddbd4b2-e664-4ba9-a206-31ae86b47658.jpg
https://progressivemartialarts.com.au/product-tag/jean-jacques-machado/	https://progressivemartialarts.com.au/wp-content/uploads/2022/10/tshirt-legends-15-front-250_2048x2048_b7e67ca9-27ec-4d10-b37c-79a81b72a14b_360x.jpg
https://progressivemartialarts.com.au/product-tag/jeet-kune-do/	https://firstsight.design/cherie/beauty/wp-content/uploads/2020/10/Shopping-Cart.svg
https://progressivemartialarts.com.au/product-tag/jeet-kune-do/	https://progressivemartialarts.com.au/wp-content/uploads/2022/10/PMA-logo-2020-11250X60-11.png
https://progressivemartialarts.com.au/product-tag/jeet-kune-do/	https://progressivemartialarts.com.au/wp-content/uploads/2022/10/PMA-logo-2020-12.png
https://progressivemartialarts.com.au/product-tag/jeet-kune-do/	https://progressivemartialarts.com.au/wp-content/uploads/2026/04/2017-15-JKD-1-600x777.jpg
https://progressivemartialarts.com.au/product-tag/jeet-kune-do/	https://progressivemartialarts.com.au/wp-content/uploads/2026/04/2018-15-JKD-1-600x848.jpg
https://progressivemartialarts.com.au/product-tag/jkd/	https://firstsight.design/cherie/beauty/wp-content/uploads/2020/10/Shopping-Cart.svg
https://progressivemartialarts.com.au/product-tag/jkd/	https://progressivemartialarts.com.au/wp-content/uploads/2022/10/2012-08-Sensitivity-600x1002.jpg
https://progressivemartialarts.com.au/product-tag/jkd/	https://progressivemartialarts.com.au/wp-content/uploads/2022/10/2012-13-Mixed-Arts-2-disc-600x1002.jpg
https://progressivemartialarts.com.au/product-tag/jkd/	https://progressivemartialarts.com.au/wp-content/uploads/2022/10/2013-07-Legends.1-1.jpg
https://progressivemartialarts.com.au/product-tag/jkd/	https://progressivemartialarts.com.au/wp-content/uploads/2022/10/2015-07-Legends.1.jpg
https://progressivemartialarts.com.au/product-tag/jkd/	https://progressivemartialarts.com.au/wp-content/uploads/2022/10/2015-18-Sensitivity-4.1.jpg
https://progressivemartialarts.com.au/product-tag/jkd/	https://progressivemartialarts.com.au/wp-content/uploads/2022/10/IAMA-Hoodie-BandG-e1781059471389.jpeg
https://progressivemartialarts.com.au/product-tag/jkd/	https://progressivemartialarts.com.au/wp-content/uploads/2022/10/Kimura-poster.jpeg
https://progressivemartialarts.com.au/product-tag/jkd/	https://progressivemartialarts.com.au/wp-content/uploads/2022/10/PMA-logo-2020-11250X60-11.png
https://progressivemartialarts.com.au/product-tag/jkd/	https://progressivemartialarts.com.au/wp-content/uploads/2022/10/PMA-logo-2020-12.png
https://progressivemartialarts.com.au/product-tag/jkd/	https://progressivemartialarts.com.au/wp-content/uploads/2022/10/clothing_hoodie_zipper_redgold_back_360x_ffa71e94-1700-407f-83e6-0a0d39a0683b-e1781059753997.jpg
https://progressivemartialarts.com.au/product-tag/jkd/	https://progressivemartialarts.com.au/wp-content/uploads/2022/10/image_ee55cf16-67e0-4932-b41c-cdb2860b1328-e1781059334221-600x960.jpg
https://progressivemartialarts.com.au/product-tag/jkd/	https://progressivemartialarts.com.au/wp-content/uploads/2026/04/2013-13-Mixed-Arts-4-disc-600x991.jpg
https://progressivemartialarts.com.au/product-tag/jkd/	https://progressivemartialarts.com.au/wp-content/uploads/2026/04/2013-14-Jun-FanJKD-600x997.jpg
https://progressivemartialarts.com.au/product-tag/jkd/	https://progressivemartialarts.com.au/wp-content/uploads/2026/04/2016-13-Mixed-Arts-Sat.1.jpg
https://progressivemartialarts.com.au/product-tag/jkd/	https://progressivemartialarts.com.au/wp-content/uploads/2026/04/2016-14-Mixed-Arts-Sun.1.jpg
https://progressivemartialarts.com.au/product-tag/jkd/	https://progressivemartialarts.com.au/wp-content/uploads/2026/04/2026-11-20-Australia-Tour3.1-600x776.jpeg
https://progressivemartialarts.com.au/product-tag/john-lacoste/	https://firstsight.design/cherie/beauty/wp-content/uploads/2020/10/Shopping-Cart.svg
https://progressivemartialarts.com.au/product-tag/john-lacoste/	https://progressivemartialarts.com.au/wp-content/uploads/2022/10/2014-04-Lacost-Illus-600x1004.jpg
https://progressivemartialarts.com.au/product-tag/john-lacoste/	https://progressivemartialarts.com.au/wp-content/uploads/2022/10/PMA-logo-2020-11250X60-11.png
https://progressivemartialarts.com.au/product-tag/john-lacoste/	https://progressivemartialarts.com.au/wp-content/uploads/2022/10/PMA-logo-2020-12.png
https://progressivemartialarts.com.au/product-tag/john-machado/	https://firstsight.design/cherie/beauty/wp-content/uploads/2020/10/Shopping-Cart.svg
https://progressivemartialarts.com.au/product-tag/john-machado/	https://progressivemartialarts.com.au/wp-content/uploads/2022/10/PMA-logo-2020-11250X60-11.png
https://progressivemartialarts.com.au/product-tag/john-machado/	https://progressivemartialarts.com.au/wp-content/uploads/2022/10/PMA-logo-2020-12.png
https://progressivemartialarts.com.au/product-tag/john-machado/	https://progressivemartialarts.com.au/wp-content/uploads/2022/10/dvd_machado_seminar_2008_360x_2ddbd4b2-e664-4ba9-a206-31ae86b47658.jpg
https://progressivemartialarts.com.au/product-tag/jun-fan-gung-fu-jkd/	https://firstsight.design/cherie/beauty/wp-content/uploads/2020/10/Shopping-Cart.svg
https://progressivemartialarts.com.au/product-tag/jun-fan-gung-fu-jkd/	https://progressivemartialarts.com.au/wp-content/uploads/2022/10/122-600x400.jpg
https://progressivemartialarts.com.au/product-tag/jun-fan-gung-fu-jkd/	https://progressivemartialarts.com.au/wp-content/uploads/2022/10/124-600x831.jpg
https://progressivemartialarts.com.au/product-tag/jun-fan-gung-fu-jkd/	https://progressivemartialarts.com.au/wp-content/uploads/2022/10/Definitive_01_2048x2048_7fa1114a-03e2-4400-bf69-f9dc5fdd1f0f-600x400.jpg
https://progressivemartialarts.com.au/product-tag/jun-fan-gung-fu-jkd/	https://progressivemartialarts.com.au/wp-content/uploads/2022/10/Definitive_02_2048x2048_df219c76-3996-49b6-9896-66a91235e7be-600x401.jpg
https://progressivemartialarts.com.au/product-tag/jun-fan-gung-fu-jkd/	https://progressivemartialarts.com.au/wp-content/uploads/2022/10/Definitive_03_2048x2048_1796fc76-3f94-4109-b5d1-d17005e65c67-600x402.jpg
https://progressivemartialarts.com.au/product-tag/jun-fan-gung-fu-jkd/	https://progressivemartialarts.com.au/wp-content/uploads/2022/10/IAMA-Windbreaker.jpeg
https://progressivemartialarts.com.au/product-tag/jun-fan-gung-fu-jkd/	https://progressivemartialarts.com.au/wp-content/uploads/2022/10/PMA-logo-2020-11250X60-11.png
https://progressivemartialarts.com.au/product-tag/jun-fan-gung-fu-jkd/	https://progressivemartialarts.com.au/wp-content/uploads/2022/10/PMA-logo-2020-12.png
https://progressivemartialarts.com.au/product-tag/jun-fan-gung-fu-jkd/	https://progressivemartialarts.com.au/wp-content/uploads/2022/10/baseball-absorb-black-grey-store_360x_ffca1cc8-90ef-4233-861d-f21c71234481.jpg
https://progressivemartialarts.com.au/product-tag/jun-fan-gung-fu-jkd/	https://progressivemartialarts.com.au/wp-content/uploads/2022/10/baseball-absorb-blue-gold-front_360x_ce6cd087-2dde-4485-ab52-685c651bf450.jpg
https://progressivemartialarts.com.au/product-tag/jun-fan-gung-fu-jkd/	https://progressivemartialarts.com.au/wp-content/uploads/2023/02/8433F7D5-A92A-45D7-B8AE-845690B90426_1_105_c-600x657.jpeg
https://progressivemartialarts.com.au/product-tag/jun-fan-gung-fu-jkd/	https://progressivemartialarts.com.au/wp-content/uploads/2023/02/IMG2472.jpg
https://progressivemartialarts.com.au/product-tag/jun-fan-gung-fu-jkd/	https://progressivemartialarts.com.au/wp-content/uploads/2025/12/Shorts-MMA-White.jpeg
https://progressivemartialarts.com.au/product-tag/jun-fan-gung-fu/	https://firstsight.design/cherie/beauty/wp-content/uploads/2020/10/Shopping-Cart.svg
https://progressivemartialarts.com.au/product-tag/jun-fan-gung-fu/	https://progressivemartialarts.com.au/wp-content/uploads/2022/10/2012-08-Sensitivity-600x1002.jpg
https://progressivemartialarts.com.au/product-tag/jun-fan-gung-fu/	https://progressivemartialarts.com.au/wp-content/uploads/2022/10/2012-13-Mixed-Arts-2-disc-600x1002.jpg
https://progressivemartialarts.com.au/product-tag/jun-fan-gung-fu/	https://progressivemartialarts.com.au/wp-content/uploads/2022/10/2013-07-Legends.1-1.jpg
https://progressivemartialarts.com.au/product-tag/jun-fan-gung-fu/	https://progressivemartialarts.com.au/wp-content/uploads/2022/10/2015-07-Legends.1.jpg
https://progressivemartialarts.com.au/product-tag/jun-fan-gung-fu/	https://progressivemartialarts.com.au/wp-content/uploads/2022/10/2015-18-Sensitivity-4.1.jpg
https://progressivemartialarts.com.au/product-tag/jun-fan-gung-fu/	https://progressivemartialarts.com.au/wp-content/uploads/2022/10/IAMA-Hoodie-BandG-e1781059471389.jpeg
https://progressivemartialarts.com.au/product-tag/jun-fan-gung-fu/	https://progressivemartialarts.com.au/wp-content/uploads/2022/10/Kimura-poster.jpeg
https://progressivemartialarts.com.au/product-tag/jun-fan-gung-fu/	https://progressivemartialarts.com.au/wp-content/uploads/2022/10/PMA-logo-2020-11250X60-11.png
https://progressivemartialarts.com.au/product-tag/jun-fan-gung-fu/	https://progressivemartialarts.com.au/wp-content/uploads/2022/10/PMA-logo-2020-12.png
https://progressivemartialarts.com.au/product-tag/jun-fan-gung-fu/	https://progressivemartialarts.com.au/wp-content/uploads/2022/10/clothing_hoodie_zipper_redgold_back_360x_ffa71e94-1700-407f-83e6-0a0d39a0683b-e1781059753997.jpg
https://progressivemartialarts.com.au/product-tag/jun-fan-gung-fu/	https://progressivemartialarts.com.au/wp-content/uploads/2022/10/image_ee55cf16-67e0-4932-b41c-cdb2860b1328-e1781059334221-600x960.jpg
https://progressivemartialarts.com.au/product-tag/jun-fan-gung-fu/	https://progressivemartialarts.com.au/wp-content/uploads/2026/04/2013-13-Mixed-Arts-4-disc-600x991.jpg
https://progressivemartialarts.com.au/product-tag/jun-fan-gung-fu/	https://progressivemartialarts.com.au/wp-content/uploads/2026/04/2013-14-Jun-FanJKD-600x997.jpg
https://progressivemartialarts.com.au/product-tag/jun-fan-gung-fu/	https://progressivemartialarts.com.au/wp-content/uploads/2026/04/2016-13-Mixed-Arts-Sat.1.jpg
https://progressivemartialarts.com.au/product-tag/jun-fan-gung-fu/	https://progressivemartialarts.com.au/wp-content/uploads/2026/04/2016-14-Mixed-Arts-Sun.1.jpg
https://progressivemartialarts.com.au/product-tag/jun-fan-gung-fu/	https://progressivemartialarts.com.au/wp-content/uploads/2026/04/2026-11-20-Australia-Tour3.1-600x776.jpeg
https://progressivemartialarts.com.au/product-tag/kali/	https://firstsight.design/cherie/beauty/wp-content/uploads/2020/10/Shopping-Cart.svg
https://progressivemartialarts.com.au/product-tag/kali/	https://progressivemartialarts.com.au/wp-content/uploads/2022/10/PMA-logo-2020-11250X60-11.png
https://progressivemartialarts.com.au/product-tag/kali/	https://progressivemartialarts.com.au/wp-content/uploads/2022/10/PMA-logo-2020-12.png
https://progressivemartialarts.com.au/product-tag/kali/	https://progressivemartialarts.com.au/wp-content/uploads/2022/10/Training-Dagger-02-600x450.jpg
https://progressivemartialarts.com.au/product-tag/kali/	https://progressivemartialarts.com.au/wp-content/uploads/2022/10/Training-Dagger-03-600x450.jpg
https://progressivemartialarts.com.au/product-tag/kali/	https://progressivemartialarts.com.au/wp-content/uploads/2022/10/Training-Dagger-06-600x450.jpg
https://progressivemartialarts.com.au/product-tag/kali/	https://progressivemartialarts.com.au/wp-content/uploads/2022/10/blades-004_360x_a81732c8-99d6-4ee9-beb1-63dc64f0eb9c.jpg
https://progressivemartialarts.com.au/product-tag/kali/	https://progressivemartialarts.com.au/wp-content/uploads/2022/10/blades_model_005_360x_1034b4bd-bce8-47bc-8e62-b1131184e83e.jpg
https://progressivemartialarts.com.au/product-tag/kali/	https://progressivemartialarts.com.au/wp-content/uploads/2022/10/dagger-bca_360x_895a535c-d41f-41d7-9faa-afbe3d50093b.jpg
https://progressivemartialarts.com.au/product-tag/kali/	https://progressivemartialarts.com.au/wp-content/uploads/2022/10/products_training_dagger_360x_22c58b36-189d-43ca-9c01-b4dad2391a20.jpg
https://progressivemartialarts.com.au/product-tag/kali/	https://progressivemartialarts.com.au/wp-content/uploads/2023/02/3CEADE31-CD6F-4FD8-9D23-7E22BF0C34AB-600x439.jpeg
https://progressivemartialarts.com.au/product-tag/kali/	https://progressivemartialarts.com.au/wp-content/uploads/2025/08/IMG_9525-2-600x800.jpeg
https://progressivemartialarts.com.au/product-tag/kali/	https://progressivemartialarts.com.au/wp-content/uploads/2025/08/IMG_9531-2-600x800.jpeg
https://progressivemartialarts.com.au/product-tag/kali/	https://progressivemartialarts.com.au/wp-content/uploads/2025/08/IMG_9537-2-600x800.jpeg
https://progressivemartialarts.com.au/product-tag/kali/	https://progressivemartialarts.com.au/wp-content/uploads/2025/08/IMG_9545-2-600x800.jpeg
https://progressivemartialarts.com.au/product-tag/kali/	https://progressivemartialarts.com.au/wp-content/uploads/2025/08/IMG_9547-2-scaled-e1777422171489-600x800.jpeg
https://progressivemartialarts.com.au/product-tag/kali/	https://progressivemartialarts.com.au/wp-content/uploads/2025/08/IMG_9554-2-600x800.jpeg
https://progressivemartialarts.com.au/product-tag/kamot-lihok/	https://firstsight.design/cherie/beauty/wp-content/uploads/2020/10/Shopping-Cart.svg
https://progressivemartialarts.com.au/product-tag/kamot-lihok/	https://progressivemartialarts.com.au/wp-content/uploads/2022/10/2012-11-Pangamut-600x1074.jpg
https://progressivemartialarts.com.au/product-tag/kamot-lihok/	https://progressivemartialarts.com.au/wp-content/uploads/2022/10/PMA-logo-2020-11250X60-11.png
https://progressivemartialarts.com.au/product-tag/kamot-lihok/	https://progressivemartialarts.com.au/wp-content/uploads/2022/10/PMA-logo-2020-12.png
https://progressivemartialarts.com.au/product-tag/kapulubad/	https://firstsight.design/cherie/beauty/wp-content/uploads/2020/10/Shopping-Cart.svg
https://progressivemartialarts.com.au/product-tag/kapulubad/	https://progressivemartialarts.com.au/wp-content/uploads/2022/10/PMA-logo-2020-11250X60-11.png
https://progressivemartialarts.com.au/product-tag/kapulubad/	https://progressivemartialarts.com.au/wp-content/uploads/2022/10/PMA-logo-2020-12.png
https://progressivemartialarts.com.au/product-tag/kapulubad/	https://progressivemartialarts.com.au/wp-content/uploads/2026/04/2013-09-Dumog-600x1013.jpg
https://progressivemartialarts.com.au/product-tag/keris/	https://firstsight.design/cherie/beauty/wp-content/uploads/2020/10/Shopping-Cart.svg
https://progressivemartialarts.com.au/product-tag/keris/	https://progressivemartialarts.com.au/wp-content/uploads/2022/10/PMA-logo-2020-11250X60-11.png
https://progressivemartialarts.com.au/product-tag/keris/	https://progressivemartialarts.com.au/wp-content/uploads/2022/10/PMA-logo-2020-12.png
https://progressivemartialarts.com.au/product-tag/keris/	https://progressivemartialarts.com.au/wp-content/uploads/2023/02/3CEADE31-CD6F-4FD8-9D23-7E22BF0C34AB-600x439.jpeg
https://progressivemartialarts.com.au/product-tag/kick-boxing/	https://firstsight.design/cherie/beauty/wp-content/uploads/2020/10/Shopping-Cart.svg
https://progressivemartialarts.com.au/product-tag/kick-boxing/	https://progressivemartialarts.com.au/wp-content/uploads/2022/10/PMA-logo-2020-11250X60-11.png
https://progressivemartialarts.com.au/product-tag/kick-boxing/	https://progressivemartialarts.com.au/wp-content/uploads/2022/10/PMA-logo-2020-12.png
https://progressivemartialarts.com.au/product-tag/kick-boxing/	https://progressivemartialarts.com.au/wp-content/uploads/2022/10/punch-hand-wraps-e1778715967245.jpg
https://progressivemartialarts.com.au/product-tag/kick-boxing/	https://progressivemartialarts.com.au/wp-content/uploads/2022/10/revgear-thai-shorts-various-colours-2.jpg
https://progressivemartialarts.com.au/product-tag/kick-boxing/	https://progressivemartialarts.com.au/wp-content/uploads/2023/09/IMG_3119-188kb-600x552.jpg
https://progressivemartialarts.com.au/product-tag/kickboxing/	https://firstsight.design/cherie/beauty/wp-content/uploads/2020/10/Shopping-Cart.svg
https://progressivemartialarts.com.au/product-tag/kickboxing/	https://progressivemartialarts.com.au/wp-content/uploads/2022/10/2012-12-Thai-Boxing-600x1056.jpg
https://progressivemartialarts.com.au/product-tag/kickboxing/	https://progressivemartialarts.com.au/wp-content/uploads/2022/10/2012-13-Mixed-Arts-2-disc-600x1002.jpg
https://progressivemartialarts.com.au/product-tag/kickboxing/	https://progressivemartialarts.com.au/wp-content/uploads/2022/10/2013-07-Legends.1-1.jpg
https://progressivemartialarts.com.au/product-tag/kickboxing/	https://progressivemartialarts.com.au/wp-content/uploads/2022/10/IAMA-Hoodie-BandG-e1781059471389.jpeg
https://progressivemartialarts.com.au/product-tag/kickboxing/	https://progressivemartialarts.com.au/wp-content/uploads/2022/10/PMA-logo-2020-11250X60-11.png
https://progressivemartialarts.com.au/product-tag/kickboxing/	https://progressivemartialarts.com.au/wp-content/uploads/2022/10/PMA-logo-2020-12.png
https://progressivemartialarts.com.au/product-tag/kickboxing/	https://progressivemartialarts.com.au/wp-content/uploads/2022/10/clothing_hoodie_zipper_redgold_back_360x_ffa71e94-1700-407f-83e6-0a0d39a0683b-e1781059753997.jpg
https://progressivemartialarts.com.au/product-tag/kickboxing/	https://progressivemartialarts.com.au/wp-content/uploads/2022/10/image_ee55cf16-67e0-4932-b41c-cdb2860b1328-e1781059334221-600x960.jpg
https://progressivemartialarts.com.au/product-tag/kickboxing/	https://progressivemartialarts.com.au/wp-content/uploads/2023/08/IMG_2850-scaled-195kb-e1778714894977-600x688.jpg
https://progressivemartialarts.com.au/product-tag/kickboxing/	https://progressivemartialarts.com.au/wp-content/uploads/2024/10/IMG_1249.heic
https://progressivemartialarts.com.au/product-tag/kickboxing/	https://progressivemartialarts.com.au/wp-content/uploads/2026/04/2013-12-Thai-Boxing-600x996.jpg
https://progressivemartialarts.com.au/product-tag/kickboxing/	https://progressivemartialarts.com.au/wp-content/uploads/2026/04/2013-13-Mixed-Arts-4-disc-600x991.jpg
https://progressivemartialarts.com.au/product-tag/kickboxing/	https://progressivemartialarts.com.au/wp-content/uploads/2026/04/2013-14-Jun-FanJKD-600x997.jpg
https://progressivemartialarts.com.au/product-tag/kickboxing/	https://progressivemartialarts.com.au/wp-content/uploads/2026/04/2015-12-Thai-Boxing.1.jpg
https://progressivemartialarts.com.au/product-tag/kickboxing/	https://progressivemartialarts.com.au/wp-content/uploads/2026/04/2026-11-20-Australia-Tour3.1-600x776.jpeg
https://progressivemartialarts.com.au/product-tag/kickboxing/	https://progressivemartialarts.com.au/wp-content/uploads/2026/05/Boxing-Gloves-Morgan-16.jpg
https://progressivemartialarts.com.au/product-tag/kicking-shield/	https://firstsight.design/cherie/beauty/wp-content/uploads/2020/10/Shopping-Cart.svg
https://progressivemartialarts.com.au/product-tag/kicking-shield/	https://progressivemartialarts.com.au/wp-content/uploads/2022/10/PMA-logo-2020-11250X60-11.png
https://progressivemartialarts.com.au/product-tag/kicking-shield/	https://progressivemartialarts.com.au/wp-content/uploads/2022/10/PMA-logo-2020-12.png
https://progressivemartialarts.com.au/product-tag/kicking-shield/	https://progressivemartialarts.com.au/wp-content/uploads/2023/08/IMG_2969-scaled-600x948.jpeg
https://progressivemartialarts.com.au/product-tag/knife/	https://firstsight.design/cherie/beauty/wp-content/uploads/2020/10/Shopping-Cart.svg
https://progressivemartialarts.com.au/product-tag/knife/	https://progressivemartialarts.com.au/wp-content/uploads/2022/10/PMA-logo-2020-11250X60-11.png
https://progressivemartialarts.com.au/product-tag/knife/	https://progressivemartialarts.com.au/wp-content/uploads/2022/10/PMA-logo-2020-12.png
https://progressivemartialarts.com.au/product-tag/knife/	https://progressivemartialarts.com.au/wp-content/uploads/2022/10/Training-Dagger-02-600x450.jpg
https://progressivemartialarts.com.au/product-tag/knife/	https://progressivemartialarts.com.au/wp-content/uploads/2022/10/Training-Dagger-03-600x450.jpg
https://progressivemartialarts.com.au/product-tag/knife/	https://progressivemartialarts.com.au/wp-content/uploads/2022/10/Training-Dagger-06-600x450.jpg
https://progressivemartialarts.com.au/product-tag/knife/	https://progressivemartialarts.com.au/wp-content/uploads/2022/10/dagger-bca_360x_895a535c-d41f-41d7-9faa-afbe3d50093b.jpg
https://progressivemartialarts.com.au/product-tag/knife/	https://progressivemartialarts.com.au/wp-content/uploads/2023/02/3CEADE31-CD6F-4FD8-9D23-7E22BF0C34AB-600x439.jpeg
https://progressivemartialarts.com.au/product-tag/knife/	https://progressivemartialarts.com.au/wp-content/uploads/2023/02/45234D57-5E37-4B14-81B1-61BBEB33CCD9-600x453.jpeg
https://progressivemartialarts.com.au/product-tag/knife/	https://progressivemartialarts.com.au/wp-content/uploads/2023/02/Dagger-Bag-Gold.jpeg
https://progressivemartialarts.com.au/product-tag/knife/	https://progressivemartialarts.com.au/wp-content/uploads/2025/08/IMG_9525-2-600x800.jpeg
https://progressivemartialarts.com.au/product-tag/knife/	https://progressivemartialarts.com.au/wp-content/uploads/2025/08/IMG_9531-2-600x800.jpeg
https://progressivemartialarts.com.au/product-tag/knife/	https://progressivemartialarts.com.au/wp-content/uploads/2025/08/IMG_9537-2-600x800.jpeg
https://progressivemartialarts.com.au/product-tag/knife/	https://progressivemartialarts.com.au/wp-content/uploads/2025/08/IMG_9545-2-600x800.jpeg
https://progressivemartialarts.com.au/product-tag/knife/	https://progressivemartialarts.com.au/wp-content/uploads/2025/08/IMG_9546-2-600x800.jpeg
https://progressivemartialarts.com.au/product-tag/knife/	https://progressivemartialarts.com.au/wp-content/uploads/2025/08/IMG_9547-2-scaled-e1777422171489-600x800.jpeg
https://progressivemartialarts.com.au/product-tag/knife/	https://progressivemartialarts.com.au/wp-content/uploads/2026/04/2026-11-20-Australia-Tour3.1-600x776.jpeg
https://progressivemartialarts.com.au/product-tag/krabi-krabong/	https://firstsight.design/cherie/beauty/wp-content/uploads/2020/10/Shopping-Cart.svg
https://progressivemartialarts.com.au/product-tag/krabi-krabong/	https://progressivemartialarts.com.au/wp-content/uploads/2022/10/PMA-logo-2020-11250X60-11.png
https://progressivemartialarts.com.au/product-tag/krabi-krabong/	https://progressivemartialarts.com.au/wp-content/uploads/2022/10/PMA-logo-2020-12.png
https://progressivemartialarts.com.au/product-tag/krabi-krabong/	https://progressivemartialarts.com.au/wp-content/uploads/2022/10/WTBA-Tanktop-classic.jpeg
https://progressivemartialarts.com.au/product-tag/krabi-krabong/	https://progressivemartialarts.com.au/wp-content/uploads/2023/02/TBA-new-back.1-600x589.jpeg
https://progressivemartialarts.com.au/product-tag/krabi-krabong/	https://progressivemartialarts.com.au/wp-content/uploads/2025/04/2023-10-Krabi-Seama-day-1-1-1-600x786.jpg
https://progressivemartialarts.com.au/product-tag/krabi-krabong/	https://progressivemartialarts.com.au/wp-content/uploads/2026/04/TBA-Old-back-600x800.jpeg
https://progressivemartialarts.com.au/product-tag/kris/	https://firstsight.design/cherie/beauty/wp-content/uploads/2020/10/Shopping-Cart.svg
https://progressivemartialarts.com.au/product-tag/kris/	https://progressivemartialarts.com.au/wp-content/uploads/2022/10/PMA-logo-2020-11250X60-11.png
https://progressivemartialarts.com.au/product-tag/kris/	https://progressivemartialarts.com.au/wp-content/uploads/2022/10/PMA-logo-2020-12.png
https://progressivemartialarts.com.au/product-tag/kris/	https://progressivemartialarts.com.au/wp-content/uploads/2023/02/3CEADE31-CD6F-4FD8-9D23-7E22BF0C34AB-600x439.jpeg
https://progressivemartialarts.com.au/product-tag/kun-khmer-pradal-serey/	https://firstsight.design/cherie/beauty/wp-content/uploads/2020/10/Shopping-Cart.svg
https://progressivemartialarts.com.au/product-tag/kun-khmer-pradal-serey/	https://progressivemartialarts.com.au/wp-content/uploads/2022/10/2012-12-Thai-Boxing-600x1056.jpg
https://progressivemartialarts.com.au/product-tag/kun-khmer-pradal-serey/	https://progressivemartialarts.com.au/wp-content/uploads/2022/10/2012-13-Mixed-Arts-2-disc-600x1002.jpg
https://progressivemartialarts.com.au/product-tag/kun-khmer-pradal-serey/	https://progressivemartialarts.com.au/wp-content/uploads/2022/10/20191213_103249-600x668.jpg
https://progressivemartialarts.com.au/product-tag/kun-khmer-pradal-serey/	https://progressivemartialarts.com.au/wp-content/uploads/2022/10/PMA-logo-2020-11250X60-11.png
https://progressivemartialarts.com.au/product-tag/kun-khmer-pradal-serey/	https://progressivemartialarts.com.au/wp-content/uploads/2022/10/PMA-logo-2020-12.png
https://progressivemartialarts.com.au/product-tag/kun-khmer-pradal-serey/	https://progressivemartialarts.com.au/wp-content/uploads/2025/04/2023-10-Krabi-Seama-day-1-1-1-600x786.jpg
https://progressivemartialarts.com.au/product-tag/kun-khmer-pradal-serey/	https://progressivemartialarts.com.au/wp-content/uploads/2025/04/2023-11-Krabi-Seama-day-2-1-600x812.jpg
https://progressivemartialarts.com.au/product-tag/kun-khmer-pradal-serey/	https://progressivemartialarts.com.au/wp-content/uploads/2026/04/2013-12-Thai-Boxing-600x996.jpg
https://progressivemartialarts.com.au/product-tag/kun-khmer-pradal-serey/	https://progressivemartialarts.com.au/wp-content/uploads/2026/04/2015-12-Thai-Boxing.1.jpg
https://progressivemartialarts.com.au/product-tag/kun-khmer-pradal-serey/	https://progressivemartialarts.com.au/wp-content/uploads/2026/04/2016-10-Cambodian.1.jpg
https://progressivemartialarts.com.au/product-tag/kun-khmer-pradal-serey/	https://progressivemartialarts.com.au/wp-content/uploads/2026/04/2017-12-Thai-Boxing-1-600x823.jpg
https://progressivemartialarts.com.au/product-tag/kun-khmer-pradal-serey/	https://progressivemartialarts.com.au/wp-content/uploads/2026/04/2018-12-Thai-Boxing-1-600x851.jpg
https://progressivemartialarts.com.au/product-tag/kun-khmer-pradal-serey/	https://progressivemartialarts.com.au/wp-content/uploads/2026/04/2023-12-Thai-Boxing-1-600x788.jpg
https://progressivemartialarts.com.au/product-tag/kun-khmer-pradal-serey/	https://progressivemartialarts.com.au/wp-content/uploads/2026/04/2023-14-Mixed-day-2-1-600x830.jpg
https://progressivemartialarts.com.au/product-tag/kun-khmer-pradal-serey/	https://progressivemartialarts.com.au/wp-content/uploads/2026/04/2026-11-20-Australia-Tour3.1-600x776.jpeg
https://progressivemartialarts.com.au/product-tag/ladies/	https://firstsight.design/cherie/beauty/wp-content/uploads/2020/10/Shopping-Cart.svg
https://progressivemartialarts.com.au/product-tag/ladies/	https://progressivemartialarts.com.au/wp-content/uploads/2022/10/PMA-logo-2020-11250X60-11.png
https://progressivemartialarts.com.au/product-tag/ladies/	https://progressivemartialarts.com.au/wp-content/uploads/2022/10/PMA-logo-2020-12.png
https://progressivemartialarts.com.au/product-tag/ladies/	https://progressivemartialarts.com.au/wp-content/uploads/2022/10/clothing_racerback_tank_front_360x_cfef6fbb-c3e3-481a-88f1-a367e363f01e.jpg
https://progressivemartialarts.com.au/product-tag/ladies/	https://progressivemartialarts.com.au/wp-content/uploads/2023/02/C65AF0D5-9470-4E7D-BF2B-2298FA8A4EFD_1_105_c-600x821.jpeg
https://progressivemartialarts.com.au/product-tag/ladies/	https://progressivemartialarts.com.au/wp-content/uploads/2023/02/IMG2486.jpg.jpg
https://progressivemartialarts.com.au/product-tag/ladies/	https://progressivemartialarts.com.au/wp-content/uploads/2023/09/IMG_3119-188kb-600x552.jpg
https://progressivemartialarts.com.au/product-tag/ladies/	https://progressivemartialarts.com.au/wp-content/uploads/2024/10/IMG_1249.heic
https://progressivemartialarts.com.au/product-tag/lameco-eskrima/	https://firstsight.design/cherie/beauty/wp-content/uploads/2020/10/Shopping-Cart.svg
https://progressivemartialarts.com.au/product-tag/lameco-eskrima/	https://progressivemartialarts.com.au/wp-content/uploads/2022/10/PMA-logo-2020-11250X60-11.png
https://progressivemartialarts.com.au/product-tag/lameco-eskrima/	https://progressivemartialarts.com.au/wp-content/uploads/2022/10/PMA-logo-2020-12.png
https://progressivemartialarts.com.au/product-tag/lameco-eskrima/	https://progressivemartialarts.com.au/wp-content/uploads/2022/10/laban-laro-01_360x_2a3b2d00-6a71-43fd-8a29-aba6f5d7ee2b.png
https://progressivemartialarts.com.au/product-tag/lameco-eskrima/	https://progressivemartialarts.com.au/wp-content/uploads/2022/10/laban-laro-02_360x_d7adccce-35f0-472f-974c-1132eb007a23.png
https://progressivemartialarts.com.au/product-tag/lameco-eskrima/	https://progressivemartialarts.com.au/wp-content/uploads/2022/10/lameco-vortex_360x_773f8f2d-fdea-4041-9ec3-dfc76a6b7c8b.png
https://progressivemartialarts.com.au/product-tag/lameco-eskrima/	https://progressivemartialarts.com.au/wp-content/uploads/2022/10/sulite-espada-daga_360x_ac5bce2c-f066-4376-adec-8ec221a90339.jpg
https://progressivemartialarts.com.au/product-tag/lameco-eskrima/	https://progressivemartialarts.com.au/wp-content/uploads/2022/10/sulite-essential-single-stick-skills-volume-01_360x_228f0228-b181-4957-a820-b46200079345.jpg
https://progressivemartialarts.com.au/product-tag/lameco-eskrima/	https://progressivemartialarts.com.au/wp-content/uploads/2022/10/sulite-essential-single-stick-skills-volume-02_360x_fe6ab255-33b9-47a2-9350-2df2b4049a8e.jpg
https://progressivemartialarts.com.au/product-tag/lameco-eskrima/	https://progressivemartialarts.com.au/wp-content/uploads/2022/10/sulite-secrets-of-double-stick-fighting-volume-01_360x_7a45745c-f0f3-40cb-9623-f8dabddb2210.jpg
https://progressivemartialarts.com.au/product-tag/lameco-eskrima/	https://progressivemartialarts.com.au/wp-content/uploads/2022/10/sulite-secrets-of-double-stick-fighting-volume-02_360x_e7d37162-259a-4b0c-9085-1dd083109841.jpg
https://progressivemartialarts.com.au/product-tag/lameco-eskrima/	https://progressivemartialarts.com.au/wp-content/uploads/2022/10/sulite-self-defense-01_360x_18b8bd27-16c7-4f1a-9e0b-42c2299769f0.jpg
https://progressivemartialarts.com.au/product-tag/lameco-eskrima/	https://progressivemartialarts.com.au/wp-content/uploads/2023/02/56A36E49-581B-4CC6-BF6C-A19F76266461-600x831.jpeg
https://progressivemartialarts.com.au/product-tag/lameco-eskrima/	https://progressivemartialarts.com.au/wp-content/uploads/2026/04/Sulite-Self-Defense-2-600x755.png
https://progressivemartialarts.com.au/product-tag/lameco-padded-dagger/	https://firstsight.design/cherie/beauty/wp-content/uploads/2020/10/Shopping-Cart.svg
https://progressivemartialarts.com.au/product-tag/lameco-padded-dagger/	https://progressivemartialarts.com.au/wp-content/uploads/2022/10/PMA-logo-2020-11250X60-11.png
https://progressivemartialarts.com.au/product-tag/lameco-padded-dagger/	https://progressivemartialarts.com.au/wp-content/uploads/2022/10/PMA-logo-2020-12.png
https://progressivemartialarts.com.au/product-tag/lameco-padded-dagger/	https://progressivemartialarts.com.au/wp-content/uploads/2022/10/Padded-Dagger.1-copy-600x129.jpeg
https://progressivemartialarts.com.au/product-tag/lameco-padded-sticks/	https://firstsight.design/cherie/beauty/wp-content/uploads/2020/10/Shopping-Cart.svg
https://progressivemartialarts.com.au/product-tag/lameco-padded-sticks/	https://progressivemartialarts.com.au/wp-content/uploads/2022/10/PMA-logo-2020-11250X60-11.png
https://progressivemartialarts.com.au/product-tag/lameco-padded-sticks/	https://progressivemartialarts.com.au/wp-content/uploads/2022/10/PMA-logo-2020-12.png
https://progressivemartialarts.com.au/product-tag/lameco-padded-sticks/	https://progressivemartialarts.com.au/wp-content/uploads/2022/10/Padded-Sticks-all-3-600x454.jpg
https://progressivemartialarts.com.au/product-tag/lameco/	https://firstsight.design/cherie/beauty/wp-content/uploads/2020/10/Shopping-Cart.svg
https://progressivemartialarts.com.au/product-tag/lameco/	https://progressivemartialarts.com.au/wp-content/uploads/2022/10/PMA-logo-2020-11250X60-11.png
https://progressivemartialarts.com.au/product-tag/lameco/	https://progressivemartialarts.com.au/wp-content/uploads/2022/10/PMA-logo-2020-12.png
https://progressivemartialarts.com.au/product-tag/lameco/	https://progressivemartialarts.com.au/wp-content/uploads/2023/02/Lameco-Hand-Black-600x552.jpg
https://progressivemartialarts.com.au/product-tag/layog/	https://firstsight.design/cherie/beauty/wp-content/uploads/2020/10/Shopping-Cart.svg
https://progressivemartialarts.com.au/product-tag/layog/	https://progressivemartialarts.com.au/wp-content/uploads/2022/10/PMA-logo-2020-11250X60-11.png
https://progressivemartialarts.com.au/product-tag/layog/	https://progressivemartialarts.com.au/wp-content/uploads/2022/10/PMA-logo-2020-12.png
https://progressivemartialarts.com.au/product-tag/layog/	https://progressivemartialarts.com.au/wp-content/uploads/2026/04/2013-09-Dumog-600x1013.jpg
https://progressivemartialarts.com.au/product-tag/legends-dvd/	https://firstsight.design/cherie/beauty/wp-content/uploads/2020/10/Shopping-Cart.svg
https://progressivemartialarts.com.au/product-tag/legends-dvd/	https://progressivemartialarts.com.au/wp-content/uploads/2022/10/2013-07-Legends.1-1.jpg
https://progressivemartialarts.com.au/product-tag/legends-dvd/	https://progressivemartialarts.com.au/wp-content/uploads/2022/10/2015-07-Legends.1.jpg
https://progressivemartialarts.com.au/product-tag/legends-dvd/	https://progressivemartialarts.com.au/wp-content/uploads/2022/10/2016-07-Legends.1.jpg
https://progressivemartialarts.com.au/product-tag/legends-dvd/	https://progressivemartialarts.com.au/wp-content/uploads/2022/10/PMA-logo-2020-11250X60-11.png
https://progressivemartialarts.com.au/product-tag/legends-dvd/	https://progressivemartialarts.com.au/wp-content/uploads/2022/10/PMA-logo-2020-12.png
https://progressivemartialarts.com.au/product-tag/legends/	https://firstsight.design/cherie/beauty/wp-content/uploads/2020/10/Shopping-Cart.svg
https://progressivemartialarts.com.au/product-tag/legends/	https://progressivemartialarts.com.au/wp-content/uploads/2022/10/2013-07-Legends.1-1.jpg
https://progressivemartialarts.com.au/product-tag/legends/	https://progressivemartialarts.com.au/wp-content/uploads/2022/10/2015-07-Legends.1.jpg
https://progressivemartialarts.com.au/product-tag/legends/	https://progressivemartialarts.com.au/wp-content/uploads/2022/10/2016-07-Legends.1.jpg
https://progressivemartialarts.com.au/product-tag/legends/	https://progressivemartialarts.com.au/wp-content/uploads/2022/10/PMA-logo-2020-11250X60-11.png
https://progressivemartialarts.com.au/product-tag/legends/	https://progressivemartialarts.com.au/wp-content/uploads/2022/10/PMA-logo-2020-12.png
https://progressivemartialarts.com.au/product-tag/legends/	https://progressivemartialarts.com.au/wp-content/uploads/2022/10/tshirt-legends-15-front-250_2048x2048_b7e67ca9-27ec-4d10-b37c-79a81b72a14b_360x.jpg
https://progressivemartialarts.com.au/product-tag/legends/	https://progressivemartialarts.com.au/wp-content/uploads/2025/04/2024-07-Legends.1.jpg
https://progressivemartialarts.com.au/product-tag/little-dragons/	https://firstsight.design/cherie/beauty/wp-content/uploads/2020/10/Shopping-Cart.svg
https://progressivemartialarts.com.au/product-tag/little-dragons/	https://progressivemartialarts.com.au/wp-content/uploads/2022/10/PMA-logo-2020-11250X60-11.png
https://progressivemartialarts.com.au/product-tag/little-dragons/	https://progressivemartialarts.com.au/wp-content/uploads/2022/10/PMA-logo-2020-12.png
https://progressivemartialarts.com.au/product-tag/little-dragons/	https://progressivemartialarts.com.au/wp-content/uploads/2023/02/51FA649D-9B3E-4E20-A9A6-C6C9C290717D-600x455.jpeg
https://progressivemartialarts.com.au/product-tag/long-sleeve/	https://firstsight.design/cherie/beauty/wp-content/uploads/2020/10/Shopping-Cart.svg
https://progressivemartialarts.com.au/product-tag/long-sleeve/	https://progressivemartialarts.com.au/wp-content/uploads/2022/10/IAMA-Windbreaker.jpeg
https://progressivemartialarts.com.au/product-tag/long-sleeve/	https://progressivemartialarts.com.au/wp-content/uploads/2022/10/PMA-logo-2020-11250X60-11.png
https://progressivemartialarts.com.au/product-tag/long-sleeve/	https://progressivemartialarts.com.au/wp-content/uploads/2022/10/PMA-logo-2020-12.png
https://progressivemartialarts.com.au/product-tag/long-sleeve/	https://progressivemartialarts.com.au/wp-content/uploads/2022/10/baseball-absorb-black-grey-store_360x_ffca1cc8-90ef-4233-861d-f21c71234481.jpg
https://progressivemartialarts.com.au/product-tag/long-sleeve/	https://progressivemartialarts.com.au/wp-content/uploads/2022/10/baseball-absorb-blue-gold-front_360x_ce6cd087-2dde-4485-ab52-685c651bf450.jpg
https://progressivemartialarts.com.au/product-tag/long-sleeve/	https://progressivemartialarts.com.au/wp-content/uploads/2022/10/image_ee55cf16-67e0-4932-b41c-cdb2860b1328-e1781059334221-600x960.jpg
https://progressivemartialarts.com.au/product-tag/long-sleeve/	https://progressivemartialarts.com.au/wp-content/uploads/2022/10/inosanto-academy-long-sleeve-rash-vest.jpg
https://progressivemartialarts.com.au/product-tag/long-sleeve/	https://progressivemartialarts.com.au/wp-content/uploads/2022/10/shirt-sporttek-baseball-silver-black-front_360x_b0ca8d88-8f6a-499a-a75a-3dc2d79a69e0.jpg
https://progressivemartialarts.com.au/product-tag/madjapahit-martial-arts/	https://firstsight.design/cherie/beauty/wp-content/uploads/2020/10/Shopping-Cart.svg
https://progressivemartialarts.com.au/product-tag/madjapahit-martial-arts/	https://progressivemartialarts.com.au/wp-content/uploads/2022/10/PMA-logo-2020-11250X60-11.png
https://progressivemartialarts.com.au/product-tag/madjapahit-martial-arts/	https://progressivemartialarts.com.au/wp-content/uploads/2022/10/PMA-logo-2020-12.png
https://progressivemartialarts.com.au/product-tag/madjapahit-martial-arts/	https://progressivemartialarts.com.au/wp-content/uploads/2022/10/dvd-spezzano-silat-01_360x_f852eb83-7dbe-48b8-b0fe-e0c48aaf2a5d.jpg
https://progressivemartialarts.com.au/product-tag/madjapahit-martial-arts/	https://progressivemartialarts.com.au/wp-content/uploads/2022/10/dvd-spezzano-silat-02_360x_151093c8-7a66-43a2-b4a4-7123a8a92af0.jpg
https://progressivemartialarts.com.au/product-tag/madjapahit-martial-arts/	https://progressivemartialarts.com.au/wp-content/uploads/2023/02/Training-Karambit-600x450.jpg
https://progressivemartialarts.com.au/product-tag/majapahit/	https://firstsight.design/cherie/beauty/wp-content/uploads/2020/10/Shopping-Cart.svg
https://progressivemartialarts.com.au/product-tag/majapahit/	https://progressivemartialarts.com.au/wp-content/uploads/2022/10/PMA-logo-2020-11250X60-11.png
https://progressivemartialarts.com.au/product-tag/majapahit/	https://progressivemartialarts.com.au/wp-content/uploads/2022/10/PMA-logo-2020-12.png
https://progressivemartialarts.com.au/product-tag/majapahit/	https://progressivemartialarts.com.au/wp-content/uploads/2022/10/Training-Dagger-02-600x450.jpg
https://progressivemartialarts.com.au/product-tag/majapahit/	https://progressivemartialarts.com.au/wp-content/uploads/2022/10/helm_cd_front_360x_d8ac5c97-b654-4d2c-bef6-e968d4681d2b.jpg
https://progressivemartialarts.com.au/product-tag/majapahit/	https://progressivemartialarts.com.au/wp-content/uploads/2023/02/3CEADE31-CD6F-4FD8-9D23-7E22BF0C34AB-600x439.jpeg
https://progressivemartialarts.com.au/product-tag/majapahit/	https://progressivemartialarts.com.au/wp-content/uploads/2023/02/45234D57-5E37-4B14-81B1-61BBEB33CCD9-600x453.jpeg
https://progressivemartialarts.com.au/product-tag/majapahit/	https://progressivemartialarts.com.au/wp-content/uploads/2023/02/9FC67EC4-82BE-4EAF-BB28-15B9CAFE5029-600x449.jpeg
https://progressivemartialarts.com.au/product-tag/majapahit/	https://progressivemartialarts.com.au/wp-content/uploads/2023/02/Dagger-Bag-Gold.jpeg
https://progressivemartialarts.com.au/product-tag/majapahit/	https://progressivemartialarts.com.au/wp-content/uploads/2023/02/Training-Karambit-600x450.jpg
https://progressivemartialarts.com.au/product-tag/majapahit/	https://progressivemartialarts.com.au/wp-content/uploads/2025/08/IMG_9525-2-600x800.jpeg
https://progressivemartialarts.com.au/product-tag/majapahit/	https://progressivemartialarts.com.au/wp-content/uploads/2025/08/IMG_9531-2-600x800.jpeg
https://progressivemartialarts.com.au/product-tag/majapahit/	https://progressivemartialarts.com.au/wp-content/uploads/2025/08/IMG_9537-2-600x800.jpeg
https://progressivemartialarts.com.au/product-tag/majapahit/	https://progressivemartialarts.com.au/wp-content/uploads/2025/08/IMG_9545-2-600x800.jpeg
https://progressivemartialarts.com.au/product-tag/majapahit/	https://progressivemartialarts.com.au/wp-content/uploads/2025/08/IMG_9546-2-600x800.jpeg
https://progressivemartialarts.com.au/product-tag/majapahit/	https://progressivemartialarts.com.au/wp-content/uploads/2025/08/IMG_9547-2-scaled-e1777422171489-600x800.jpeg
https://progressivemartialarts.com.au/product-tag/majapahit/	https://progressivemartialarts.com.au/wp-content/uploads/2025/08/IMG_9554-2-600x800.jpeg
https://progressivemartialarts.com.au/product-tag/malong/	https://firstsight.design/cherie/beauty/wp-content/uploads/2020/10/Shopping-Cart.svg
https://progressivemartialarts.com.au/product-tag/malong/	https://progressivemartialarts.com.au/wp-content/uploads/2022/10/2012-06-Silat-Camp.1-copy.jpg
https://progressivemartialarts.com.au/product-tag/malong/	https://progressivemartialarts.com.au/wp-content/uploads/2022/10/2012-13-Mixed-Arts-2-disc-600x1002.jpg
https://progressivemartialarts.com.au/product-tag/malong/	https://progressivemartialarts.com.au/wp-content/uploads/2022/10/2012-14-Silat-600x922.jpg
https://progressivemartialarts.com.au/product-tag/malong/	https://progressivemartialarts.com.au/wp-content/uploads/2022/10/2014-06-Silat-Camp.1.jpg
https://progressivemartialarts.com.au/product-tag/malong/	https://progressivemartialarts.com.au/wp-content/uploads/2022/10/2014-06-Silat-Camp.jpg
https://progressivemartialarts.com.au/product-tag/malong/	https://progressivemartialarts.com.au/wp-content/uploads/2022/10/2015-17-Flexible-December.1.jpg
https://progressivemartialarts.com.au/product-tag/malong/	https://progressivemartialarts.com.au/wp-content/uploads/2022/10/PMA-logo-2020-11250X60-11.png
https://progressivemartialarts.com.au/product-tag/malong/	https://progressivemartialarts.com.au/wp-content/uploads/2022/10/PMA-logo-2020-12.png
https://progressivemartialarts.com.au/product-tag/malong/	https://progressivemartialarts.com.au/wp-content/uploads/2026/04/2013-13-Mixed-Arts-4-disc-600x991.jpg
https://progressivemartialarts.com.au/product-tag/malong/	https://progressivemartialarts.com.au/wp-content/uploads/2026/04/2013-15-Disarms-600x978.jpg
https://progressivemartialarts.com.au/product-tag/malong/	https://progressivemartialarts.com.au/wp-content/uploads/2026/04/2015-05-Flexible-march.jpg
https://progressivemartialarts.com.au/product-tag/malong/	https://progressivemartialarts.com.au/wp-content/uploads/2026/04/2015-06-Silat-Camp.1.jpg
https://progressivemartialarts.com.au/product-tag/malong/	https://progressivemartialarts.com.au/wp-content/uploads/2026/04/2017-05-SarongMalong-3.1.jpg
https://progressivemartialarts.com.au/product-tag/malong/	https://progressivemartialarts.com.au/wp-content/uploads/2026/04/2017-16-Maphilindo-Silat-1-600x847.jpg
https://progressivemartialarts.com.au/product-tag/malong/	https://progressivemartialarts.com.au/wp-content/uploads/2026/04/2018-04-Weaponry-1-600x831.jpg
https://progressivemartialarts.com.au/product-tag/malong/	https://progressivemartialarts.com.au/wp-content/uploads/2026/04/2018-05-Mixed-Silat-1-600x857.jpg
https://progressivemartialarts.com.au/product-tag/mande-muda-pencak-silat/	https://firstsight.design/cherie/beauty/wp-content/uploads/2020/10/Shopping-Cart.svg
https://progressivemartialarts.com.au/product-tag/mande-muda-pencak-silat/	https://progressivemartialarts.com.au/wp-content/uploads/2022/10/PMA-logo-2020-11250X60-11.png
https://progressivemartialarts.com.au/product-tag/mande-muda-pencak-silat/	https://progressivemartialarts.com.au/wp-content/uploads/2022/10/PMA-logo-2020-12.png
https://progressivemartialarts.com.au/product-tag/mande-muda-pencak-silat/	https://progressivemartialarts.com.au/wp-content/uploads/2023/02/Training-Karambit-600x450.jpg
https://progressivemartialarts.com.au/product-tag/mande-muda/	https://firstsight.design/cherie/beauty/wp-content/uploads/2020/10/Shopping-Cart.svg
https://progressivemartialarts.com.au/product-tag/mande-muda/	https://progressivemartialarts.com.au/wp-content/uploads/2022/10/2012-06-Silat-Camp.1-copy.jpg
https://progressivemartialarts.com.au/product-tag/mande-muda/	https://progressivemartialarts.com.au/wp-content/uploads/2022/10/2012-13-Mixed-Arts-2-disc-600x1002.jpg
https://progressivemartialarts.com.au/product-tag/mande-muda/	https://progressivemartialarts.com.au/wp-content/uploads/2022/10/2012-14-Silat-600x922.jpg
https://progressivemartialarts.com.au/product-tag/mande-muda/	https://progressivemartialarts.com.au/wp-content/uploads/2022/10/2014-06-Silat-Camp.1.jpg
https://progressivemartialarts.com.au/product-tag/mande-muda/	https://progressivemartialarts.com.au/wp-content/uploads/2022/10/2014-06-Silat-Camp.jpg
https://progressivemartialarts.com.au/product-tag/mande-muda/	https://progressivemartialarts.com.au/wp-content/uploads/2022/10/2015-17-Flexible-December.1.jpg
https://progressivemartialarts.com.au/product-tag/mande-muda/	https://progressivemartialarts.com.au/wp-content/uploads/2022/10/PMA-logo-2020-11250X60-11.png
https://progressivemartialarts.com.au/product-tag/mande-muda/	https://progressivemartialarts.com.au/wp-content/uploads/2022/10/PMA-logo-2020-12.png
https://progressivemartialarts.com.au/product-tag/mande-muda/	https://progressivemartialarts.com.au/wp-content/uploads/2023/02/3CEADE31-CD6F-4FD8-9D23-7E22BF0C34AB-600x439.jpeg
https://progressivemartialarts.com.au/product-tag/mande-muda/	https://progressivemartialarts.com.au/wp-content/uploads/2026/04/2013-13-Mixed-Arts-4-disc-600x991.jpg
https://progressivemartialarts.com.au/product-tag/mande-muda/	https://progressivemartialarts.com.au/wp-content/uploads/2026/04/2015-05-Flexible-march.jpg
https://progressivemartialarts.com.au/product-tag/mande-muda/	https://progressivemartialarts.com.au/wp-content/uploads/2026/04/2015-06-Silat-Camp.1.jpg
https://progressivemartialarts.com.au/product-tag/mande-muda/	https://progressivemartialarts.com.au/wp-content/uploads/2026/04/2017-05-SarongMalong-3.1.jpg
https://progressivemartialarts.com.au/product-tag/mande-muda/	https://progressivemartialarts.com.au/wp-content/uploads/2026/04/2017-16-Maphilindo-Silat-1-600x847.jpg
https://progressivemartialarts.com.au/product-tag/mande-muda/	https://progressivemartialarts.com.au/wp-content/uploads/2026/04/2018-05-Mixed-Silat-1-600x857.jpg
https://progressivemartialarts.com.au/product-tag/mande-muda/	https://progressivemartialarts.com.au/wp-content/uploads/2026/04/2018-13-Mixed-Arts-day-1-600x853.jpg
https://progressivemartialarts.com.au/product-tag/maphilindo-silat/	https://firstsight.design/cherie/beauty/wp-content/uploads/2020/10/Shopping-Cart.svg
https://progressivemartialarts.com.au/product-tag/maphilindo-silat/	https://progressivemartialarts.com.au/wp-content/uploads/2022/10/PMA-logo-2020-11250X60-11.png
https://progressivemartialarts.com.au/product-tag/maphilindo-silat/	https://progressivemartialarts.com.au/wp-content/uploads/2022/10/PMA-logo-2020-12.png
https://progressivemartialarts.com.au/product-tag/maphilindo-silat/	https://progressivemartialarts.com.au/wp-content/uploads/2022/10/Training-Dagger-02-600x450.jpg
https://progressivemartialarts.com.au/product-tag/maphilindo-silat/	https://progressivemartialarts.com.au/wp-content/uploads/2022/10/helm_cd_front_360x_d8ac5c97-b654-4d2c-bef6-e968d4681d2b.jpg
https://progressivemartialarts.com.au/product-tag/maphilindo-silat/	https://progressivemartialarts.com.au/wp-content/uploads/2023/02/3CEADE31-CD6F-4FD8-9D23-7E22BF0C34AB-600x439.jpeg
https://progressivemartialarts.com.au/product-tag/maphilindo-silat/	https://progressivemartialarts.com.au/wp-content/uploads/2023/02/45234D57-5E37-4B14-81B1-61BBEB33CCD9-600x453.jpeg
https://progressivemartialarts.com.au/product-tag/maphilindo-silat/	https://progressivemartialarts.com.au/wp-content/uploads/2023/02/9FC67EC4-82BE-4EAF-BB28-15B9CAFE5029-600x449.jpeg
https://progressivemartialarts.com.au/product-tag/maphilindo-silat/	https://progressivemartialarts.com.au/wp-content/uploads/2023/02/Dagger-Bag-Gold.jpeg
https://progressivemartialarts.com.au/product-tag/maphilindo-silat/	https://progressivemartialarts.com.au/wp-content/uploads/2023/02/Training-Karambit-600x450.jpg
https://progressivemartialarts.com.au/product-tag/maphilindo-silat/	https://progressivemartialarts.com.au/wp-content/uploads/2025/08/IMG_9525-2-600x800.jpeg
https://progressivemartialarts.com.au/product-tag/maphilindo-silat/	https://progressivemartialarts.com.au/wp-content/uploads/2025/08/IMG_9531-2-600x800.jpeg
https://progressivemartialarts.com.au/product-tag/maphilindo-silat/	https://progressivemartialarts.com.au/wp-content/uploads/2025/08/IMG_9537-2-600x800.jpeg
https://progressivemartialarts.com.au/product-tag/maphilindo-silat/	https://progressivemartialarts.com.au/wp-content/uploads/2025/08/IMG_9545-2-600x800.jpeg
https://progressivemartialarts.com.au/product-tag/maphilindo-silat/	https://progressivemartialarts.com.au/wp-content/uploads/2025/08/IMG_9546-2-600x800.jpeg
https://progressivemartialarts.com.au/product-tag/maphilindo-silat/	https://progressivemartialarts.com.au/wp-content/uploads/2025/08/IMG_9547-2-scaled-e1777422171489-600x800.jpeg
https://progressivemartialarts.com.au/product-tag/maphilindo-silat/	https://progressivemartialarts.com.au/wp-content/uploads/2025/08/IMG_9554-2-600x800.jpeg
https://progressivemartialarts.com.au/product-tag/mini-muscles/	https://firstsight.design/cherie/beauty/wp-content/uploads/2020/10/Shopping-Cart.svg
https://progressivemartialarts.com.au/product-tag/mini-muscles/	https://progressivemartialarts.com.au/wp-content/uploads/2022/10/PMA-logo-2020-11250X60-11.png
https://progressivemartialarts.com.au/product-tag/mini-muscles/	https://progressivemartialarts.com.au/wp-content/uploads/2022/10/PMA-logo-2020-12.png
https://progressivemartialarts.com.au/product-tag/mini-muscles/	https://progressivemartialarts.com.au/wp-content/uploads/2023/02/C5ECE951-DB5E-4594-8C6A-B3E460F94CDD-600x363.jpeg
https://progressivemartialarts.com.au/product-tag/mma/	https://firstsight.design/cherie/beauty/wp-content/uploads/2020/10/Shopping-Cart.svg
https://progressivemartialarts.com.au/product-tag/mma/	https://progressivemartialarts.com.au/wp-content/uploads/2022/10/2012-12-Thai-Boxing-600x1056.jpg
https://progressivemartialarts.com.au/product-tag/mma/	https://progressivemartialarts.com.au/wp-content/uploads/2022/10/Gi-Patch-IAMA-Large-600x572.jpg
https://progressivemartialarts.com.au/product-tag/mma/	https://progressivemartialarts.com.au/wp-content/uploads/2022/10/IAMA-Hoodie-BandG-e1781059471389.jpeg
https://progressivemartialarts.com.au/product-tag/mma/	https://progressivemartialarts.com.au/wp-content/uploads/2022/10/PMA-logo-2020-11250X60-11.png
https://progressivemartialarts.com.au/product-tag/mma/	https://progressivemartialarts.com.au/wp-content/uploads/2022/10/PMA-logo-2020-12.png
https://progressivemartialarts.com.au/product-tag/mma/	https://progressivemartialarts.com.au/wp-content/uploads/2022/10/clothing_hoodie_zipper_redgold_back_360x_ffa71e94-1700-407f-83e6-0a0d39a0683b-e1781059753997.jpg
https://progressivemartialarts.com.au/product-tag/mma/	https://progressivemartialarts.com.au/wp-content/uploads/2022/10/dvd-wingchun-mma_540x_3a7a76b0-19be-48e3-86fc-5b0ebd10b420.jpg
https://progressivemartialarts.com.au/product-tag/mma/	https://progressivemartialarts.com.au/wp-content/uploads/2022/10/image_ee55cf16-67e0-4932-b41c-cdb2860b1328-e1781059334221-600x960.jpg
https://progressivemartialarts.com.au/product-tag/mma/	https://progressivemartialarts.com.au/wp-content/uploads/2026/04/2013-12-Thai-Boxing-600x996.jpg
https://progressivemartialarts.com.au/product-tag/mma/	https://progressivemartialarts.com.au/wp-content/uploads/2026/04/2015-04-Joint-Locking.jpg
https://progressivemartialarts.com.au/product-tag/mma/	https://progressivemartialarts.com.au/wp-content/uploads/2026/04/2016-13-Mixed-Arts-Sat.1.jpg
https://progressivemartialarts.com.au/product-tag/mma/	https://progressivemartialarts.com.au/wp-content/uploads/2026/04/2016-14-Mixed-Arts-Sun.1.jpg
https://progressivemartialarts.com.au/product-tag/mma/	https://progressivemartialarts.com.au/wp-content/uploads/2026/04/2016-17-Panantukan.1.jpg
https://progressivemartialarts.com.au/product-tag/mma/	https://progressivemartialarts.com.au/wp-content/uploads/2026/04/2017-13-Mixed-day-1-1-600x793.jpg
https://progressivemartialarts.com.au/product-tag/mma/	https://progressivemartialarts.com.au/wp-content/uploads/2026/04/2017-14-Mixed-day-2-1-600x825.jpg
https://progressivemartialarts.com.au/product-tag/mma/	https://progressivemartialarts.com.au/wp-content/uploads/2026/04/2017-18-Locks-and-Controls-1-600x751.jpg
https://progressivemartialarts.com.au/product-tag/muay-thai-thai-boxing/	https://firstsight.design/cherie/beauty/wp-content/uploads/2020/10/Shopping-Cart.svg
https://progressivemartialarts.com.au/product-tag/muay-thai-thai-boxing/	https://progressivemartialarts.com.au/wp-content/uploads/2022/10/2012-12-Thai-Boxing-600x1056.jpg
https://progressivemartialarts.com.au/product-tag/muay-thai-thai-boxing/	https://progressivemartialarts.com.au/wp-content/uploads/2022/10/2012-13-Mixed-Arts-2-disc-600x1002.jpg
https://progressivemartialarts.com.au/product-tag/muay-thai-thai-boxing/	https://progressivemartialarts.com.au/wp-content/uploads/2022/10/IAMA-Hoodie-BandG-e1781059471389.jpeg
https://progressivemartialarts.com.au/product-tag/muay-thai-thai-boxing/	https://progressivemartialarts.com.au/wp-content/uploads/2022/10/PMA-logo-2020-11250X60-11.png
https://progressivemartialarts.com.au/product-tag/muay-thai-thai-boxing/	https://progressivemartialarts.com.au/wp-content/uploads/2022/10/PMA-logo-2020-12.png
https://progressivemartialarts.com.au/product-tag/muay-thai-thai-boxing/	https://progressivemartialarts.com.au/wp-content/uploads/2022/10/clothing_hoodie_zipper_redgold_back_360x_ffa71e94-1700-407f-83e6-0a0d39a0683b-e1781059753997.jpg
https://progressivemartialarts.com.au/product-tag/muay-thai-thai-boxing/	https://progressivemartialarts.com.au/wp-content/uploads/2022/10/image_ee55cf16-67e0-4932-b41c-cdb2860b1328-e1781059334221-600x960.jpg
https://progressivemartialarts.com.au/product-tag/muay-thai-thai-boxing/	https://progressivemartialarts.com.au/wp-content/uploads/2022/10/punch-hand-wraps-e1778715967245.jpg
https://progressivemartialarts.com.au/product-tag/muay-thai-thai-boxing/	https://progressivemartialarts.com.au/wp-content/uploads/2023/08/IMG_2850-scaled-195kb-e1778714894977-600x688.jpg
https://progressivemartialarts.com.au/product-tag/muay-thai-thai-boxing/	https://progressivemartialarts.com.au/wp-content/uploads/2023/09/IMG_3119-188kb-600x552.jpg
https://progressivemartialarts.com.au/product-tag/muay-thai-thai-boxing/	https://progressivemartialarts.com.au/wp-content/uploads/2024/10/IMG_1249.heic
https://progressivemartialarts.com.au/product-tag/muay-thai-thai-boxing/	https://progressivemartialarts.com.au/wp-content/uploads/2026/04/2013-12-Thai-Boxing-600x996.jpg
https://progressivemartialarts.com.au/product-tag/muay-thai-thai-boxing/	https://progressivemartialarts.com.au/wp-content/uploads/2026/04/2013-13-Mixed-Arts-4-disc-600x991.jpg
https://progressivemartialarts.com.au/product-tag/muay-thai-thai-boxing/	https://progressivemartialarts.com.au/wp-content/uploads/2026/04/2015-12-Thai-Boxing.1.jpg
https://progressivemartialarts.com.au/product-tag/muay-thai-thai-boxing/	https://progressivemartialarts.com.au/wp-content/uploads/2026/04/2026-11-20-Australia-Tour3.1-600x776.jpeg
https://progressivemartialarts.com.au/product-tag/muay-thai-thai-boxing/	https://progressivemartialarts.com.au/wp-content/uploads/2026/05/Boxing-Gloves-Morgan-16.jpg
https://progressivemartialarts.com.au/product-tag/muay-thai/	https://firstsight.design/cherie/beauty/wp-content/uploads/2020/10/Shopping-Cart.svg
https://progressivemartialarts.com.au/product-tag/muay-thai/	https://progressivemartialarts.com.au/wp-content/uploads/2022/10/Gi-Patch-IAMA-Large-600x572.jpg
https://progressivemartialarts.com.au/product-tag/muay-thai/	https://progressivemartialarts.com.au/wp-content/uploads/2022/10/IAMA-Hoodie-BandG-e1781059471389.jpeg
https://progressivemartialarts.com.au/product-tag/muay-thai/	https://progressivemartialarts.com.au/wp-content/uploads/2022/10/IAMA-Windbreaker.jpeg
https://progressivemartialarts.com.au/product-tag/muay-thai/	https://progressivemartialarts.com.au/wp-content/uploads/2022/10/PMA-logo-2020-11250X60-11.png
https://progressivemartialarts.com.au/product-tag/muay-thai/	https://progressivemartialarts.com.au/wp-content/uploads/2022/10/PMA-logo-2020-12.png
https://progressivemartialarts.com.au/product-tag/muay-thai/	https://progressivemartialarts.com.au/wp-content/uploads/2022/10/image_ee55cf16-67e0-4932-b41c-cdb2860b1328-e1781059334221-600x960.jpg
https://progressivemartialarts.com.au/product-tag/muay-thai/	https://progressivemartialarts.com.au/wp-content/uploads/2022/10/inosanto-academy-long-sleeve-rash-vest.jpg
https://progressivemartialarts.com.au/product-tag/muay-thai/	https://progressivemartialarts.com.au/wp-content/uploads/2022/10/inosanto-academy-short-sleeve-rash-vest-e1778982686103.jpg
https://progressivemartialarts.com.au/product-tag/muay-thai/	https://progressivemartialarts.com.au/wp-content/uploads/2022/10/punch-ankle-support.jpg
https://progressivemartialarts.com.au/product-tag/muay-thai/	https://progressivemartialarts.com.au/wp-content/uploads/2022/10/punch-hand-wraps-e1778715967245.jpg
https://progressivemartialarts.com.au/product-tag/muay-thai/	https://progressivemartialarts.com.au/wp-content/uploads/2026/04/2016-13-Mixed-Arts-Sat.1.jpg
https://progressivemartialarts.com.au/product-tag/muay-thai/	https://progressivemartialarts.com.au/wp-content/uploads/2026/04/2016-14-Mixed-Arts-Sun.1.jpg
https://progressivemartialarts.com.au/product-tag/muay-thai/	https://progressivemartialarts.com.au/wp-content/uploads/2026/04/2017-13-Mixed-day-1-1-600x793.jpg
https://progressivemartialarts.com.au/product-tag/muay-thai/	https://progressivemartialarts.com.au/wp-content/uploads/2026/04/2017-14-Mixed-day-2-1-600x825.jpg
https://progressivemartialarts.com.au/product-tag/muay-thai/	https://progressivemartialarts.com.au/wp-content/uploads/2026/04/2018-13-Mixed-Arts-day-1-600x853.jpg
https://progressivemartialarts.com.au/product-tag/muay-thai/	https://progressivemartialarts.com.au/wp-content/uploads/2026/04/2018-14-Mixed-Arts-day-2-1-600x794.jpg
https://progressivemartialarts.com.au/product-tag/nempel-kaki/	https://firstsight.design/cherie/beauty/wp-content/uploads/2020/10/Shopping-Cart.svg
https://progressivemartialarts.com.au/product-tag/nempel-kaki/	https://progressivemartialarts.com.au/wp-content/uploads/2022/10/2012-08-Sensitivity-600x1002.jpg
https://progressivemartialarts.com.au/product-tag/nempel-kaki/	https://progressivemartialarts.com.au/wp-content/uploads/2022/10/PMA-logo-2020-11250X60-11.png
https://progressivemartialarts.com.au/product-tag/nempel-kaki/	https://progressivemartialarts.com.au/wp-content/uploads/2022/10/PMA-logo-2020-12.png
https://progressivemartialarts.com.au/product-tag/other-dvd/	https://firstsight.design/cherie/beauty/wp-content/uploads/2020/10/Shopping-Cart.svg
https://progressivemartialarts.com.au/product-tag/other-dvd/	https://progressivemartialarts.com.au/wp-content/uploads/2022/10/PMA-logo-2020-11250X60-11.png
https://progressivemartialarts.com.au/product-tag/other-dvd/	https://progressivemartialarts.com.au/wp-content/uploads/2022/10/PMA-logo-2020-12.png
https://progressivemartialarts.com.au/product-tag/other-dvd/	https://progressivemartialarts.com.au/wp-content/uploads/2022/10/Suwanda-Sarung-3-600x824.jpg
https://progressivemartialarts.com.au/product-tag/other-dvd/	https://progressivemartialarts.com.au/wp-content/uploads/2022/10/dvd-bolt-wrestling_360x_2773eba6-7a00-4d66-9287-70cd0c021687.jpg
https://progressivemartialarts.com.au/product-tag/other-dvd/	https://progressivemartialarts.com.au/wp-content/uploads/2022/10/dvd-capoeira-active_360x_af314fdf-57e8-402e-b117-8fc1deac6fc3.jpg
https://progressivemartialarts.com.au/product-tag/other-dvd/	https://progressivemartialarts.com.au/wp-content/uploads/2022/10/dvd-dubin-drumming_360x_77fc0434-c184-439d-bd32-9565ad9e2d65.jpg
https://progressivemartialarts.com.au/product-tag/other-dvd/	https://progressivemartialarts.com.au/wp-content/uploads/2022/10/dvd-rhythmic-training_360x_cb6de2e8-250d-483e-ba6d-86c714d752bc.jpg
https://progressivemartialarts.com.au/product-tag/other-dvd/	https://progressivemartialarts.com.au/wp-content/uploads/2022/10/dvd-spezzano-silat-01_360x_f852eb83-7dbe-48b8-b0fe-e0c48aaf2a5d.jpg
https://progressivemartialarts.com.au/product-tag/other-dvd/	https://progressivemartialarts.com.au/wp-content/uploads/2022/10/dvd-spezzano-silat-02_360x_151093c8-7a66-43a2-b4a4-7123a8a92af0.jpg
https://progressivemartialarts.com.au/product-tag/other-dvd/	https://progressivemartialarts.com.au/wp-content/uploads/2022/10/dvd_machado_seminar_2008_360x_2ddbd4b2-e664-4ba9-a206-31ae86b47658.jpg
https://progressivemartialarts.com.au/product-tag/other-dvd/	https://progressivemartialarts.com.au/wp-content/uploads/2022/10/dvd_martialartsmasters_360x_5753665b-b61d-4e0d-9a21-1c791014dcd7.jpg
https://progressivemartialarts.com.au/product-tag/oumry-ban/	https://firstsight.design/cherie/beauty/wp-content/uploads/2020/10/Shopping-Cart.svg
https://progressivemartialarts.com.au/product-tag/oumry-ban/	https://progressivemartialarts.com.au/wp-content/uploads/2022/10/PMA-logo-2020-11250X60-11.png
https://progressivemartialarts.com.au/product-tag/oumry-ban/	https://progressivemartialarts.com.au/wp-content/uploads/2022/10/PMA-logo-2020-12.png
https://progressivemartialarts.com.au/product-tag/oumry-ban/	https://progressivemartialarts.com.au/wp-content/uploads/2026/04/2015-12-Thai-Boxing.1.jpg
https://progressivemartialarts.com.au/product-tag/oumry-ban/	https://progressivemartialarts.com.au/wp-content/uploads/2026/04/2016-10-Cambodian.1.jpg
https://progressivemartialarts.com.au/product-tag/panantukan/	https://firstsight.design/cherie/beauty/wp-content/uploads/2020/10/Shopping-Cart.svg
https://progressivemartialarts.com.au/product-tag/panantukan/	https://progressivemartialarts.com.au/wp-content/uploads/2022/10/PMA-logo-2020-11250X60-11.png
https://progressivemartialarts.com.au/product-tag/panantukan/	https://progressivemartialarts.com.au/wp-content/uploads/2022/10/PMA-logo-2020-12.png
https://progressivemartialarts.com.au/product-tag/panantukan/	https://progressivemartialarts.com.au/wp-content/uploads/2026/04/2013-08-Panantukan-600x985.jpg
https://progressivemartialarts.com.au/product-tag/panantukan/	https://progressivemartialarts.com.au/wp-content/uploads/2026/04/2016-16-EH-vs-Weapons.1.jpg
https://progressivemartialarts.com.au/product-tag/panantukan/	https://progressivemartialarts.com.au/wp-content/uploads/2026/04/2016-17-Panantukan.1.jpg
https://progressivemartialarts.com.au/product-tag/pangamut/	https://firstsight.design/cherie/beauty/wp-content/uploads/2020/10/Shopping-Cart.svg
https://progressivemartialarts.com.au/product-tag/pangamut/	https://progressivemartialarts.com.au/wp-content/uploads/2022/10/2012-11-Pangamut-600x1074.jpg
https://progressivemartialarts.com.au/product-tag/pangamut/	https://progressivemartialarts.com.au/wp-content/uploads/2022/10/PMA-logo-2020-11250X60-11.png
https://progressivemartialarts.com.au/product-tag/pangamut/	https://progressivemartialarts.com.au/wp-content/uploads/2022/10/PMA-logo-2020-12.png
https://progressivemartialarts.com.au/product-tag/pangamut/	https://progressivemartialarts.com.au/wp-content/uploads/2026/04/2016-16-EH-vs-Weapons.1.jpg
https://progressivemartialarts.com.au/product-tag/pangamut/	https://progressivemartialarts.com.au/wp-content/uploads/2026/04/2016-17-Panantukan.1.jpg
https://progressivemartialarts.com.au/product-tag/patches/	https://firstsight.design/cherie/beauty/wp-content/uploads/2020/10/Shopping-Cart.svg
https://progressivemartialarts.com.au/product-tag/patches/	https://progressivemartialarts.com.au/wp-content/uploads/2022/10/Gi-Patch-IAMA-Large-600x572.jpg
https://progressivemartialarts.com.au/product-tag/patches/	https://progressivemartialarts.com.au/wp-content/uploads/2022/10/PMA-logo-2020-11250X60-11.png
https://progressivemartialarts.com.au/product-tag/patches/	https://progressivemartialarts.com.au/wp-content/uploads/2022/10/PMA-logo-2020-12.png
https://progressivemartialarts.com.au/product-tag/pencak-silat/	https://firstsight.design/cherie/beauty/wp-content/uploads/2020/10/Shopping-Cart.svg
https://progressivemartialarts.com.au/product-tag/pencak-silat/	https://progressivemartialarts.com.au/wp-content/uploads/2022/10/2012-13-Mixed-Arts-2-disc-600x1002.jpg
https://progressivemartialarts.com.au/product-tag/pencak-silat/	https://progressivemartialarts.com.au/wp-content/uploads/2022/10/2012-14-Silat-600x922.jpg
https://progressivemartialarts.com.au/product-tag/pencak-silat/	https://progressivemartialarts.com.au/wp-content/uploads/2022/10/Heavens-Drums-front-600x601.jpeg
https://progressivemartialarts.com.au/product-tag/pencak-silat/	https://progressivemartialarts.com.au/wp-content/uploads/2022/10/IAMA-Hoodie-BandG-e1781059471389.jpeg
https://progressivemartialarts.com.au/product-tag/pencak-silat/	https://progressivemartialarts.com.au/wp-content/uploads/2022/10/PMA-logo-2020-11250X60-11.png
https://progressivemartialarts.com.au/product-tag/pencak-silat/	https://progressivemartialarts.com.au/wp-content/uploads/2022/10/PMA-logo-2020-12.png
https://progressivemartialarts.com.au/product-tag/pencak-silat/	https://progressivemartialarts.com.au/wp-content/uploads/2022/10/Training-Dagger-02-600x450.jpg
https://progressivemartialarts.com.au/product-tag/pencak-silat/	https://progressivemartialarts.com.au/wp-content/uploads/2022/10/clothing_hoodie_zipper_redgold_back_360x_ffa71e94-1700-407f-83e6-0a0d39a0683b-e1781059753997.jpg
https://progressivemartialarts.com.au/product-tag/pencak-silat/	https://progressivemartialarts.com.au/wp-content/uploads/2022/10/helm_cd_front_360x_d8ac5c97-b654-4d2c-bef6-e968d4681d2b.jpg
https://progressivemartialarts.com.au/product-tag/pencak-silat/	https://progressivemartialarts.com.au/wp-content/uploads/2022/10/image_ee55cf16-67e0-4932-b41c-cdb2860b1328-e1781059334221-600x960.jpg
https://progressivemartialarts.com.au/product-tag/pencak-silat/	https://progressivemartialarts.com.au/wp-content/uploads/2023/02/3CEADE31-CD6F-4FD8-9D23-7E22BF0C34AB-600x439.jpeg
https://progressivemartialarts.com.au/product-tag/pencak-silat/	https://progressivemartialarts.com.au/wp-content/uploads/2023/02/Dagger-Bag-Gold.jpeg
https://progressivemartialarts.com.au/product-tag/pencak-silat/	https://progressivemartialarts.com.au/wp-content/uploads/2025/08/IMG_9537-2-600x800.jpeg
https://progressivemartialarts.com.au/product-tag/pencak-silat/	https://progressivemartialarts.com.au/wp-content/uploads/2025/08/IMG_9545-2-600x800.jpeg
https://progressivemartialarts.com.au/product-tag/pencak-silat/	https://progressivemartialarts.com.au/wp-content/uploads/2025/08/IMG_9546-2-600x800.jpeg
https://progressivemartialarts.com.au/product-tag/pencak-silat/	https://progressivemartialarts.com.au/wp-content/uploads/2025/08/IMG_9554-2-600x800.jpeg
https://progressivemartialarts.com.au/product-tag/pendekar-herman-suwanda/	https://firstsight.design/cherie/beauty/wp-content/uploads/2020/10/Shopping-Cart.svg
https://progressivemartialarts.com.au/product-tag/pendekar-herman-suwanda/	https://progressivemartialarts.com.au/wp-content/uploads/2022/10/2012-06-Silat-Camp.1-copy.jpg
https://progressivemartialarts.com.au/product-tag/pendekar-herman-suwanda/	https://progressivemartialarts.com.au/wp-content/uploads/2022/10/2012-14-Silat-600x922.jpg
https://progressivemartialarts.com.au/product-tag/pendekar-herman-suwanda/	https://progressivemartialarts.com.au/wp-content/uploads/2022/10/2014-06-Silat-Camp.1.jpg
https://progressivemartialarts.com.au/product-tag/pendekar-herman-suwanda/	https://progressivemartialarts.com.au/wp-content/uploads/2022/10/2014-06-Silat-Camp.jpg
https://progressivemartialarts.com.au/product-tag/pendekar-herman-suwanda/	https://progressivemartialarts.com.au/wp-content/uploads/2022/10/2015-17-Flexible-December.1.jpg
https://progressivemartialarts.com.au/product-tag/pendekar-herman-suwanda/	https://progressivemartialarts.com.au/wp-content/uploads/2022/10/Heavens-Drums-front-600x601.jpeg
https://progressivemartialarts.com.au/product-tag/pendekar-herman-suwanda/	https://progressivemartialarts.com.au/wp-content/uploads/2022/10/PMA-logo-2020-11250X60-11.png
https://progressivemartialarts.com.au/product-tag/pendekar-herman-suwanda/	https://progressivemartialarts.com.au/wp-content/uploads/2022/10/PMA-logo-2020-12.png
https://progressivemartialarts.com.au/product-tag/pendekar-herman-suwanda/	https://progressivemartialarts.com.au/wp-content/uploads/2022/10/Suwanda-Sarung-3-600x824.jpg
https://progressivemartialarts.com.au/product-tag/pendekar-herman-suwanda/	https://progressivemartialarts.com.au/wp-content/uploads/2025/04/2019-18-Locks-and-Controls-1-600x848.jpg
https://progressivemartialarts.com.au/product-tag/pendekar-herman-suwanda/	https://progressivemartialarts.com.au/wp-content/uploads/2026/04/2015-06-Silat-Camp.1.jpg
https://progressivemartialarts.com.au/product-tag/pendekar-herman-suwanda/	https://progressivemartialarts.com.au/wp-content/uploads/2026/04/2017-16-Maphilindo-Silat-1-600x847.jpg
https://progressivemartialarts.com.au/product-tag/pendekar-herman-suwanda/	https://progressivemartialarts.com.au/wp-content/uploads/2026/04/2018-05-Mixed-Silat-1-600x857.jpg
https://progressivemartialarts.com.au/product-tag/pentjak-silat/	https://firstsight.design/cherie/beauty/wp-content/uploads/2020/10/Shopping-Cart.svg
https://progressivemartialarts.com.au/product-tag/pentjak-silat/	https://progressivemartialarts.com.au/wp-content/uploads/2022/10/2012-06-Silat-Camp.1-copy.jpg
https://progressivemartialarts.com.au/product-tag/pentjak-silat/	https://progressivemartialarts.com.au/wp-content/uploads/2022/10/2012-08-Sensitivity-600x1002.jpg
https://progressivemartialarts.com.au/product-tag/pentjak-silat/	https://progressivemartialarts.com.au/wp-content/uploads/2022/10/2012-13-Mixed-Arts-2-disc-600x1002.jpg
https://progressivemartialarts.com.au/product-tag/pentjak-silat/	https://progressivemartialarts.com.au/wp-content/uploads/2022/10/2012-14-Silat-600x922.jpg
https://progressivemartialarts.com.au/product-tag/pentjak-silat/	https://progressivemartialarts.com.au/wp-content/uploads/2022/10/2013-07-Legends.1-1.jpg
https://progressivemartialarts.com.au/product-tag/pentjak-silat/	https://progressivemartialarts.com.au/wp-content/uploads/2022/10/2014-06-Silat-Camp.1.jpg
https://progressivemartialarts.com.au/product-tag/pentjak-silat/	https://progressivemartialarts.com.au/wp-content/uploads/2022/10/2014-06-Silat-Camp.jpg
https://progressivemartialarts.com.au/product-tag/pentjak-silat/	https://progressivemartialarts.com.au/wp-content/uploads/2022/10/2015-17-Flexible-December.1.jpg
https://progressivemartialarts.com.au/product-tag/pentjak-silat/	https://progressivemartialarts.com.au/wp-content/uploads/2022/10/Heavens-Drums-front-600x601.jpeg
https://progressivemartialarts.com.au/product-tag/pentjak-silat/	https://progressivemartialarts.com.au/wp-content/uploads/2022/10/PMA-logo-2020-11250X60-11.png
https://progressivemartialarts.com.au/product-tag/pentjak-silat/	https://progressivemartialarts.com.au/wp-content/uploads/2022/10/PMA-logo-2020-12.png
https://progressivemartialarts.com.au/product-tag/pentjak-silat/	https://progressivemartialarts.com.au/wp-content/uploads/2023/02/3CEADE31-CD6F-4FD8-9D23-7E22BF0C34AB-600x439.jpeg
https://progressivemartialarts.com.au/product-tag/pentjak-silat/	https://progressivemartialarts.com.au/wp-content/uploads/2023/02/Training-Karambit-600x450.jpg
https://progressivemartialarts.com.au/product-tag/pentjak-silat/	https://progressivemartialarts.com.au/wp-content/uploads/2026/04/2013-13-Mixed-Arts-4-disc-600x991.jpg
https://progressivemartialarts.com.au/product-tag/pentjak-silat/	https://progressivemartialarts.com.au/wp-content/uploads/2026/04/2015-06-Silat-Camp.1.jpg
https://progressivemartialarts.com.au/product-tag/pentjak-silat/	https://progressivemartialarts.com.au/wp-content/uploads/2026/04/2026-11-20-Australia-Tour3.1-600x776.jpeg
https://progressivemartialarts.com.au/product-tag/philosophy/	https://firstsight.design/cherie/beauty/wp-content/uploads/2020/10/Shopping-Cart.svg
https://progressivemartialarts.com.au/product-tag/philosophy/	https://progressivemartialarts.com.au/wp-content/uploads/2022/10/PMA-logo-2020-11250X60-11.png
https://progressivemartialarts.com.au/product-tag/philosophy/	https://progressivemartialarts.com.au/wp-content/uploads/2022/10/PMA-logo-2020-12.png
https://progressivemartialarts.com.au/product-tag/philosophy/	https://progressivemartialarts.com.au/wp-content/uploads/2022/10/Winning-Mindset-Front-600x900.jpg
https://progressivemartialarts.com.au/product-tag/philosophy/	https://progressivemartialarts.com.au/wp-content/uploads/2022/10/fong-book_360x_a71ad87f-c701-4e8e-b028-c11666e78792.jpg
https://progressivemartialarts.com.au/product-tag/professor-dan-inosanto/	https://firstsight.design/cherie/beauty/wp-content/uploads/2020/10/Shopping-Cart.svg
https://progressivemartialarts.com.au/product-tag/professor-dan-inosanto/	https://progressivemartialarts.com.au/wp-content/uploads/2022/10/Gi-Patch-IAMA-Large-600x572.jpg
https://progressivemartialarts.com.au/product-tag/professor-dan-inosanto/	https://progressivemartialarts.com.au/wp-content/uploads/2022/10/PMA-logo-2020-11250X60-11.png
https://progressivemartialarts.com.au/product-tag/professor-dan-inosanto/	https://progressivemartialarts.com.au/wp-content/uploads/2022/10/PMA-logo-2020-12.png
https://progressivemartialarts.com.au/product-tag/professor-jean-jacques-machado/	https://firstsight.design/cherie/beauty/wp-content/uploads/2020/10/Shopping-Cart.svg
https://progressivemartialarts.com.au/product-tag/professor-jean-jacques-machado/	https://progressivemartialarts.com.au/wp-content/uploads/2022/10/121.jpg
https://progressivemartialarts.com.au/product-tag/professor-jean-jacques-machado/	https://progressivemartialarts.com.au/wp-content/uploads/2022/10/PMA-logo-2020-11250X60-11.png
https://progressivemartialarts.com.au/product-tag/professor-jean-jacques-machado/	https://progressivemartialarts.com.au/wp-content/uploads/2022/10/PMA-logo-2020-12.png
https://progressivemartialarts.com.au/product-tag/professor-jean-jacques-machado/	https://progressivemartialarts.com.au/wp-content/uploads/2023/02/Gi-Blue-wWhite-trim-600x726.jpg
https://progressivemartialarts.com.au/product-tag/professor-jean-jacques-machado/	https://progressivemartialarts.com.au/wp-content/uploads/2025/07/IMG_2212-600x702.jpeg
https://progressivemartialarts.com.au/product-tag/professor-jean-jacques-machado/	https://progressivemartialarts.com.au/wp-content/uploads/2026/06/IMG_4782-600x715.jpg
https://progressivemartialarts.com.au/product-tag/professor-jean-jacques-machado/	https://progressivemartialarts.com.au/wp-content/uploads/2026/06/IMG_4787-600x1065.jpg
https://progressivemartialarts.com.au/product-tag/progressive-martial-arts/	https://firstsight.design/cherie/beauty/wp-content/uploads/2020/10/Shopping-Cart.svg
https://progressivemartialarts.com.au/product-tag/progressive-martial-arts/	https://progressivemartialarts.com.au/wp-content/uploads/2022/10/PMA-logo-2020-11250X60-11.png
https://progressivemartialarts.com.au/product-tag/progressive-martial-arts/	https://progressivemartialarts.com.au/wp-content/uploads/2022/10/PMA-logo-2020-12.png
https://progressivemartialarts.com.au/product-tag/progressive-martial-arts/	https://progressivemartialarts.com.au/wp-content/uploads/2023/02/2C206BDF-C2DA-4A86-8F31-BC8CB37A36E5-600x493.jpeg
https://progressivemartialarts.com.au/product-tag/progressive-martial-arts/	https://progressivemartialarts.com.au/wp-content/uploads/2023/02/34B25B94-D443-4893-BCB2-AE38065A234A-600x732.jpeg
https://progressivemartialarts.com.au/product-tag/progressive-martial-arts/	https://progressivemartialarts.com.au/wp-content/uploads/2023/02/8433F7D5-A92A-45D7-B8AE-845690B90426_1_105_c-600x657.jpeg
https://progressivemartialarts.com.au/product-tag/progressive-martial-arts/	https://progressivemartialarts.com.au/wp-content/uploads/2023/02/89A24721-180C-42F9-961A-7A81E25A2467_1_105_c-600x707.jpeg
https://progressivemartialarts.com.au/product-tag/progressive-martial-arts/	https://progressivemartialarts.com.au/wp-content/uploads/2023/02/IMG2486.jpg.jpg
https://progressivemartialarts.com.au/product-tag/punong-guro-edgar-sulite/	https://firstsight.design/cherie/beauty/wp-content/uploads/2020/10/Shopping-Cart.svg
https://progressivemartialarts.com.au/product-tag/punong-guro-edgar-sulite/	https://progressivemartialarts.com.au/wp-content/uploads/2022/10/PMA-logo-2020-11250X60-11.png
https://progressivemartialarts.com.au/product-tag/punong-guro-edgar-sulite/	https://progressivemartialarts.com.au/wp-content/uploads/2022/10/PMA-logo-2020-12.png
https://progressivemartialarts.com.au/product-tag/punong-guro-edgar-sulite/	https://progressivemartialarts.com.au/wp-content/uploads/2022/10/Padded-Dagger.1-copy-600x129.jpeg
https://progressivemartialarts.com.au/product-tag/punong-guro-edgar-sulite/	https://progressivemartialarts.com.au/wp-content/uploads/2022/10/laban-laro-01_360x_2a3b2d00-6a71-43fd-8a29-aba6f5d7ee2b.png
https://progressivemartialarts.com.au/product-tag/punong-guro-edgar-sulite/	https://progressivemartialarts.com.au/wp-content/uploads/2022/10/laban-laro-02_360x_d7adccce-35f0-472f-974c-1132eb007a23.png
https://progressivemartialarts.com.au/product-tag/punong-guro-edgar-sulite/	https://progressivemartialarts.com.au/wp-content/uploads/2022/10/lameco-vortex_360x_773f8f2d-fdea-4041-9ec3-dfc76a6b7c8b.png
https://progressivemartialarts.com.au/product-tag/punong-guro-edgar-sulite/	https://progressivemartialarts.com.au/wp-content/uploads/2022/10/sulite-espada-daga_360x_ac5bce2c-f066-4376-adec-8ec221a90339.jpg
https://progressivemartialarts.com.au/product-tag/punong-guro-edgar-sulite/	https://progressivemartialarts.com.au/wp-content/uploads/2022/10/sulite-essential-single-stick-skills-volume-01_360x_228f0228-b181-4957-a820-b46200079345.jpg
https://progressivemartialarts.com.au/product-tag/punong-guro-edgar-sulite/	https://progressivemartialarts.com.au/wp-content/uploads/2022/10/sulite-essential-single-stick-skills-volume-02_360x_fe6ab255-33b9-47a2-9350-2df2b4049a8e.jpg
https://progressivemartialarts.com.au/product-tag/punong-guro-edgar-sulite/	https://progressivemartialarts.com.au/wp-content/uploads/2022/10/sulite-secrets-of-double-stick-fighting-volume-01_360x_7a45745c-f0f3-40cb-9623-f8dabddb2210.jpg
https://progressivemartialarts.com.au/product-tag/punong-guro-edgar-sulite/	https://progressivemartialarts.com.au/wp-content/uploads/2022/10/sulite-secrets-of-double-stick-fighting-volume-02_360x_e7d37162-259a-4b0c-9085-1dd083109841.jpg
https://progressivemartialarts.com.au/product-tag/punong-guro-edgar-sulite/	https://progressivemartialarts.com.au/wp-content/uploads/2022/10/sulite-self-defense-01_360x_18b8bd27-16c7-4f1a-9e0b-42c2299769f0.jpg
https://progressivemartialarts.com.au/product-tag/punong-guro-edgar-sulite/	https://progressivemartialarts.com.au/wp-content/uploads/2023/02/56A36E49-581B-4CC6-BF6C-A19F76266461-600x831.jpeg
https://progressivemartialarts.com.au/product-tag/punong-guro-edgar-sulite/	https://progressivemartialarts.com.au/wp-content/uploads/2023/02/Lameco-Hand-Black-600x552.jpg
https://progressivemartialarts.com.au/product-tag/punong-guro-edgar-sulite/	https://progressivemartialarts.com.au/wp-content/uploads/2026/04/Sulite-Self-Defense-2-600x755.png
https://progressivemartialarts.com.au/product-tag/racerback/	https://firstsight.design/cherie/beauty/wp-content/uploads/2020/10/Shopping-Cart.svg
https://progressivemartialarts.com.au/product-tag/racerback/	https://progressivemartialarts.com.au/wp-content/uploads/2022/10/PMA-logo-2020-11250X60-11.png
https://progressivemartialarts.com.au/product-tag/racerback/	https://progressivemartialarts.com.au/wp-content/uploads/2022/10/PMA-logo-2020-12.png
https://progressivemartialarts.com.au/product-tag/racerback/	https://progressivemartialarts.com.au/wp-content/uploads/2022/10/clothing_racerback_tank_front_360x_cfef6fbb-c3e3-481a-88f1-a367e363f01e.jpg
https://progressivemartialarts.com.au/product-tag/rashguard/	https://firstsight.design/cherie/beauty/wp-content/uploads/2020/10/Shopping-Cart.svg
https://progressivemartialarts.com.au/product-tag/rashguard/	https://progressivemartialarts.com.au/wp-content/uploads/2022/10/PMA-logo-2020-11250X60-11.png
https://progressivemartialarts.com.au/product-tag/rashguard/	https://progressivemartialarts.com.au/wp-content/uploads/2022/10/PMA-logo-2020-12.png
https://progressivemartialarts.com.au/product-tag/rashguard/	https://progressivemartialarts.com.au/wp-content/uploads/2022/10/inosanto-academy-long-sleeve-rash-vest.jpg
https://progressivemartialarts.com.au/product-tag/rashguard/	https://progressivemartialarts.com.au/wp-content/uploads/2022/10/inosanto-academy-short-sleeve-rash-vest-e1778982686103.jpg
https://progressivemartialarts.com.au/product-tag/rashguard/	https://progressivemartialarts.com.au/wp-content/uploads/2026/06/Rashguard-Black-wRed-600x450.webp
https://progressivemartialarts.com.au/product-tag/rattan-sticks/	https://firstsight.design/cherie/beauty/wp-content/uploads/2020/10/Shopping-Cart.svg
https://progressivemartialarts.com.au/product-tag/rattan-sticks/	https://progressivemartialarts.com.au/wp-content/uploads/2022/10/PMA-logo-2020-11250X60-11.png
https://progressivemartialarts.com.au/product-tag/rattan-sticks/	https://progressivemartialarts.com.au/wp-content/uploads/2022/10/PMA-logo-2020-12.png
https://progressivemartialarts.com.au/product-tag/rattan-sticks/	https://progressivemartialarts.com.au/wp-content/uploads/2023/02/Sticks-2026-600x145.jpg
https://progressivemartialarts.com.au/product-tag/regino-ilustrisimo/	https://firstsight.design/cherie/beauty/wp-content/uploads/2020/10/Shopping-Cart.svg
https://progressivemartialarts.com.au/product-tag/regino-ilustrisimo/	https://progressivemartialarts.com.au/wp-content/uploads/2022/10/2014-04-Lacost-Illus-600x1004.jpg
https://progressivemartialarts.com.au/product-tag/regino-ilustrisimo/	https://progressivemartialarts.com.au/wp-content/uploads/2022/10/PMA-logo-2020-11250X60-11.png
https://progressivemartialarts.com.au/product-tag/regino-ilustrisimo/	https://progressivemartialarts.com.au/wp-content/uploads/2022/10/PMA-logo-2020-12.png
https://progressivemartialarts.com.au/product-tag/rigan-machado/	https://firstsight.design/cherie/beauty/wp-content/uploads/2020/10/Shopping-Cart.svg
https://progressivemartialarts.com.au/product-tag/rigan-machado/	https://progressivemartialarts.com.au/wp-content/uploads/2022/10/PMA-logo-2020-11250X60-11.png
https://progressivemartialarts.com.au/product-tag/rigan-machado/	https://progressivemartialarts.com.au/wp-content/uploads/2022/10/PMA-logo-2020-12.png
https://progressivemartialarts.com.au/product-tag/rigan-machado/	https://progressivemartialarts.com.au/wp-content/uploads/2022/10/dvd_machado_seminar_2008_360x_2ddbd4b2-e664-4ba9-a206-31ae86b47658.jpg
https://progressivemartialarts.com.au/product-tag/roger-machado/	https://firstsight.design/cherie/beauty/wp-content/uploads/2020/10/Shopping-Cart.svg
https://progressivemartialarts.com.au/product-tag/roger-machado/	https://progressivemartialarts.com.au/wp-content/uploads/2022/10/PMA-logo-2020-11250X60-11.png
https://progressivemartialarts.com.au/product-tag/roger-machado/	https://progressivemartialarts.com.au/wp-content/uploads/2022/10/PMA-logo-2020-12.png
https://progressivemartialarts.com.au/product-tag/roger-machado/	https://progressivemartialarts.com.au/wp-content/uploads/2022/10/dvd_machado_seminar_2008_360x_2ddbd4b2-e664-4ba9-a206-31ae86b47658.jpg
https://progressivemartialarts.com.au/product-tag/sarong/	https://firstsight.design/cherie/beauty/wp-content/uploads/2020/10/Shopping-Cart.svg
https://progressivemartialarts.com.au/product-tag/sarong/	https://progressivemartialarts.com.au/wp-content/uploads/2022/10/2012-06-Silat-Camp.1-copy.jpg
https://progressivemartialarts.com.au/product-tag/sarong/	https://progressivemartialarts.com.au/wp-content/uploads/2022/10/2012-13-Mixed-Arts-2-disc-600x1002.jpg
https://progressivemartialarts.com.au/product-tag/sarong/	https://progressivemartialarts.com.au/wp-content/uploads/2022/10/2012-14-Silat-600x922.jpg
https://progressivemartialarts.com.au/product-tag/sarong/	https://progressivemartialarts.com.au/wp-content/uploads/2022/10/2014-06-Silat-Camp.1.jpg
https://progressivemartialarts.com.au/product-tag/sarong/	https://progressivemartialarts.com.au/wp-content/uploads/2022/10/2014-06-Silat-Camp.jpg
https://progressivemartialarts.com.au/product-tag/sarong/	https://progressivemartialarts.com.au/wp-content/uploads/2022/10/2015-17-Flexible-December.1.jpg
https://progressivemartialarts.com.au/product-tag/sarong/	https://progressivemartialarts.com.au/wp-content/uploads/2022/10/Heavens-Drums-front-600x601.jpeg
https://progressivemartialarts.com.au/product-tag/sarong/	https://progressivemartialarts.com.au/wp-content/uploads/2022/10/PMA-logo-2020-11250X60-11.png
https://progressivemartialarts.com.au/product-tag/sarong/	https://progressivemartialarts.com.au/wp-content/uploads/2022/10/PMA-logo-2020-12.png
https://progressivemartialarts.com.au/product-tag/sarong/	https://progressivemartialarts.com.au/wp-content/uploads/2026/04/2013-13-Mixed-Arts-4-disc-600x991.jpg
https://progressivemartialarts.com.au/product-tag/sarong/	https://progressivemartialarts.com.au/wp-content/uploads/2026/04/2013-15-Disarms-600x978.jpg
https://progressivemartialarts.com.au/product-tag/sarong/	https://progressivemartialarts.com.au/wp-content/uploads/2026/04/2015-05-Flexible-march.jpg
https://progressivemartialarts.com.au/product-tag/sarong/	https://progressivemartialarts.com.au/wp-content/uploads/2026/04/2015-06-Silat-Camp.1.jpg
https://progressivemartialarts.com.au/product-tag/sarong/	https://progressivemartialarts.com.au/wp-content/uploads/2026/04/2017-05-SarongMalong-3.1.jpg
https://progressivemartialarts.com.au/product-tag/sarong/	https://progressivemartialarts.com.au/wp-content/uploads/2026/04/2017-16-Maphilindo-Silat-1-600x847.jpg
https://progressivemartialarts.com.au/product-tag/sarong/	https://progressivemartialarts.com.au/wp-content/uploads/2026/04/2026-11-20-Australia-Tour3.1-600x776.jpeg
https://progressivemartialarts.com.au/product-tag/seama/	https://firstsight.design/cherie/beauty/wp-content/uploads/2020/10/Shopping-Cart.svg
https://progressivemartialarts.com.au/product-tag/seama/	https://progressivemartialarts.com.au/wp-content/uploads/2022/10/PMA-logo-2020-11250X60-11.png
https://progressivemartialarts.com.au/product-tag/seama/	https://progressivemartialarts.com.au/wp-content/uploads/2022/10/PMA-logo-2020-12.png
https://progressivemartialarts.com.au/product-tag/seama/	https://progressivemartialarts.com.au/wp-content/uploads/2026/04/2017-12-Thai-Boxing-1-600x823.jpg
https://progressivemartialarts.com.au/product-tag/seama/	https://progressivemartialarts.com.au/wp-content/uploads/2026/04/2018-12-Thai-Boxing-1-600x851.jpg
https://progressivemartialarts.com.au/product-tag/seama/	https://progressivemartialarts.com.au/wp-content/uploads/2026/04/2023-12-Thai-Boxing-1-600x788.jpg
https://progressivemartialarts.com.au/product-tag/self-defence/	https://firstsight.design/cherie/beauty/wp-content/uploads/2020/10/Shopping-Cart.svg
https://progressivemartialarts.com.au/product-tag/self-defence/	https://progressivemartialarts.com.au/wp-content/uploads/2022/10/2016-australian-tour-singlet-600x600.jpg
https://progressivemartialarts.com.au/product-tag/self-defence/	https://progressivemartialarts.com.au/wp-content/uploads/2022/10/Definitive_01_2048x2048_8f5b3c99-52db-47cc-bb4b-5d53337ceb9b-600x400.jpg
https://progressivemartialarts.com.au/product-tag/self-defence/	https://progressivemartialarts.com.au/wp-content/uploads/2022/10/Gi-Patch-IAMA-Large-600x572.jpg
https://progressivemartialarts.com.au/product-tag/self-defence/	https://progressivemartialarts.com.au/wp-content/uploads/2022/10/IAMA-Hoodie-BandG-e1781059471389.jpeg
https://progressivemartialarts.com.au/product-tag/self-defence/	https://progressivemartialarts.com.au/wp-content/uploads/2022/10/IAMA-Spaghetti.jpeg
https://progressivemartialarts.com.au/product-tag/self-defence/	https://progressivemartialarts.com.au/wp-content/uploads/2022/10/IAMA-Windbreaker.jpeg
https://progressivemartialarts.com.au/product-tag/self-defence/	https://progressivemartialarts.com.au/wp-content/uploads/2022/10/PMA-logo-2020-11250X60-11.png
https://progressivemartialarts.com.au/product-tag/self-defence/	https://progressivemartialarts.com.au/wp-content/uploads/2022/10/PMA-logo-2020-12.png
https://progressivemartialarts.com.au/product-tag/self-defence/	https://progressivemartialarts.com.au/wp-content/uploads/2022/10/Shorts-Black-Gold.jpg
https://progressivemartialarts.com.au/product-tag/self-defence/	https://progressivemartialarts.com.au/wp-content/uploads/2022/10/Shorts-Black-Red-Gold.jpg.jpeg
https://progressivemartialarts.com.au/product-tag/self-defence/	https://progressivemartialarts.com.au/wp-content/uploads/2022/10/Tank-Lacoste.jpeg
https://progressivemartialarts.com.au/product-tag/self-defence/	https://progressivemartialarts.com.au/wp-content/uploads/2022/10/inosanto-absorb-what-is-useful-singlet-e1776830771357.jpg
https://progressivemartialarts.com.au/product-tag/self-defence/	https://progressivemartialarts.com.au/wp-content/uploads/2022/10/inosanto-academy-long-sleeve-rash-vest.jpg
https://progressivemartialarts.com.au/product-tag/self-defence/	https://progressivemartialarts.com.au/wp-content/uploads/2022/10/inosanto-academy-short-sleeve-rash-vest-e1778982686103.jpg
https://progressivemartialarts.com.au/product-tag/self-defence/	https://progressivemartialarts.com.au/wp-content/uploads/2022/10/inosanto-kali-singlet-e1776826437760.jpg
https://progressivemartialarts.com.au/product-tag/self-defence/	https://progressivemartialarts.com.au/wp-content/uploads/2026/06/Rashguard-Black-wRed-600x450.webp
https://progressivemartialarts.com.au/product-tag/self-defense/	https://firstsight.design/cherie/beauty/wp-content/uploads/2020/10/Shopping-Cart.svg
https://progressivemartialarts.com.au/product-tag/self-defense/	https://progressivemartialarts.com.au/wp-content/uploads/2022/10/PMA-logo-2020-11250X60-11.png
https://progressivemartialarts.com.au/product-tag/self-defense/	https://progressivemartialarts.com.au/wp-content/uploads/2022/10/PMA-logo-2020-12.png
https://progressivemartialarts.com.au/product-tag/self-defense/	https://progressivemartialarts.com.au/wp-content/uploads/2022/10/image_82fa5c0c-07d7-42de-b015-40813f3fb6bc-600x450.webp
https://progressivemartialarts.com.au/product-tag/shield/	https://firstsight.design/cherie/beauty/wp-content/uploads/2020/10/Shopping-Cart.svg
https://progressivemartialarts.com.au/product-tag/shield/	https://progressivemartialarts.com.au/wp-content/uploads/2022/10/PMA-logo-2020-11250X60-11.png
https://progressivemartialarts.com.au/product-tag/shield/	https://progressivemartialarts.com.au/wp-content/uploads/2022/10/PMA-logo-2020-12.png
https://progressivemartialarts.com.au/product-tag/shield/	https://progressivemartialarts.com.au/wp-content/uploads/2026/04/2017-17-Weaponry-Disarms-1-600x845.jpg
https://progressivemartialarts.com.au/product-tag/shoot-wrestling/	https://firstsight.design/cherie/beauty/wp-content/uploads/2020/10/Shopping-Cart.svg
https://progressivemartialarts.com.au/product-tag/shoot-wrestling/	https://progressivemartialarts.com.au/wp-content/uploads/2022/10/PMA-logo-2020-11250X60-11.png
https://progressivemartialarts.com.au/product-tag/shoot-wrestling/	https://progressivemartialarts.com.au/wp-content/uploads/2022/10/PMA-logo-2020-12.png
https://progressivemartialarts.com.au/product-tag/shoot-wrestling/	https://progressivemartialarts.com.au/wp-content/uploads/2025/04/2019-18-Locks-and-Controls-1-600x848.jpg
https://progressivemartialarts.com.au/product-tag/shoot-wrestling/	https://progressivemartialarts.com.au/wp-content/uploads/2026/04/2015-04-Joint-Locking.jpg
https://progressivemartialarts.com.au/product-tag/shoot-wrestling/	https://progressivemartialarts.com.au/wp-content/uploads/2026/04/2017-18-Locks-and-Controls-1-600x751.jpg
https://progressivemartialarts.com.au/product-tag/shoot-wrestling/	https://progressivemartialarts.com.au/wp-content/uploads/2026/04/2018-18-Locks-and-Controls-1-600x827.jpg
https://progressivemartialarts.com.au/product-tag/shoot-wrestling/	https://progressivemartialarts.com.au/wp-content/uploads/2026/04/2023-18-Lock-and-Controls-1-600x814.jpg
https://progressivemartialarts.com.au/product-tag/shooto/	https://firstsight.design/cherie/beauty/wp-content/uploads/2020/10/Shopping-Cart.svg
https://progressivemartialarts.com.au/product-tag/shooto/	https://progressivemartialarts.com.au/wp-content/uploads/2022/10/PMA-logo-2020-11250X60-11.png
https://progressivemartialarts.com.au/product-tag/shooto/	https://progressivemartialarts.com.au/wp-content/uploads/2022/10/PMA-logo-2020-12.png
https://progressivemartialarts.com.au/product-tag/shooto/	https://progressivemartialarts.com.au/wp-content/uploads/2025/04/2019-18-Locks-and-Controls-1-600x848.jpg
https://progressivemartialarts.com.au/product-tag/shooto/	https://progressivemartialarts.com.au/wp-content/uploads/2026/04/2015-04-Joint-Locking.jpg
https://progressivemartialarts.com.au/product-tag/shooto/	https://progressivemartialarts.com.au/wp-content/uploads/2026/04/2017-18-Locks-and-Controls-1-600x751.jpg
https://progressivemartialarts.com.au/product-tag/shooto/	https://progressivemartialarts.com.au/wp-content/uploads/2026/04/2018-18-Locks-and-Controls-1-600x827.jpg
https://progressivemartialarts.com.au/product-tag/shooto/	https://progressivemartialarts.com.au/wp-content/uploads/2026/04/2023-18-Lock-and-Controls-1-600x814.jpg
https://progressivemartialarts.com.au/product-tag/shorts/	https://firstsight.design/cherie/beauty/wp-content/uploads/2020/10/Shopping-Cart.svg
https://progressivemartialarts.com.au/product-tag/shorts/	https://progressivemartialarts.com.au/wp-content/uploads/2022/10/PMA-logo-2020-11250X60-11.png
https://progressivemartialarts.com.au/product-tag/shorts/	https://progressivemartialarts.com.au/wp-content/uploads/2022/10/PMA-logo-2020-12.png
https://progressivemartialarts.com.au/product-tag/shorts/	https://progressivemartialarts.com.au/wp-content/uploads/2022/10/Shorts-Black-Gold.jpg
https://progressivemartialarts.com.au/product-tag/shorts/	https://progressivemartialarts.com.au/wp-content/uploads/2022/10/Shorts-Black-Red-Gold.jpg.jpeg
https://progressivemartialarts.com.au/product-tag/shorts/	https://progressivemartialarts.com.au/wp-content/uploads/2022/10/Shorts-MMA-Black-Gold.jpg.jpeg
https://progressivemartialarts.com.au/product-tag/shorts/	https://progressivemartialarts.com.au/wp-content/uploads/2022/10/WTBA-Shorts-classic.jpeg
https://progressivemartialarts.com.au/product-tag/shorts/	https://progressivemartialarts.com.au/wp-content/uploads/2022/10/revgear-thai-shorts-various-colours-2.jpg
https://progressivemartialarts.com.au/product-tag/sifu-bruce-lee/	https://firstsight.design/cherie/beauty/wp-content/uploads/2020/10/Shopping-Cart.svg
https://progressivemartialarts.com.au/product-tag/sifu-bruce-lee/	https://progressivemartialarts.com.au/wp-content/uploads/2022/10/122-600x400.jpg
https://progressivemartialarts.com.au/product-tag/sifu-bruce-lee/	https://progressivemartialarts.com.au/wp-content/uploads/2022/10/124-600x831.jpg
https://progressivemartialarts.com.au/product-tag/sifu-bruce-lee/	https://progressivemartialarts.com.au/wp-content/uploads/2022/10/Kimura-poster.jpeg
https://progressivemartialarts.com.au/product-tag/sifu-bruce-lee/	https://progressivemartialarts.com.au/wp-content/uploads/2022/10/PMA-logo-2020-11250X60-11.png
https://progressivemartialarts.com.au/product-tag/sifu-bruce-lee/	https://progressivemartialarts.com.au/wp-content/uploads/2022/10/PMA-logo-2020-12.png
https://progressivemartialarts.com.au/product-tag/sifu-bruce-lee/	https://progressivemartialarts.com.au/wp-content/uploads/2023/02/IMG2472.jpg
https://progressivemartialarts.com.au/product-tag/sifu-dan-inosanto/	https://firstsight.design/cherie/beauty/wp-content/uploads/2020/10/Shopping-Cart.svg
https://progressivemartialarts.com.au/product-tag/sifu-dan-inosanto/	https://progressivemartialarts.com.au/wp-content/uploads/2022/10/124-600x831.jpg
https://progressivemartialarts.com.au/product-tag/sifu-dan-inosanto/	https://progressivemartialarts.com.au/wp-content/uploads/2022/10/2012-08-Sensitivity-600x1002.jpg
https://progressivemartialarts.com.au/product-tag/sifu-dan-inosanto/	https://progressivemartialarts.com.au/wp-content/uploads/2022/10/Definitive_01_2048x2048_7fa1114a-03e2-4400-bf69-f9dc5fdd1f0f-600x400.jpg
https://progressivemartialarts.com.au/product-tag/sifu-dan-inosanto/	https://progressivemartialarts.com.au/wp-content/uploads/2022/10/Definitive_02_2048x2048_df219c76-3996-49b6-9896-66a91235e7be-600x401.jpg
https://progressivemartialarts.com.au/product-tag/sifu-dan-inosanto/	https://progressivemartialarts.com.au/wp-content/uploads/2022/10/Definitive_03_2048x2048_1796fc76-3f94-4109-b5d1-d17005e65c67-600x402.jpg
https://progressivemartialarts.com.au/product-tag/sifu-dan-inosanto/	https://progressivemartialarts.com.au/wp-content/uploads/2022/10/PMA-logo-2020-11250X60-11.png
https://progressivemartialarts.com.au/product-tag/sifu-dan-inosanto/	https://progressivemartialarts.com.au/wp-content/uploads/2022/10/PMA-logo-2020-12.png
https://progressivemartialarts.com.au/product-tag/sifu-dan-inosanto/	https://progressivemartialarts.com.au/wp-content/uploads/2022/10/baseball-absorb-black-grey-store_360x_ffca1cc8-90ef-4233-861d-f21c71234481.jpg
https://progressivemartialarts.com.au/product-tag/sifu-dan-inosanto/	https://progressivemartialarts.com.au/wp-content/uploads/2022/10/baseball-absorb-blue-gold-front_360x_ce6cd087-2dde-4485-ab52-685c651bf450.jpg
https://progressivemartialarts.com.au/product-tag/sifu-dan-inosanto/	https://progressivemartialarts.com.au/wp-content/uploads/2022/10/inosanto-absorb-what-is-useful-singlet-e1776830771357.jpg
https://progressivemartialarts.com.au/product-tag/sifu-dan-inosanto/	https://progressivemartialarts.com.au/wp-content/uploads/2023/02/IMG2472.jpg
https://progressivemartialarts.com.au/product-tag/sifu-dan-inosanto/	https://progressivemartialarts.com.au/wp-content/uploads/2026/04/2013-14-Jun-FanJKD-600x997.jpg
https://progressivemartialarts.com.au/product-tag/sifu-dan-inosanto/	https://progressivemartialarts.com.au/wp-content/uploads/2026/04/2023-15-JKD-1-600x818.jpg
https://progressivemartialarts.com.au/product-tag/sifu-francis-fong/	https://firstsight.design/cherie/beauty/wp-content/uploads/2020/10/Shopping-Cart.svg
https://progressivemartialarts.com.au/product-tag/sifu-francis-fong/	https://progressivemartialarts.com.au/wp-content/uploads/2022/10/PMA-logo-2020-11250X60-11.png
https://progressivemartialarts.com.au/product-tag/sifu-francis-fong/	https://progressivemartialarts.com.au/wp-content/uploads/2022/10/PMA-logo-2020-12.png
https://progressivemartialarts.com.au/product-tag/sifu-francis-fong/	https://progressivemartialarts.com.au/wp-content/uploads/2022/10/dvd-wingchun-mma_540x_3a7a76b0-19be-48e3-86fc-5b0ebd10b420.jpg
https://progressivemartialarts.com.au/product-tag/sifu-francis-fong/	https://progressivemartialarts.com.au/wp-content/uploads/2022/10/fong-book_360x_a71ad87f-c701-4e8e-b028-c11666e78792.jpg
https://progressivemartialarts.com.au/product-tag/sifu-francis-fong/	https://progressivemartialarts.com.au/wp-content/uploads/2022/10/tshirt-legends-15-front-250_2048x2048_b7e67ca9-27ec-4d10-b37c-79a81b72a14b_360x.jpg
https://progressivemartialarts.com.au/product-tag/sifu-francis-fong/	https://progressivemartialarts.com.au/wp-content/uploads/2026/04/2026-11-Sifu-Fong-Australia.1-2-600x776.jpeg
https://progressivemartialarts.com.au/product-tag/sifu-francis-fong/	https://progressivemartialarts.com.au/wp-content/uploads/2026/08/fong_DVD_masters.jpg
https://progressivemartialarts.com.au/product-tag/sifu-taky-kimura/	https://firstsight.design/cherie/beauty/wp-content/uploads/2020/10/Shopping-Cart.svg
https://progressivemartialarts.com.au/product-tag/sifu-taky-kimura/	https://progressivemartialarts.com.au/wp-content/uploads/2022/10/Kimura-poster.jpeg
https://progressivemartialarts.com.au/product-tag/sifu-taky-kimura/	https://progressivemartialarts.com.au/wp-content/uploads/2022/10/PMA-logo-2020-11250X60-11.png
https://progressivemartialarts.com.au/product-tag/sifu-taky-kimura/	https://progressivemartialarts.com.au/wp-content/uploads/2022/10/PMA-logo-2020-12.png
https://progressivemartialarts.com.au/product-tag/sifu/	https://firstsight.design/cherie/beauty/wp-content/uploads/2020/10/Shopping-Cart.svg
https://progressivemartialarts.com.au/product-tag/sifu/	https://progressivemartialarts.com.au/wp-content/uploads/2022/10/2013-07-Legends.1-1.jpg
https://progressivemartialarts.com.au/product-tag/sifu/	https://progressivemartialarts.com.au/wp-content/uploads/2022/10/2015-07-Legends.1.jpg
https://progressivemartialarts.com.au/product-tag/sifu/	https://progressivemartialarts.com.au/wp-content/uploads/2022/10/2016-07-Legends.1.jpg
https://progressivemartialarts.com.au/product-tag/sifu/	https://progressivemartialarts.com.au/wp-content/uploads/2022/10/PMA-logo-2020-11250X60-11.png
https://progressivemartialarts.com.au/product-tag/sifu/	https://progressivemartialarts.com.au/wp-content/uploads/2022/10/PMA-logo-2020-12.png
https://progressivemartialarts.com.au/product-tag/sifu/	https://progressivemartialarts.com.au/wp-content/uploads/2025/04/2019-15-JKD-1-600x844.jpg
https://progressivemartialarts.com.au/product-tag/sifu/	https://progressivemartialarts.com.au/wp-content/uploads/2025/04/2024-07-Legends.1.jpg
https://progressivemartialarts.com.au/product-tag/sifu/	https://progressivemartialarts.com.au/wp-content/uploads/2026/04/2016-13-Mixed-Arts-Sat.1.jpg
https://progressivemartialarts.com.au/product-tag/sifu/	https://progressivemartialarts.com.au/wp-content/uploads/2026/04/2016-14-Mixed-Arts-Sun.1.jpg
https://progressivemartialarts.com.au/product-tag/sifu/	https://progressivemartialarts.com.au/wp-content/uploads/2026/04/2017-13-Mixed-day-1-1-600x793.jpg
https://progressivemartialarts.com.au/product-tag/sifu/	https://progressivemartialarts.com.au/wp-content/uploads/2026/04/2017-14-Mixed-day-2-1-600x825.jpg
https://progressivemartialarts.com.au/product-tag/sifu/	https://progressivemartialarts.com.au/wp-content/uploads/2026/04/2017-15-JKD-1-600x777.jpg
https://progressivemartialarts.com.au/product-tag/sifu/	https://progressivemartialarts.com.au/wp-content/uploads/2026/04/2018-13-Mixed-Arts-day-1-600x853.jpg
https://progressivemartialarts.com.au/product-tag/sifu/	https://progressivemartialarts.com.au/wp-content/uploads/2026/04/2018-14-Mixed-Arts-day-2-1-600x794.jpg
https://progressivemartialarts.com.au/product-tag/sifu/	https://progressivemartialarts.com.au/wp-content/uploads/2026/04/2018-15-JKD-1-600x848.jpg
https://progressivemartialarts.com.au/product-tag/sifu/	https://progressivemartialarts.com.au/wp-content/uploads/2026/04/2023-14-Mixed-day-2-1-600x830.jpg
https://progressivemartialarts.com.au/product-tag/singlet/	https://firstsight.design/cherie/beauty/wp-content/uploads/2020/10/Shopping-Cart.svg
https://progressivemartialarts.com.au/product-tag/singlet/	https://progressivemartialarts.com.au/wp-content/uploads/2022/10/2016-australian-tour-singlet-600x600.jpg
https://progressivemartialarts.com.au/product-tag/singlet/	https://progressivemartialarts.com.au/wp-content/uploads/2022/10/20191213_103249-600x668.jpg
https://progressivemartialarts.com.au/product-tag/singlet/	https://progressivemartialarts.com.au/wp-content/uploads/2022/10/IAMA-Spaghetti.jpeg
https://progressivemartialarts.com.au/product-tag/singlet/	https://progressivemartialarts.com.au/wp-content/uploads/2022/10/PMA-logo-2020-11250X60-11.png
https://progressivemartialarts.com.au/product-tag/singlet/	https://progressivemartialarts.com.au/wp-content/uploads/2022/10/PMA-logo-2020-12.png
https://progressivemartialarts.com.au/product-tag/singlet/	https://progressivemartialarts.com.au/wp-content/uploads/2022/10/Tank-Lacoste.jpeg
https://progressivemartialarts.com.au/product-tag/singlet/	https://progressivemartialarts.com.au/wp-content/uploads/2022/10/WTBA-Tanktop-classic.jpeg
https://progressivemartialarts.com.au/product-tag/singlet/	https://progressivemartialarts.com.au/wp-content/uploads/2022/10/inosanto-absorb-what-is-useful-singlet-e1776830771357.jpg
https://progressivemartialarts.com.au/product-tag/singlet/	https://progressivemartialarts.com.au/wp-content/uploads/2022/10/inosanto-kali-singlet-e1776826437760.jpg
https://progressivemartialarts.com.au/product-tag/singlet/	https://progressivemartialarts.com.au/wp-content/uploads/2023/02/IMG2486.jpg.jpg
https://progressivemartialarts.com.au/product-tag/southeast-asian/	https://firstsight.design/cherie/beauty/wp-content/uploads/2020/10/Shopping-Cart.svg
https://progressivemartialarts.com.au/product-tag/southeast-asian/	https://progressivemartialarts.com.au/wp-content/uploads/2022/10/PMA-logo-2020-11250X60-11.png
https://progressivemartialarts.com.au/product-tag/southeast-asian/	https://progressivemartialarts.com.au/wp-content/uploads/2022/10/PMA-logo-2020-12.png
https://progressivemartialarts.com.au/product-tag/southeast-asian/	https://progressivemartialarts.com.au/wp-content/uploads/2026/04/2016-10-Cambodian.1.jpg
https://progressivemartialarts.com.au/product-tag/spear/	https://firstsight.design/cherie/beauty/wp-content/uploads/2020/10/Shopping-Cart.svg
https://progressivemartialarts.com.au/product-tag/spear/	https://progressivemartialarts.com.au/wp-content/uploads/2022/10/2012-10-Abecedario-600x1009.jpg
https://progressivemartialarts.com.au/product-tag/spear/	https://progressivemartialarts.com.au/wp-content/uploads/2022/10/PMA-logo-2020-11250X60-11.png
https://progressivemartialarts.com.au/product-tag/spear/	https://progressivemartialarts.com.au/wp-content/uploads/2022/10/PMA-logo-2020-12.png
https://progressivemartialarts.com.au/product-tag/spear/	https://progressivemartialarts.com.au/wp-content/uploads/2026/04/2017-08-Staff-day-1-1-600x767.jpg
https://progressivemartialarts.com.au/product-tag/spear/	https://progressivemartialarts.com.au/wp-content/uploads/2026/04/2017-09-Staff-day-2-1-600x800.jpg
https://progressivemartialarts.com.au/product-tag/spear/	https://progressivemartialarts.com.au/wp-content/uploads/2026/04/2018-04-Weaponry-1-600x831.jpg
https://progressivemartialarts.com.au/product-tag/staff/	https://firstsight.design/cherie/beauty/wp-content/uploads/2020/10/Shopping-Cart.svg
https://progressivemartialarts.com.au/product-tag/staff/	https://progressivemartialarts.com.au/wp-content/uploads/2022/10/2012-10-Abecedario-600x1009.jpg
https://progressivemartialarts.com.au/product-tag/staff/	https://progressivemartialarts.com.au/wp-content/uploads/2022/10/PMA-logo-2020-11250X60-11.png
https://progressivemartialarts.com.au/product-tag/staff/	https://progressivemartialarts.com.au/wp-content/uploads/2022/10/PMA-logo-2020-12.png
https://progressivemartialarts.com.au/product-tag/staff/	https://progressivemartialarts.com.au/wp-content/uploads/2025/04/2024-07-Legends.1.jpg
https://progressivemartialarts.com.au/product-tag/staff/	https://progressivemartialarts.com.au/wp-content/uploads/2026/04/2015-09-Abecedario-day-2.H.1.jpg
https://progressivemartialarts.com.au/product-tag/staff/	https://progressivemartialarts.com.au/wp-content/uploads/2026/04/2017-08-Staff-day-1-1-600x767.jpg
https://progressivemartialarts.com.au/product-tag/staff/	https://progressivemartialarts.com.au/wp-content/uploads/2026/04/2017-09-Staff-day-2-1-600x800.jpg
https://progressivemartialarts.com.au/product-tag/staff/	https://progressivemartialarts.com.au/wp-content/uploads/2026/04/2018-04-Weaponry-1-600x831.jpg
https://progressivemartialarts.com.au/product-tag/staff/	https://progressivemartialarts.com.au/wp-content/uploads/2026/04/2018-14-Mixed-Arts-day-2-1-600x794.jpg
https://progressivemartialarts.com.au/product-tag/staff/	https://progressivemartialarts.com.au/wp-content/uploads/2026/04/2019-16-Weaponry-1-600x858.jpg
https://progressivemartialarts.com.au/product-tag/stick-and-dagger/	https://firstsight.design/cherie/beauty/wp-content/uploads/2020/10/Shopping-Cart.svg
https://progressivemartialarts.com.au/product-tag/stick-and-dagger/	https://progressivemartialarts.com.au/wp-content/uploads/2022/10/2012-09-Stck-and-Dagger-600x986.jpg
https://progressivemartialarts.com.au/product-tag/stick-and-dagger/	https://progressivemartialarts.com.au/wp-content/uploads/2022/10/2012-10-Abecedario-600x1009.jpg
https://progressivemartialarts.com.au/product-tag/stick-and-dagger/	https://progressivemartialarts.com.au/wp-content/uploads/2022/10/2012-13-Mixed-Arts-2-disc-600x1002.jpg
https://progressivemartialarts.com.au/product-tag/stick-and-dagger/	https://progressivemartialarts.com.au/wp-content/uploads/2022/10/2015-16-Stick-and-Dagger.1.jpg
https://progressivemartialarts.com.au/product-tag/stick-and-dagger/	https://progressivemartialarts.com.au/wp-content/uploads/2022/10/PMA-logo-2020-11250X60-11.png
https://progressivemartialarts.com.au/product-tag/stick-and-dagger/	https://progressivemartialarts.com.au/wp-content/uploads/2022/10/PMA-logo-2020-12.png
https://progressivemartialarts.com.au/product-tag/stick-and-dagger/	https://progressivemartialarts.com.au/wp-content/uploads/2022/10/Training-Dagger-02-600x450.jpg
https://progressivemartialarts.com.au/product-tag/stick-and-dagger/	https://progressivemartialarts.com.au/wp-content/uploads/2023/02/9FC67EC4-82BE-4EAF-BB28-15B9CAFE5029-600x449.jpeg
https://progressivemartialarts.com.au/product-tag/stick-and-dagger/	https://progressivemartialarts.com.au/wp-content/uploads/2025/08/IMG_9525-2-600x800.jpeg
https://progressivemartialarts.com.au/product-tag/stick-and-dagger/	https://progressivemartialarts.com.au/wp-content/uploads/2025/08/IMG_9531-2-600x800.jpeg
https://progressivemartialarts.com.au/product-tag/stick-and-dagger/	https://progressivemartialarts.com.au/wp-content/uploads/2025/08/IMG_9547-2-scaled-e1777422171489-600x800.jpeg
https://progressivemartialarts.com.au/product-tag/stick-and-dagger/	https://progressivemartialarts.com.au/wp-content/uploads/2026/04/2013-04-12-Areas-1-600x942.jpg
https://progressivemartialarts.com.au/product-tag/stick-and-dagger/	https://progressivemartialarts.com.au/wp-content/uploads/2026/04/2013-13-Mixed-Arts-4-disc-600x991.jpg
https://progressivemartialarts.com.au/product-tag/stick-and-dagger/	https://progressivemartialarts.com.au/wp-content/uploads/2026/04/2013-15-Disarms-600x978.jpg
https://progressivemartialarts.com.au/product-tag/stick-and-dagger/	https://progressivemartialarts.com.au/wp-content/uploads/2026/04/2015-09-Abecedario-day-2.H.1.jpg
https://progressivemartialarts.com.au/product-tag/stick-and-dagger/	https://progressivemartialarts.com.au/wp-content/uploads/2026/04/2026-11-20-Australia-Tour3.1-600x776.jpeg
https://progressivemartialarts.com.au/product-tag/stick-dagger/	https://firstsight.design/cherie/beauty/wp-content/uploads/2020/10/Shopping-Cart.svg
https://progressivemartialarts.com.au/product-tag/stick-dagger/	https://progressivemartialarts.com.au/wp-content/uploads/2022/10/PMA-logo-2020-11250X60-11.png
https://progressivemartialarts.com.au/product-tag/stick-dagger/	https://progressivemartialarts.com.au/wp-content/uploads/2022/10/PMA-logo-2020-12.png
https://progressivemartialarts.com.au/product-tag/stick-dagger/	https://progressivemartialarts.com.au/wp-content/uploads/2026/04/2017-04-Stick-Dagger-1-600x797.jpg
https://progressivemartialarts.com.au/product-tag/stick/	https://firstsight.design/cherie/beauty/wp-content/uploads/2020/10/Shopping-Cart.svg
https://progressivemartialarts.com.au/product-tag/stick/	https://progressivemartialarts.com.au/wp-content/uploads/2022/10/PMA-logo-2020-11250X60-11.png
https://progressivemartialarts.com.au/product-tag/stick/	https://progressivemartialarts.com.au/wp-content/uploads/2022/10/PMA-logo-2020-12.png
https://progressivemartialarts.com.au/product-tag/stick/	https://progressivemartialarts.com.au/wp-content/uploads/2026/04/2013-04-12-Areas-1-600x942.jpg
https://progressivemartialarts.com.au/product-tag/sticks/	https://firstsight.design/cherie/beauty/wp-content/uploads/2020/10/Shopping-Cart.svg
https://progressivemartialarts.com.au/product-tag/sticks/	https://progressivemartialarts.com.au/wp-content/uploads/2022/10/PMA-logo-2020-11250X60-11.png
https://progressivemartialarts.com.au/product-tag/sticks/	https://progressivemartialarts.com.au/wp-content/uploads/2022/10/PMA-logo-2020-12.png
https://progressivemartialarts.com.au/product-tag/sticks/	https://progressivemartialarts.com.au/wp-content/uploads/2022/10/Padded-Sticks-all-3-600x454.jpg
https://progressivemartialarts.com.au/product-tag/sticky-hands/	https://firstsight.design/cherie/beauty/wp-content/uploads/2020/10/Shopping-Cart.svg
https://progressivemartialarts.com.au/product-tag/sticky-hands/	https://progressivemartialarts.com.au/wp-content/uploads/2022/10/2012-08-Sensitivity-600x1002.jpg
https://progressivemartialarts.com.au/product-tag/sticky-hands/	https://progressivemartialarts.com.au/wp-content/uploads/2022/10/PMA-logo-2020-11250X60-11.png
https://progressivemartialarts.com.au/product-tag/sticky-hands/	https://progressivemartialarts.com.au/wp-content/uploads/2022/10/PMA-logo-2020-12.png
https://progressivemartialarts.com.au/product-tag/stockton-california-usa/	https://firstsight.design/cherie/beauty/wp-content/uploads/2020/10/Shopping-Cart.svg
https://progressivemartialarts.com.au/product-tag/stockton-california-usa/	https://progressivemartialarts.com.au/wp-content/uploads/2022/10/2010_calendar_360x_f12e80dc-3edf-4d16-83e4-eb93056880eb.jpg
https://progressivemartialarts.com.au/product-tag/stockton-california-usa/	https://progressivemartialarts.com.au/wp-content/uploads/2022/10/PMA-logo-2020-11250X60-11.png
https://progressivemartialarts.com.au/product-tag/stockton-california-usa/	https://progressivemartialarts.com.au/wp-content/uploads/2022/10/PMA-logo-2020-12.png
https://progressivemartialarts.com.au/product-tag/sulite-dvd/	https://firstsight.design/cherie/beauty/wp-content/uploads/2020/10/Shopping-Cart.svg
https://progressivemartialarts.com.au/product-tag/sulite-dvd/	https://progressivemartialarts.com.au/wp-content/uploads/2022/10/PMA-logo-2020-11250X60-11.png
https://progressivemartialarts.com.au/product-tag/sulite-dvd/	https://progressivemartialarts.com.au/wp-content/uploads/2022/10/PMA-logo-2020-12.png
https://progressivemartialarts.com.au/product-tag/sulite-dvd/	https://progressivemartialarts.com.au/wp-content/uploads/2022/10/laban-laro-01_360x_2a3b2d00-6a71-43fd-8a29-aba6f5d7ee2b.png
https://progressivemartialarts.com.au/product-tag/sulite-dvd/	https://progressivemartialarts.com.au/wp-content/uploads/2022/10/laban-laro-02_360x_d7adccce-35f0-472f-974c-1132eb007a23.png
https://progressivemartialarts.com.au/product-tag/sulite-dvd/	https://progressivemartialarts.com.au/wp-content/uploads/2022/10/lameco-vortex_360x_773f8f2d-fdea-4041-9ec3-dfc76a6b7c8b.png
https://progressivemartialarts.com.au/product-tag/sulite-dvd/	https://progressivemartialarts.com.au/wp-content/uploads/2022/10/sulite-espada-daga_360x_ac5bce2c-f066-4376-adec-8ec221a90339.jpg
https://progressivemartialarts.com.au/product-tag/sulite-dvd/	https://progressivemartialarts.com.au/wp-content/uploads/2022/10/sulite-essential-single-stick-skills-volume-01_360x_228f0228-b181-4957-a820-b46200079345.jpg
https://progressivemartialarts.com.au/product-tag/sulite-dvd/	https://progressivemartialarts.com.au/wp-content/uploads/2022/10/sulite-essential-single-stick-skills-volume-02_360x_fe6ab255-33b9-47a2-9350-2df2b4049a8e.jpg
https://progressivemartialarts.com.au/product-tag/sulite-dvd/	https://progressivemartialarts.com.au/wp-content/uploads/2022/10/sulite-secrets-of-double-stick-fighting-volume-01_360x_7a45745c-f0f3-40cb-9623-f8dabddb2210.jpg
https://progressivemartialarts.com.au/product-tag/sulite-dvd/	https://progressivemartialarts.com.au/wp-content/uploads/2022/10/sulite-secrets-of-double-stick-fighting-volume-02_360x_e7d37162-259a-4b0c-9085-1dd083109841.jpg
https://progressivemartialarts.com.au/product-tag/sulite-dvd/	https://progressivemartialarts.com.au/wp-content/uploads/2022/10/sulite-self-defense-01_360x_18b8bd27-16c7-4f1a-9e0b-42c2299769f0.jpg
https://progressivemartialarts.com.au/product-tag/sulite-dvd/	https://progressivemartialarts.com.au/wp-content/uploads/2026/04/Sulite-Self-Defense-2-600x755.png
https://progressivemartialarts.com.au/product-tag/sweatpants/	https://firstsight.design/cherie/beauty/wp-content/uploads/2020/10/Shopping-Cart.svg
https://progressivemartialarts.com.au/product-tag/sweatpants/	https://progressivemartialarts.com.au/wp-content/uploads/2022/10/PMA-logo-2020-11250X60-11.png
https://progressivemartialarts.com.au/product-tag/sweatpants/	https://progressivemartialarts.com.au/wp-content/uploads/2022/10/PMA-logo-2020-12.png
https://progressivemartialarts.com.au/product-tag/sweatpants/	https://progressivemartialarts.com.au/wp-content/uploads/2022/10/image_31f7987b-a2a9-497e-97a9-8d49da69be15-600x804.jpg
https://progressivemartialarts.com.au/product-tag/sweatpants/	https://progressivemartialarts.com.au/wp-content/uploads/2022/10/image_a4195139-19f7-4e88-b06d-55645ff4a91a-600x804.jpg
https://progressivemartialarts.com.au/product-tag/sweatpants/	https://progressivemartialarts.com.au/wp-content/uploads/2022/10/image_bf23717d-7002-4baf-905e-61f5b79cae37-600x516.jpg
https://progressivemartialarts.com.au/product-tag/sweatpants/	https://progressivemartialarts.com.au/wp-content/uploads/2022/10/image_fda0ecf4-c59a-4f4e-98a0-610560700311-600x718.jpg
https://progressivemartialarts.com.au/product-tag/sword/	https://firstsight.design/cherie/beauty/wp-content/uploads/2020/10/Shopping-Cart.svg
https://progressivemartialarts.com.au/product-tag/sword/	https://progressivemartialarts.com.au/wp-content/uploads/2022/10/2012-10-Abecedario-600x1009.jpg
https://progressivemartialarts.com.au/product-tag/sword/	https://progressivemartialarts.com.au/wp-content/uploads/2022/10/PMA-logo-2020-11250X60-11.png
https://progressivemartialarts.com.au/product-tag/sword/	https://progressivemartialarts.com.au/wp-content/uploads/2022/10/PMA-logo-2020-12.png
https://progressivemartialarts.com.au/product-tag/sword/	https://progressivemartialarts.com.au/wp-content/uploads/2026/04/2013-05-12-Areas-2-600x993.jpg
https://progressivemartialarts.com.au/product-tag/sword/	https://progressivemartialarts.com.au/wp-content/uploads/2026/04/2013-15-Disarms-600x978.jpg
https://progressivemartialarts.com.au/product-tag/sword/	https://progressivemartialarts.com.au/wp-content/uploads/2026/04/2017-17-Weaponry-Disarms-1-600x845.jpg
https://progressivemartialarts.com.au/product-tag/sword/	https://progressivemartialarts.com.au/wp-content/uploads/2026/04/2018-04-Weaponry-1-600x831.jpg
https://progressivemartialarts.com.au/product-tag/t-shirt/	https://firstsight.design/cherie/beauty/wp-content/uploads/2020/10/Shopping-Cart.svg
https://progressivemartialarts.com.au/product-tag/t-shirt/	https://progressivemartialarts.com.au/wp-content/uploads/2022/10/2016-australian-tour-shirt-2.jpg
https://progressivemartialarts.com.au/product-tag/t-shirt/	https://progressivemartialarts.com.au/wp-content/uploads/2022/10/20191213_103249-600x668.jpg
https://progressivemartialarts.com.au/product-tag/t-shirt/	https://progressivemartialarts.com.au/wp-content/uploads/2022/10/PMA-logo-2020-11250X60-11.png
https://progressivemartialarts.com.au/product-tag/t-shirt/	https://progressivemartialarts.com.au/wp-content/uploads/2022/10/PMA-logo-2020-12.png
https://progressivemartialarts.com.au/product-tag/t-shirt/	https://progressivemartialarts.com.au/wp-content/uploads/2022/10/image_101cf205-3dba-4154-921f-ca5465f14fc7-600x722.jpg
https://progressivemartialarts.com.au/product-tag/t-shirt/	https://progressivemartialarts.com.au/wp-content/uploads/2022/10/image_2c9cad20-3667-4fe1-81ae-4db152855d22-600x859.jpg
https://progressivemartialarts.com.au/product-tag/t-shirt/	https://progressivemartialarts.com.au/wp-content/uploads/2022/10/inosanto-kali-t-shirt-e1776903428142.jpg
https://progressivemartialarts.com.au/product-tag/t-shirt/	https://progressivemartialarts.com.au/wp-content/uploads/2022/10/inosanto-weapons-t-shirt-e1776906479826.jpg
https://progressivemartialarts.com.au/product-tag/t-shirt/	https://progressivemartialarts.com.au/wp-content/uploads/2023/02/IMG2476.jpg
https://progressivemartialarts.com.au/product-tag/tba-wtba/	https://firstsight.design/cherie/beauty/wp-content/uploads/2020/10/Shopping-Cart.svg
https://progressivemartialarts.com.au/product-tag/tba-wtba/	https://progressivemartialarts.com.au/wp-content/uploads/2022/10/PMA-logo-2020-11250X60-11.png
https://progressivemartialarts.com.au/product-tag/tba-wtba/	https://progressivemartialarts.com.au/wp-content/uploads/2022/10/PMA-logo-2020-12.png
https://progressivemartialarts.com.au/product-tag/tba-wtba/	https://progressivemartialarts.com.au/wp-content/uploads/2023/02/TBA-new-back.1-600x589.jpeg
https://progressivemartialarts.com.au/product-tag/tba-wtba/	https://progressivemartialarts.com.au/wp-content/uploads/2026/04/TBA-Old-back-600x800.jpeg
https://progressivemartialarts.com.au/product-tag/thai-chi/	https://firstsight.design/cherie/beauty/wp-content/uploads/2020/10/Shopping-Cart.svg
https://progressivemartialarts.com.au/product-tag/thai-chi/	https://progressivemartialarts.com.au/wp-content/uploads/2022/10/2012-08-Sensitivity-600x1002.jpg
https://progressivemartialarts.com.au/product-tag/thai-chi/	https://progressivemartialarts.com.au/wp-content/uploads/2022/10/PMA-logo-2020-11250X60-11.png
https://progressivemartialarts.com.au/product-tag/thai-chi/	https://progressivemartialarts.com.au/wp-content/uploads/2022/10/PMA-logo-2020-12.png
https://progressivemartialarts.com.au/product-tag/thai-pads/	https://firstsight.design/cherie/beauty/wp-content/uploads/2020/10/Shopping-Cart.svg
https://progressivemartialarts.com.au/product-tag/thai-pads/	https://progressivemartialarts.com.au/wp-content/uploads/2022/10/PMA-logo-2020-11250X60-11.png
https://progressivemartialarts.com.au/product-tag/thai-pads/	https://progressivemartialarts.com.au/wp-content/uploads/2022/10/PMA-logo-2020-12.png
https://progressivemartialarts.com.au/product-tag/thai-pads/	https://progressivemartialarts.com.au/wp-content/uploads/2022/10/Thai-Pads-Punch-Red-600x600.webp
https://progressivemartialarts.com.au/product-tag/thai-pads/	https://progressivemartialarts.com.au/wp-content/uploads/2023/08/IMG_2969-scaled-600x948.jpeg
https://progressivemartialarts.com.au/product-tag/thumpas/	https://firstsight.design/cherie/beauty/wp-content/uploads/2020/10/Shopping-Cart.svg
https://progressivemartialarts.com.au/product-tag/thumpas/	https://progressivemartialarts.com.au/wp-content/uploads/2022/10/PMA-logo-2020-11250X60-11.png
https://progressivemartialarts.com.au/product-tag/thumpas/	https://progressivemartialarts.com.au/wp-content/uploads/2022/10/PMA-logo-2020-12.png
https://progressivemartialarts.com.au/product-tag/thumpas/	https://progressivemartialarts.com.au/wp-content/uploads/2026/05/Focus-Mitts-Morgan-600x450.jpg
https://progressivemartialarts.com.au/product-tag/thumpas/	https://progressivemartialarts.com.au/wp-content/uploads/2026/05/Focus-Mitts-Punch-600x450.jpg
https://progressivemartialarts.com.au/product-tag/towels/	https://firstsight.design/cherie/beauty/wp-content/uploads/2020/10/Shopping-Cart.svg
https://progressivemartialarts.com.au/product-tag/towels/	https://progressivemartialarts.com.au/wp-content/uploads/2022/10/PMA-logo-2020-11250X60-11.png
https://progressivemartialarts.com.au/product-tag/towels/	https://progressivemartialarts.com.au/wp-content/uploads/2022/10/PMA-logo-2020-12.png
https://progressivemartialarts.com.au/product-tag/towels/	https://progressivemartialarts.com.au/wp-content/uploads/2022/10/image_fb853290-905a-4e9c-9b1c-403ca5c200c6-scaled-1-600x694.jpg
https://progressivemartialarts.com.au/product-tag/towels/	https://progressivemartialarts.com.au/wp-content/uploads/2023/02/2C206BDF-C2DA-4A86-8F31-BC8CB37A36E5-600x493.jpeg
https://progressivemartialarts.com.au/product-tag/towels/	https://progressivemartialarts.com.au/wp-content/uploads/2023/02/34B25B94-D443-4893-BCB2-AE38065A234A-600x732.jpeg
https://progressivemartialarts.com.au/product-tag/training-dagger/	https://firstsight.design/cherie/beauty/wp-content/uploads/2020/10/Shopping-Cart.svg
https://progressivemartialarts.com.au/product-tag/training-dagger/	https://progressivemartialarts.com.au/wp-content/uploads/2022/10/PMA-logo-2020-11250X60-11.png
https://progressivemartialarts.com.au/product-tag/training-dagger/	https://progressivemartialarts.com.au/wp-content/uploads/2022/10/PMA-logo-2020-12.png
https://progressivemartialarts.com.au/product-tag/training-dagger/	https://progressivemartialarts.com.au/wp-content/uploads/2022/10/image_c19290ca-0a86-4486-9ba2-9be9b933912a.png
https://progressivemartialarts.com.au/product-tag/training-dagger/	https://progressivemartialarts.com.au/wp-content/uploads/2023/02/3CEADE31-CD6F-4FD8-9D23-7E22BF0C34AB-600x439.jpeg
https://progressivemartialarts.com.au/product-tag/training-equipment/	https://firstsight.design/cherie/beauty/wp-content/uploads/2020/10/Shopping-Cart.svg
https://progressivemartialarts.com.au/product-tag/training-equipment/	https://progressivemartialarts.com.au/wp-content/uploads/2022/10/PMA-logo-2020-11250X60-11.png
https://progressivemartialarts.com.au/product-tag/training-equipment/	https://progressivemartialarts.com.au/wp-content/uploads/2022/10/PMA-logo-2020-12.png
https://progressivemartialarts.com.au/product-tag/training-equipment/	https://progressivemartialarts.com.au/wp-content/uploads/2022/10/duffel_bag_360x_1a306b9c-f46f-491b-9d77-8ad7fe888763.jpg
https://progressivemartialarts.com.au/product-tag/training-equipment/	https://progressivemartialarts.com.au/wp-content/uploads/2022/10/image_2d3d4dd2-1b08-4aa5-8b47-ff2afbb0550c.png
https://progressivemartialarts.com.au/product-tag/training-music/	https://firstsight.design/cherie/beauty/wp-content/uploads/2020/10/Shopping-Cart.svg
https://progressivemartialarts.com.au/product-tag/training-music/	https://progressivemartialarts.com.au/wp-content/uploads/2022/10/Heavens-Drums-front-600x601.jpeg
https://progressivemartialarts.com.au/product-tag/training-music/	https://progressivemartialarts.com.au/wp-content/uploads/2022/10/PMA-logo-2020-11250X60-11.png
https://progressivemartialarts.com.au/product-tag/training-music/	https://progressivemartialarts.com.au/wp-content/uploads/2022/10/PMA-logo-2020-12.png
https://progressivemartialarts.com.au/product-tag/training-music/	https://progressivemartialarts.com.au/wp-content/uploads/2022/10/helm_cd_front_360x_d8ac5c97-b654-4d2c-bef6-e968d4681d2b.jpg
https://progressivemartialarts.com.au/product-tag/trapping/	https://firstsight.design/cherie/beauty/wp-content/uploads/2020/10/Shopping-Cart.svg
https://progressivemartialarts.com.au/product-tag/trapping/	https://progressivemartialarts.com.au/wp-content/uploads/2022/10/2013-07-Legends.1-1.jpg
https://progressivemartialarts.com.au/product-tag/trapping/	https://progressivemartialarts.com.au/wp-content/uploads/2022/10/Definitive_02_2048x2048_df219c76-3996-49b6-9896-66a91235e7be-600x401.jpg
https://progressivemartialarts.com.au/product-tag/trapping/	https://progressivemartialarts.com.au/wp-content/uploads/2022/10/PMA-logo-2020-11250X60-11.png
https://progressivemartialarts.com.au/product-tag/trapping/	https://progressivemartialarts.com.au/wp-content/uploads/2022/10/PMA-logo-2020-12.png
https://progressivemartialarts.com.au/product-tag/trapping/	https://progressivemartialarts.com.au/wp-content/uploads/2025/04/2019-15-JKD-1-600x844.jpg
https://progressivemartialarts.com.au/product-tag/trapping/	https://progressivemartialarts.com.au/wp-content/uploads/2026/04/2013-14-Jun-FanJKD-600x997.jpg
https://progressivemartialarts.com.au/product-tag/trapping/	https://progressivemartialarts.com.au/wp-content/uploads/2026/04/2018-15-JKD-1-600x848.jpg
https://progressivemartialarts.com.au/product-tag/trapping/	https://progressivemartialarts.com.au/wp-content/uploads/2026/04/2023-15-JKD-1-600x818.jpg
https://progressivemartialarts.com.au/product-tag/triangle-gi/	https://firstsight.design/cherie/beauty/wp-content/uploads/2020/10/Shopping-Cart.svg
https://progressivemartialarts.com.au/product-tag/triangle-gi/	https://progressivemartialarts.com.au/wp-content/uploads/2022/10/PMA-logo-2020-11250X60-11.png
https://progressivemartialarts.com.au/product-tag/triangle-gi/	https://progressivemartialarts.com.au/wp-content/uploads/2022/10/PMA-logo-2020-12.png
https://progressivemartialarts.com.au/product-tag/triangle-gi/	https://progressivemartialarts.com.au/wp-content/uploads/2023/02/Gi-Blue-wWhite-trim-600x726.jpg
https://progressivemartialarts.com.au/product-tag/weapon/	https://firstsight.design/cherie/beauty/wp-content/uploads/2020/10/Shopping-Cart.svg
https://progressivemartialarts.com.au/product-tag/weapon/	https://progressivemartialarts.com.au/wp-content/uploads/2022/10/PMA-logo-2020-11250X60-11.png
https://progressivemartialarts.com.au/product-tag/weapon/	https://progressivemartialarts.com.au/wp-content/uploads/2022/10/PMA-logo-2020-12.png
https://progressivemartialarts.com.au/product-tag/weapon/	https://progressivemartialarts.com.au/wp-content/uploads/2026/04/2016-16-EH-vs-Weapons.1.jpg
https://progressivemartialarts.com.au/product-tag/weapons/	https://firstsight.design/cherie/beauty/wp-content/uploads/2020/10/Shopping-Cart.svg
https://progressivemartialarts.com.au/product-tag/weapons/	https://progressivemartialarts.com.au/wp-content/uploads/2022/10/PMA-logo-2020-11250X60-11.png
https://progressivemartialarts.com.au/product-tag/weapons/	https://progressivemartialarts.com.au/wp-content/uploads/2022/10/PMA-logo-2020-12.png
https://progressivemartialarts.com.au/product-tag/weapons/	https://progressivemartialarts.com.au/wp-content/uploads/2026/04/2013-13-Mixed-Arts-4-disc-600x991.jpg
https://progressivemartialarts.com.au/product-tag/wing-chun-kung-fu/	https://firstsight.design/cherie/beauty/wp-content/uploads/2020/10/Shopping-Cart.svg
https://progressivemartialarts.com.au/product-tag/wing-chun-kung-fu/	https://progressivemartialarts.com.au/wp-content/uploads/2022/10/PMA-logo-2020-11250X60-11.png
https://progressivemartialarts.com.au/product-tag/wing-chun-kung-fu/	https://progressivemartialarts.com.au/wp-content/uploads/2022/10/PMA-logo-2020-12.png
https://progressivemartialarts.com.au/product-tag/wing-chun-kung-fu/	https://progressivemartialarts.com.au/wp-content/uploads/2026/04/2026-11-Sifu-Fong-Australia.1-2-600x776.jpeg
https://progressivemartialarts.com.au/product-tag/wing-chun/	https://firstsight.design/cherie/beauty/wp-content/uploads/2020/10/Shopping-Cart.svg
https://progressivemartialarts.com.au/product-tag/wing-chun/	https://progressivemartialarts.com.au/wp-content/uploads/2022/10/2012-08-Sensitivity-600x1002.jpg
https://progressivemartialarts.com.au/product-tag/wing-chun/	https://progressivemartialarts.com.au/wp-content/uploads/2022/10/Definitive_02_2048x2048_df219c76-3996-49b6-9896-66a91235e7be-600x401.jpg
https://progressivemartialarts.com.au/product-tag/wing-chun/	https://progressivemartialarts.com.au/wp-content/uploads/2022/10/PMA-logo-2020-11250X60-11.png
https://progressivemartialarts.com.au/product-tag/wing-chun/	https://progressivemartialarts.com.au/wp-content/uploads/2022/10/PMA-logo-2020-12.png
https://progressivemartialarts.com.au/product-tag/wing-chun/	https://progressivemartialarts.com.au/wp-content/uploads/2022/10/dvd-wingchun-mma_540x_3a7a76b0-19be-48e3-86fc-5b0ebd10b420.jpg
https://progressivemartialarts.com.au/product-tag/wing-chun/	https://progressivemartialarts.com.au/wp-content/uploads/2022/10/fong-book_360x_a71ad87f-c701-4e8e-b028-c11666e78792.jpg
https://progressivemartialarts.com.au/product-tag/wing-chun/	https://progressivemartialarts.com.au/wp-content/uploads/2022/10/tshirt-legends-15-front-250_2048x2048_b7e67ca9-27ec-4d10-b37c-79a81b72a14b_360x.jpg
https://progressivemartialarts.com.au/product-tag/wing-chun/	https://progressivemartialarts.com.au/wp-content/uploads/2025/04/2019-15-JKD-1-600x844.jpg
https://progressivemartialarts.com.au/product-tag/wing-chun/	https://progressivemartialarts.com.au/wp-content/uploads/2026/04/2017-15-JKD-1-600x777.jpg
https://progressivemartialarts.com.au/product-tag/wing-chun/	https://progressivemartialarts.com.au/wp-content/uploads/2026/04/2018-15-JKD-1-600x848.jpg
https://progressivemartialarts.com.au/product-tag/wing-chun/	https://progressivemartialarts.com.au/wp-content/uploads/2026/04/2023-15-JKD-1-600x818.jpg
https://progressivemartialarts.com.au/product-tag/women/	https://firstsight.design/cherie/beauty/wp-content/uploads/2020/10/Shopping-Cart.svg
https://progressivemartialarts.com.au/product-tag/women/	https://progressivemartialarts.com.au/wp-content/uploads/2022/10/2016-australian-tour-singlet-600x600.jpg
https://progressivemartialarts.com.au/product-tag/women/	https://progressivemartialarts.com.au/wp-content/uploads/2022/10/IAMA-Spaghetti.jpeg
https://progressivemartialarts.com.au/product-tag/women/	https://progressivemartialarts.com.au/wp-content/uploads/2022/10/IAMA-Windbreaker.jpeg
https://progressivemartialarts.com.au/product-tag/women/	https://progressivemartialarts.com.au/wp-content/uploads/2022/10/PMA-logo-2020-11250X60-11.png
https://progressivemartialarts.com.au/product-tag/women/	https://progressivemartialarts.com.au/wp-content/uploads/2022/10/PMA-logo-2020-12.png
https://progressivemartialarts.com.au/product-tag/women/	https://progressivemartialarts.com.au/wp-content/uploads/2022/10/Shorts-Black-Gold.jpg
https://progressivemartialarts.com.au/product-tag/women/	https://progressivemartialarts.com.au/wp-content/uploads/2022/10/Shorts-Black-Red-Gold.jpg.jpeg
https://progressivemartialarts.com.au/product-tag/women/	https://progressivemartialarts.com.au/wp-content/uploads/2022/10/clothing_racerback_tank_front_360x_cfef6fbb-c3e3-481a-88f1-a367e363f01e.jpg
https://progressivemartialarts.com.au/product-tag/women/	https://progressivemartialarts.com.au/wp-content/uploads/2022/10/inosanto-absorb-what-is-useful-singlet-e1776830771357.jpg
https://progressivemartialarts.com.au/product-tag/women/	https://progressivemartialarts.com.au/wp-content/uploads/2022/10/inosanto-academy-long-sleeve-rash-vest.jpg
https://progressivemartialarts.com.au/product-tag/women/	https://progressivemartialarts.com.au/wp-content/uploads/2022/10/inosanto-academy-short-sleeve-rash-vest-e1778982686103.jpg
https://progressivemartialarts.com.au/product-tag/women/	https://progressivemartialarts.com.au/wp-content/uploads/2022/10/inosanto-kali-singlet-e1776826437760.jpg
https://progressivemartialarts.com.au/product-tag/women/	https://progressivemartialarts.com.au/wp-content/uploads/2022/10/progressive-martial-arts-gi-pants-1-e1779165833537.jpg
https://progressivemartialarts.com.au/product-tag/women/	https://progressivemartialarts.com.au/wp-content/uploads/2023/09/IMG_3119-188kb-600x552.jpg
https://progressivemartialarts.com.au/product-tag/women/	https://progressivemartialarts.com.au/wp-content/uploads/2024/10/IMG_1249.heic
https://progressivemartialarts.com.au/product-tag/women/	https://progressivemartialarts.com.au/wp-content/uploads/2026/06/Rashguard-Black-wRed-600x450.webp
https://progressivemartialarts.com.au/product-tag/world-thai-boxing-association/	https://firstsight.design/cherie/beauty/wp-content/uploads/2020/10/Shopping-Cart.svg
https://progressivemartialarts.com.au/product-tag/world-thai-boxing-association/	https://progressivemartialarts.com.au/wp-content/uploads/2022/10/PMA-logo-2020-11250X60-11.png
https://progressivemartialarts.com.au/product-tag/world-thai-boxing-association/	https://progressivemartialarts.com.au/wp-content/uploads/2022/10/PMA-logo-2020-12.png
https://progressivemartialarts.com.au/product-tag/world-thai-boxing-association/	https://progressivemartialarts.com.au/wp-content/uploads/2022/10/WTBA-Shorts-classic.jpeg
https://progressivemartialarts.com.au/product-tag/world-thai-boxing-association/	https://progressivemartialarts.com.au/wp-content/uploads/2022/10/image_fda0ecf4-c59a-4f4e-98a0-610560700311-600x718.jpg
https://progressivemartialarts.com.au/product-tag/world-thai-boxing-association/	https://progressivemartialarts.com.au/wp-content/uploads/2023/02/TBA-new-back.1-600x589.jpeg
https://progressivemartialarts.com.au/product-tag/world-thai-boxing-association/	https://progressivemartialarts.com.au/wp-content/uploads/2026/04/TBA-Old-back-600x800.jpeg
https://progressivemartialarts.com.au/product-tag/wraps/	https://firstsight.design/cherie/beauty/wp-content/uploads/2020/10/Shopping-Cart.svg
https://progressivemartialarts.com.au/product-tag/wraps/	https://progressivemartialarts.com.au/wp-content/uploads/2022/10/PMA-logo-2020-11250X60-11.png
https://progressivemartialarts.com.au/product-tag/wraps/	https://progressivemartialarts.com.au/wp-content/uploads/2022/10/PMA-logo-2020-12.png
https://progressivemartialarts.com.au/product-tag/wraps/	https://progressivemartialarts.com.au/wp-content/uploads/2022/10/punch-hand-wraps-e1778715967245.jpg
https://progressivemartialarts.com.au/product-tag/wtba/	https://firstsight.design/cherie/beauty/wp-content/uploads/2020/10/Shopping-Cart.svg
https://progressivemartialarts.com.au/product-tag/wtba/	https://progressivemartialarts.com.au/wp-content/uploads/2022/10/PMA-logo-2020-11250X60-11.png
https://progressivemartialarts.com.au/product-tag/wtba/	https://progressivemartialarts.com.au/wp-content/uploads/2022/10/PMA-logo-2020-12.png
https://progressivemartialarts.com.au/product-tag/wtba/	https://progressivemartialarts.com.au/wp-content/uploads/2022/10/WTBA-Shorts-classic.jpeg
https://progressivemartialarts.com.au/product-tag/yoga-pants/	https://firstsight.design/cherie/beauty/wp-content/uploads/2020/10/Shopping-Cart.svg
https://progressivemartialarts.com.au/product-tag/yoga-pants/	https://progressivemartialarts.com.au/wp-content/uploads/2022/10/PMA-logo-2020-11250X60-11.png
https://progressivemartialarts.com.au/product-tag/yoga-pants/	https://progressivemartialarts.com.au/wp-content/uploads/2022/10/PMA-logo-2020-12.png
https://progressivemartialarts.com.au/product-tag/yoga-pants/	https://progressivemartialarts.com.au/wp-content/uploads/2023/02/IMG2680.jpg.jpg
https://progressivemartialarts.com.au/product/10-urban-floor-to-ceiling-ball/	https://firstsight.design/cherie/beauty/wp-content/uploads/2020/10/Shopping-Cart.svg
https://progressivemartialarts.com.au/product/10-urban-floor-to-ceiling-ball/	https://progressivemartialarts.com.au/wp-content/uploads/2022/10/PMA-logo-2020-11250X60-11.png
https://progressivemartialarts.com.au/product/10-urban-floor-to-ceiling-ball/	https://progressivemartialarts.com.au/wp-content/uploads/2022/10/PMA-logo-2020-12.png
https://progressivemartialarts.com.au/product/10-urban-floor-to-ceiling-ball/	https://progressivemartialarts.com.au/wp-content/uploads/2022/10/Padded-Dagger.1-copy-600x129.jpeg
https://progressivemartialarts.com.au/product/10-urban-floor-to-ceiling-ball/	https://progressivemartialarts.com.au/wp-content/uploads/2022/10/image_c19290ca-0a86-4486-9ba2-9be9b933912a.png
https://progressivemartialarts.com.au/product/10-urban-floor-to-ceiling-ball/	https://progressivemartialarts.com.au/wp-content/uploads/2023/02/56A36E49-581B-4CC6-BF6C-A19F76266461-600x831.jpeg
https://progressivemartialarts.com.au/product/10-urban-floor-to-ceiling-ball/	https://progressivemartialarts.com.au/wp-content/uploads/2023/02/Sticks-2026-600x145.jpg
https://progressivemartialarts.com.au/product/10-urban-floor-to-ceiling-ball/	https://progressivemartialarts.com.au/wp-content/uploads/2023/09/IMG_3024-scaled.jpeg
https://progressivemartialarts.com.au/product/aluminum-training-dagger-breast-cancer-awareness/	https://firstsight.design/cherie/beauty/wp-content/uploads/2020/10/Shopping-Cart.svg
https://progressivemartialarts.com.au/product/aluminum-training-dagger-breast-cancer-awareness/	https://progressivemartialarts.com.au/wp-content/uploads/2022/10/2012-06-Silat-Camp.1-copy.jpg
https://progressivemartialarts.com.au/product/aluminum-training-dagger-breast-cancer-awareness/	https://progressivemartialarts.com.au/wp-content/uploads/2022/10/2012-13-Mixed-Arts-2-disc-600x1002.jpg
https://progressivemartialarts.com.au/product/aluminum-training-dagger-breast-cancer-awareness/	https://progressivemartialarts.com.au/wp-content/uploads/2022/10/2015-08-ABC-3inch.jpg
https://progressivemartialarts.com.au/product/aluminum-training-dagger-breast-cancer-awareness/	https://progressivemartialarts.com.au/wp-content/uploads/2022/10/PMA-logo-2020-11250X60-11.png
https://progressivemartialarts.com.au/product/aluminum-training-dagger-breast-cancer-awareness/	https://progressivemartialarts.com.au/wp-content/uploads/2022/10/PMA-logo-2020-12.png
https://progressivemartialarts.com.au/product/aluminum-training-dagger-breast-cancer-awareness/	https://progressivemartialarts.com.au/wp-content/uploads/2022/10/dagger-bca_360x_895a535c-d41f-41d7-9faa-afbe3d50093b.jpg
https://progressivemartialarts.com.au/product/aluminum-training-dagger-breast-cancer-awareness/	https://progressivemartialarts.com.au/wp-content/uploads/2026/04/2017-09-Staff-day-2-1-600x800.jpg
https://progressivemartialarts.com.au/product/aluminum-training-dagger-kris-dagger/	https://firstsight.design/cherie/beauty/wp-content/uploads/2020/10/Shopping-Cart.svg
https://progressivemartialarts.com.au/product/aluminum-training-dagger-kris-dagger/	https://progressivemartialarts.com.au/wp-content/uploads/2022/10/2012-13-Mixed-Arts-2-disc-600x1002.jpg
https://progressivemartialarts.com.au/product/aluminum-training-dagger-kris-dagger/	https://progressivemartialarts.com.au/wp-content/uploads/2022/10/PMA-logo-2020-11250X60-11.png
https://progressivemartialarts.com.au/product/aluminum-training-dagger-kris-dagger/	https://progressivemartialarts.com.au/wp-content/uploads/2022/10/PMA-logo-2020-12.png
https://progressivemartialarts.com.au/product/aluminum-training-dagger-kris-dagger/	https://progressivemartialarts.com.au/wp-content/uploads/2022/10/image_c19290ca-0a86-4486-9ba2-9be9b933912a.png
https://progressivemartialarts.com.au/product/aluminum-training-dagger-kris-dagger/	https://progressivemartialarts.com.au/wp-content/uploads/2023/02/3CEADE31-CD6F-4FD8-9D23-7E22BF0C34AB.jpeg
https://progressivemartialarts.com.au/product/aluminum-training-dagger-kris-dagger/	https://progressivemartialarts.com.au/wp-content/uploads/2023/02/45234D57-5E37-4B14-81B1-61BBEB33CCD9-600x453.jpeg
https://progressivemartialarts.com.au/product/aluminum-training-dagger-kris-dagger/	https://progressivemartialarts.com.au/wp-content/uploads/2026/04/2017-09-Staff-day-2-1-600x800.jpg
https://progressivemartialarts.com.au/product/aluminum-training-dagger-large-carbon-fibre-knife/	https://firstsight.design/cherie/beauty/wp-content/uploads/2020/10/Shopping-Cart.svg
https://progressivemartialarts.com.au/product/aluminum-training-dagger-large-carbon-fibre-knife/	https://progressivemartialarts.com.au/wp-content/uploads/2022/10/PMA-logo-2020-11250X60-11.png
https://progressivemartialarts.com.au/product/aluminum-training-dagger-large-carbon-fibre-knife/	https://progressivemartialarts.com.au/wp-content/uploads/2022/10/PMA-logo-2020-12.png
https://progressivemartialarts.com.au/product/aluminum-training-dagger-large-carbon-fibre-knife/	https://progressivemartialarts.com.au/wp-content/uploads/2022/10/Training-Dagger-06-600x450.jpg
https://progressivemartialarts.com.au/product/aluminum-training-dagger-large-carbon-fibre-knife/	https://progressivemartialarts.com.au/wp-content/uploads/2022/10/dagger-bca_360x_895a535c-d41f-41d7-9faa-afbe3d50093b.jpg
https://progressivemartialarts.com.au/product/aluminum-training-dagger-large-carbon-fibre-knife/	https://progressivemartialarts.com.au/wp-content/uploads/2022/10/products_training_dagger_360x_22c58b36-189d-43ca-9c01-b4dad2391a20.jpg
https://progressivemartialarts.com.au/product/aluminum-training-dagger-large-carbon-fibre-knife/	https://progressivemartialarts.com.au/wp-content/uploads/2023/02/45234D57-5E37-4B14-81B1-61BBEB33CCD9-600x453.jpeg
https://progressivemartialarts.com.au/product/aluminum-training-dagger-large-carbon-fibre-knife/	https://progressivemartialarts.com.au/wp-content/uploads/2025/08/IMG_9547-2-scaled-e1777422171489.jpeg
https://progressivemartialarts.com.au/product/aluminum-training-dagger-large-dipped-knives/	https://firstsight.design/cherie/beauty/wp-content/uploads/2020/10/Shopping-Cart.svg
https://progressivemartialarts.com.au/product/aluminum-training-dagger-large-dipped-knives/	https://progressivemartialarts.com.au/wp-content/uploads/2022/10/2012-14-Silat-600x922.jpg
https://progressivemartialarts.com.au/product/aluminum-training-dagger-large-dipped-knives/	https://progressivemartialarts.com.au/wp-content/uploads/2022/10/2015-08-ABC-3inch.jpg
https://progressivemartialarts.com.au/product/aluminum-training-dagger-large-dipped-knives/	https://progressivemartialarts.com.au/wp-content/uploads/2022/10/PMA-logo-2020-11250X60-11.png
https://progressivemartialarts.com.au/product/aluminum-training-dagger-large-dipped-knives/	https://progressivemartialarts.com.au/wp-content/uploads/2022/10/PMA-logo-2020-12.png
https://progressivemartialarts.com.au/product/aluminum-training-dagger-large-dipped-knives/	https://progressivemartialarts.com.au/wp-content/uploads/2025/08/IMG_9525-2-scaled.jpeg
https://progressivemartialarts.com.au/product/aluminum-training-dagger-large-dipped-knives/	https://progressivemartialarts.com.au/wp-content/uploads/2025/08/IMG_9535-2-scaled.jpeg
https://progressivemartialarts.com.au/product/aluminum-training-dagger-large-dipped-knives/	https://progressivemartialarts.com.au/wp-content/uploads/2025/08/IMG_9538-2-scaled.jpeg
https://progressivemartialarts.com.au/product/aluminum-training-dagger-large-dipped-knives/	https://progressivemartialarts.com.au/wp-content/uploads/2025/08/IMG_9539-2-scaled.jpeg
https://progressivemartialarts.com.au/product/aluminum-training-dagger-large-dipped-knives/	https://progressivemartialarts.com.au/wp-content/uploads/2025/08/IMG_9545-2-600x800.jpeg
https://progressivemartialarts.com.au/product/aluminum-training-dagger-large-dipped-knives/	https://progressivemartialarts.com.au/wp-content/uploads/2026/04/2017-17-Weaponry-Disarms-1-600x845.jpg
https://progressivemartialarts.com.au/product/aluminum-training-dagger-large-faded/	https://firstsight.design/cherie/beauty/wp-content/uploads/2020/10/Shopping-Cart.svg
https://progressivemartialarts.com.au/product/aluminum-training-dagger-large-faded/	https://progressivemartialarts.com.au/wp-content/uploads/2022/10/2012-14-Silat-600x922.jpg
https://progressivemartialarts.com.au/product/aluminum-training-dagger-large-faded/	https://progressivemartialarts.com.au/wp-content/uploads/2022/10/PMA-logo-2020-11250X60-11.png
https://progressivemartialarts.com.au/product/aluminum-training-dagger-large-faded/	https://progressivemartialarts.com.au/wp-content/uploads/2022/10/PMA-logo-2020-12.png
https://progressivemartialarts.com.au/product/aluminum-training-dagger-large-faded/	https://progressivemartialarts.com.au/wp-content/uploads/2022/10/Training-Dagger-02-600x450.jpg
https://progressivemartialarts.com.au/product/aluminum-training-dagger-large-faded/	https://progressivemartialarts.com.au/wp-content/uploads/2022/10/Training-Dagger-06-600x450.jpg
https://progressivemartialarts.com.au/product/aluminum-training-dagger-large-faded/	https://progressivemartialarts.com.au/wp-content/uploads/2022/10/image_c19290ca-0a86-4486-9ba2-9be9b933912a.png
https://progressivemartialarts.com.au/product/aluminum-training-dagger-large-faded/	https://progressivemartialarts.com.au/wp-content/uploads/2025/08/IMG_9528-2-scaled.jpeg
https://progressivemartialarts.com.au/product/aluminum-training-dagger-large-faded/	https://progressivemartialarts.com.au/wp-content/uploads/2025/08/IMG_9529-2-scaled.jpeg
https://progressivemartialarts.com.au/product/aluminum-training-dagger-large-faded/	https://progressivemartialarts.com.au/wp-content/uploads/2025/08/IMG_9533-2-scaled.jpeg
https://progressivemartialarts.com.au/product/aluminum-training-dagger-large-faded/	https://progressivemartialarts.com.au/wp-content/uploads/2025/08/IMG_9534-2-scaled.jpeg
https://progressivemartialarts.com.au/product/aluminum-training-dagger-large-faded/	https://progressivemartialarts.com.au/wp-content/uploads/2025/08/IMG_9537-2-scaled.jpeg
https://progressivemartialarts.com.au/product/aluminum-training-dagger-large-sand-camo/	https://firstsight.design/cherie/beauty/wp-content/uploads/2020/10/Shopping-Cart.svg
https://progressivemartialarts.com.au/product/aluminum-training-dagger-large-sand-camo/	https://progressivemartialarts.com.au/wp-content/uploads/2022/10/2014-06-Silat-Camp.1.jpg
https://progressivemartialarts.com.au/product/aluminum-training-dagger-large-sand-camo/	https://progressivemartialarts.com.au/wp-content/uploads/2022/10/PMA-logo-2020-11250X60-11.png
https://progressivemartialarts.com.au/product/aluminum-training-dagger-large-sand-camo/	https://progressivemartialarts.com.au/wp-content/uploads/2022/10/PMA-logo-2020-12.png
https://progressivemartialarts.com.au/product/aluminum-training-dagger-large-sand-camo/	https://progressivemartialarts.com.au/wp-content/uploads/2022/10/Training-Dagger-03-600x450.jpg
https://progressivemartialarts.com.au/product/aluminum-training-dagger-large-sand-camo/	https://progressivemartialarts.com.au/wp-content/uploads/2022/10/products_training_dagger_360x_22c58b36-189d-43ca-9c01-b4dad2391a20.jpg
https://progressivemartialarts.com.au/product/aluminum-training-dagger-large-sand-camo/	https://progressivemartialarts.com.au/wp-content/uploads/2025/08/IMG_9544-2-scaled.jpeg
https://progressivemartialarts.com.au/product/aluminum-training-dagger-large-sand-camo/	https://progressivemartialarts.com.au/wp-content/uploads/2025/08/IMG_9545-2-scaled.jpeg
https://progressivemartialarts.com.au/product/aluminum-training-dagger-large-sand-camo/	https://progressivemartialarts.com.au/wp-content/uploads/2026/04/2017-09-Staff-day-2-1-600x800.jpg
https://progressivemartialarts.com.au/product/aluminum-training-dagger-medium-spattered-knives/	https://firstsight.design/cherie/beauty/wp-content/uploads/2020/10/Shopping-Cart.svg
https://progressivemartialarts.com.au/product/aluminum-training-dagger-medium-spattered-knives/	https://progressivemartialarts.com.au/wp-content/uploads/2022/10/PMA-logo-2020-11250X60-11.png
https://progressivemartialarts.com.au/product/aluminum-training-dagger-medium-spattered-knives/	https://progressivemartialarts.com.au/wp-content/uploads/2022/10/PMA-logo-2020-12.png
https://progressivemartialarts.com.au/product/aluminum-training-dagger-medium-spattered-knives/	https://progressivemartialarts.com.au/wp-content/uploads/2022/10/image_ccd4135b-3637-42c0-8805-49a53190de04.png
https://progressivemartialarts.com.au/product/aluminum-training-dagger-medium-spattered-knives/	https://progressivemartialarts.com.au/wp-content/uploads/2022/10/image_d2a89c11-6959-4553-b418-dbe4e42924ef.png
https://progressivemartialarts.com.au/product/aluminum-training-dagger-medium-spattered-knives/	https://progressivemartialarts.com.au/wp-content/uploads/2022/10/punch-hand-wraps-e1778715967245.jpg
https://progressivemartialarts.com.au/product/aluminum-training-dagger-medium-spattered-knives/	https://progressivemartialarts.com.au/wp-content/uploads/2023/02/Sticks-2026-600x145.jpg
https://progressivemartialarts.com.au/product/aluminum-training-dagger-medium-spattered-knives/	https://progressivemartialarts.com.au/wp-content/uploads/2025/08/IMG_9552-2-scaled.jpeg
https://progressivemartialarts.com.au/product/aluminum-training-dagger-medium-spattered-knives/	https://progressivemartialarts.com.au/wp-content/uploads/2025/08/IMG_9553-2-scaled.jpeg
https://progressivemartialarts.com.au/product/aluminum-training-dagger-medium-spattered-knives/	https://progressivemartialarts.com.au/wp-content/uploads/2025/08/IMG_9554-2-scaled.jpeg
https://progressivemartialarts.com.au/product/aluminum-training-dagger-no-001-2/	https://firstsight.design/cherie/beauty/wp-content/uploads/2020/10/Shopping-Cart.svg
https://progressivemartialarts.com.au/product/aluminum-training-dagger-no-001-2/	https://progressivemartialarts.com.au/wp-content/uploads/2022/10/2012-14-Silat-600x922.jpg
https://progressivemartialarts.com.au/product/aluminum-training-dagger-no-001-2/	https://progressivemartialarts.com.au/wp-content/uploads/2022/10/PMA-logo-2020-11250X60-11.png
https://progressivemartialarts.com.au/product/aluminum-training-dagger-no-001-2/	https://progressivemartialarts.com.au/wp-content/uploads/2022/10/PMA-logo-2020-12.png
https://progressivemartialarts.com.au/product/aluminum-training-dagger-no-001-2/	https://progressivemartialarts.com.au/wp-content/uploads/2022/10/image_d2a89c11-6959-4553-b418-dbe4e42924ef.png
https://progressivemartialarts.com.au/product/aluminum-training-dagger-no-001-2/	https://progressivemartialarts.com.au/wp-content/uploads/2022/10/products_training_dagger_360x_22c58b36-189d-43ca-9c01-b4dad2391a20.jpg
https://progressivemartialarts.com.au/product/aluminum-training-dagger-no-001-2/	https://progressivemartialarts.com.au/wp-content/uploads/2022/10/trainer-red_360x_609ae642-9624-4e70-83c0-860d9924d09d.jpg
https://progressivemartialarts.com.au/product/aluminum-training-dagger-no-001-2/	https://progressivemartialarts.com.au/wp-content/uploads/2026/04/2015-06-Silat-Camp.1.jpg
https://progressivemartialarts.com.au/product/aluminum-training-dagger-no-001-2/	https://progressivemartialarts.com.au/wp-content/uploads/2026/04/2017-09-Staff-day-2-1-600x800.jpg
https://progressivemartialarts.com.au/product/aluminum-training-dagger-no-002/	https://firstsight.design/cherie/beauty/wp-content/uploads/2020/10/Shopping-Cart.svg
https://progressivemartialarts.com.au/product/aluminum-training-dagger-no-002/	https://progressivemartialarts.com.au/wp-content/uploads/2022/10/IAMA-Hoodie-BandG-e1781059471389.jpeg
https://progressivemartialarts.com.au/product/aluminum-training-dagger-no-002/	https://progressivemartialarts.com.au/wp-content/uploads/2022/10/PMA-logo-2020-11250X60-11.png
https://progressivemartialarts.com.au/product/aluminum-training-dagger-no-002/	https://progressivemartialarts.com.au/wp-content/uploads/2022/10/PMA-logo-2020-12.png
https://progressivemartialarts.com.au/product/aluminum-training-dagger-no-002/	https://progressivemartialarts.com.au/wp-content/uploads/2022/10/Shorts-Black-Gold.jpg
https://progressivemartialarts.com.au/product/aluminum-training-dagger-no-002/	https://progressivemartialarts.com.au/wp-content/uploads/2022/10/Training-Dagger-02.jpg
https://progressivemartialarts.com.au/product/aluminum-training-dagger-no-002/	https://progressivemartialarts.com.au/wp-content/uploads/2022/10/blades-004_360x_a81732c8-99d6-4ee9-beb1-63dc64f0eb9c.jpg
https://progressivemartialarts.com.au/product/aluminum-training-dagger-no-002/	https://progressivemartialarts.com.au/wp-content/uploads/2022/10/inosanto-kali-t-shirt-e1776903428142.jpg
https://progressivemartialarts.com.au/product/aluminum-training-dagger-no-003/	https://firstsight.design/cherie/beauty/wp-content/uploads/2020/10/Shopping-Cart.svg
https://progressivemartialarts.com.au/product/aluminum-training-dagger-no-003/	https://progressivemartialarts.com.au/wp-content/uploads/2022/10/2016-australian-tour-shirt-2.jpg
https://progressivemartialarts.com.au/product/aluminum-training-dagger-no-003/	https://progressivemartialarts.com.au/wp-content/uploads/2022/10/2016-australian-tour-singlet-600x600.jpg
https://progressivemartialarts.com.au/product/aluminum-training-dagger-no-003/	https://progressivemartialarts.com.au/wp-content/uploads/2022/10/PMA-logo-2020-11250X60-11.png
https://progressivemartialarts.com.au/product/aluminum-training-dagger-no-003/	https://progressivemartialarts.com.au/wp-content/uploads/2022/10/PMA-logo-2020-12.png
https://progressivemartialarts.com.au/product/aluminum-training-dagger-no-003/	https://progressivemartialarts.com.au/wp-content/uploads/2022/10/Training-Dagger-03.jpg
https://progressivemartialarts.com.au/product/aluminum-training-dagger-no-003/	https://progressivemartialarts.com.au/wp-content/uploads/2022/10/baseball-absorb-blue-gold-front_360x_ce6cd087-2dde-4485-ab52-685c651bf450.jpg
https://progressivemartialarts.com.au/product/aluminum-training-dagger-no-003/	https://progressivemartialarts.com.au/wp-content/uploads/2022/10/image_82fa5c0c-07d7-42de-b015-40813f3fb6bc-600x450.webp
https://progressivemartialarts.com.au/product/aluminum-training-dagger-no-004/	https://firstsight.design/cherie/beauty/wp-content/uploads/2020/10/Shopping-Cart.svg
https://progressivemartialarts.com.au/product/aluminum-training-dagger-no-004/	https://progressivemartialarts.com.au/wp-content/uploads/2022/10/2012-06-Silat-Camp.1-copy.jpg
https://progressivemartialarts.com.au/product/aluminum-training-dagger-no-004/	https://progressivemartialarts.com.au/wp-content/uploads/2022/10/PMA-logo-2020-11250X60-11.png
https://progressivemartialarts.com.au/product/aluminum-training-dagger-no-004/	https://progressivemartialarts.com.au/wp-content/uploads/2022/10/PMA-logo-2020-12.png
https://progressivemartialarts.com.au/product/aluminum-training-dagger-no-004/	https://progressivemartialarts.com.au/wp-content/uploads/2022/10/Training-Dagger-02-600x450.jpg
https://progressivemartialarts.com.au/product/aluminum-training-dagger-no-004/	https://progressivemartialarts.com.au/wp-content/uploads/2022/10/Training-Dagger-06-600x450.jpg
https://progressivemartialarts.com.au/product/aluminum-training-dagger-no-004/	https://progressivemartialarts.com.au/wp-content/uploads/2022/10/blades-004_360x_a81732c8-99d6-4ee9-beb1-63dc64f0eb9c.jpg
https://progressivemartialarts.com.au/product/aluminum-training-dagger-no-004/	https://progressivemartialarts.com.au/wp-content/uploads/2022/10/image_c19290ca-0a86-4486-9ba2-9be9b933912a.png
https://progressivemartialarts.com.au/product/aluminum-training-dagger-no-005-2/	https://firstsight.design/cherie/beauty/wp-content/uploads/2020/10/Shopping-Cart.svg
https://progressivemartialarts.com.au/product/aluminum-training-dagger-no-005-2/	https://progressivemartialarts.com.au/wp-content/uploads/2022/10/2012-13-Mixed-Arts-2-disc-600x1002.jpg
https://progressivemartialarts.com.au/product/aluminum-training-dagger-no-005-2/	https://progressivemartialarts.com.au/wp-content/uploads/2022/10/2015-08-ABC-3inch.jpg
https://progressivemartialarts.com.au/product/aluminum-training-dagger-no-005-2/	https://progressivemartialarts.com.au/wp-content/uploads/2022/10/PMA-logo-2020-11250X60-11.png
https://progressivemartialarts.com.au/product/aluminum-training-dagger-no-005-2/	https://progressivemartialarts.com.au/wp-content/uploads/2022/10/PMA-logo-2020-12.png
https://progressivemartialarts.com.au/product/aluminum-training-dagger-no-005-2/	https://progressivemartialarts.com.au/wp-content/uploads/2022/10/blades_model_005_360x_1034b4bd-bce8-47bc-8e62-b1131184e83e.jpg
https://progressivemartialarts.com.au/product/aluminum-training-dagger-no-005-2/	https://progressivemartialarts.com.au/wp-content/uploads/2026/04/2017-09-Staff-day-2-1-600x800.jpg
https://progressivemartialarts.com.au/product/aluminum-training-dagger-no-005-2/	https://progressivemartialarts.com.au/wp-content/uploads/2026/04/2019-16-Weaponry-1-600x858.jpg
https://progressivemartialarts.com.au/product/aluminum-training-dagger-no-006/	https://firstsight.design/cherie/beauty/wp-content/uploads/2020/10/Shopping-Cart.svg
https://progressivemartialarts.com.au/product/aluminum-training-dagger-no-006/	https://progressivemartialarts.com.au/wp-content/uploads/2022/10/2016-australian-tour-singlet-600x600.jpg
https://progressivemartialarts.com.au/product/aluminum-training-dagger-no-006/	https://progressivemartialarts.com.au/wp-content/uploads/2022/10/IAMA-Hoodie-BandG-e1781059471389.jpeg
https://progressivemartialarts.com.au/product/aluminum-training-dagger-no-006/	https://progressivemartialarts.com.au/wp-content/uploads/2022/10/PMA-logo-2020-11250X60-11.png
https://progressivemartialarts.com.au/product/aluminum-training-dagger-no-006/	https://progressivemartialarts.com.au/wp-content/uploads/2022/10/PMA-logo-2020-12.png
https://progressivemartialarts.com.au/product/aluminum-training-dagger-no-006/	https://progressivemartialarts.com.au/wp-content/uploads/2022/10/Shorts-Black-Gold.jpg
https://progressivemartialarts.com.au/product/aluminum-training-dagger-no-006/	https://progressivemartialarts.com.au/wp-content/uploads/2022/10/Training-Dagger-06.jpg
https://progressivemartialarts.com.au/product/aluminum-training-dagger-no-006/	https://progressivemartialarts.com.au/wp-content/uploads/2022/10/progressive-martial-arts-gi-pants-1-e1779165833537.jpg
https://progressivemartialarts.com.au/product/aluminum-training-dagger-no-007/	https://firstsight.design/cherie/beauty/wp-content/uploads/2020/10/Shopping-Cart.svg
https://progressivemartialarts.com.au/product/aluminum-training-dagger-no-007/	https://progressivemartialarts.com.au/wp-content/uploads/2022/10/PMA-logo-2020-11250X60-11.png
https://progressivemartialarts.com.au/product/aluminum-training-dagger-no-007/	https://progressivemartialarts.com.au/wp-content/uploads/2022/10/PMA-logo-2020-12.png
https://progressivemartialarts.com.au/product/aluminum-training-dagger-no-007/	https://progressivemartialarts.com.au/wp-content/uploads/2022/10/image_82fa5c0c-07d7-42de-b015-40813f3fb6bc-600x450.webp
https://progressivemartialarts.com.au/product/aluminum-training-dagger-no-007/	https://progressivemartialarts.com.au/wp-content/uploads/2022/10/image_c19290ca-0a86-4486-9ba2-9be9b933912a.png
https://progressivemartialarts.com.au/product/aluminum-training-dagger-no-007/	https://progressivemartialarts.com.au/wp-content/uploads/2022/10/image_c90c2037-bad6-4fba-a9e7-50d47fb919d4.png
https://progressivemartialarts.com.au/product/aluminum-training-dagger-no-007/	https://progressivemartialarts.com.au/wp-content/uploads/2023/02/Dagger-Bag-Gold.jpeg
https://progressivemartialarts.com.au/product/aluminum-training-dagger-no-007/	https://progressivemartialarts.com.au/wp-content/uploads/2025/08/IMG_9559-2-scaled.jpeg
https://progressivemartialarts.com.au/product/aluminum-training-dagger-no-007/	https://progressivemartialarts.com.au/wp-content/uploads/2025/08/IMG_9563-2-scaled.jpeg
https://progressivemartialarts.com.au/product/aluminum-training-dagger-no-007/	https://progressivemartialarts.com.au/wp-content/uploads/2025/08/IMG_9566-2-scaled.jpeg
https://progressivemartialarts.com.au/product/aluminum-training-dagger-no-007/	https://progressivemartialarts.com.au/wp-content/uploads/2025/08/IMG_9568-2-scaled.jpeg
https://progressivemartialarts.com.au/product/aluminum-training-dagger-no-007/	https://progressivemartialarts.com.au/wp-content/uploads/2025/08/IMG_9569-2-scaled.jpeg
https://progressivemartialarts.com.au/product/aluminum-training-dagger-no-007/	https://progressivemartialarts.com.au/wp-content/uploads/2025/08/IMG_9570-2-scaled.jpeg
https://progressivemartialarts.com.au/product/aluminum-training-dagger-orange-and-brown-lizard-scale/	https://firstsight.design/cherie/beauty/wp-content/uploads/2020/10/Shopping-Cart.svg
https://progressivemartialarts.com.au/product/aluminum-training-dagger-orange-and-brown-lizard-scale/	https://progressivemartialarts.com.au/wp-content/uploads/2022/10/Definitive_01_2048x2048_8f5b3c99-52db-47cc-bb4b-5d53337ceb9b-600x400.jpg
https://progressivemartialarts.com.au/product/aluminum-training-dagger-orange-and-brown-lizard-scale/	https://progressivemartialarts.com.au/wp-content/uploads/2022/10/PMA-logo-2020-11250X60-11.png
https://progressivemartialarts.com.au/product/aluminum-training-dagger-orange-and-brown-lizard-scale/	https://progressivemartialarts.com.au/wp-content/uploads/2022/10/PMA-logo-2020-12.png
https://progressivemartialarts.com.au/product/aluminum-training-dagger-orange-and-brown-lizard-scale/	https://progressivemartialarts.com.au/wp-content/uploads/2022/10/products_training_dagger_360x_22c58b36-189d-43ca-9c01-b4dad2391a20.jpg
https://progressivemartialarts.com.au/product/aluminum-training-dagger-orange-and-brown-lizard-scale/	https://progressivemartialarts.com.au/wp-content/uploads/2025/08/IMG_9546-2-scaled.jpeg
https://progressivemartialarts.com.au/product/aluminum-training-dagger-orange-and-brown-lizard-scale/	https://progressivemartialarts.com.au/wp-content/uploads/2026/04/2015-06-Silat-Camp.1.jpg
https://progressivemartialarts.com.au/product/aluminum-training-dagger-orange-and-brown-lizard-scale/	https://progressivemartialarts.com.au/wp-content/uploads/2026/04/2023-14-Mixed-day-2-1-600x830.jpg
https://progressivemartialarts.com.au/product/aluminum-training-karambit/	https://firstsight.design/cherie/beauty/wp-content/uploads/2020/10/Shopping-Cart.svg
https://progressivemartialarts.com.au/product/aluminum-training-karambit/	https://progressivemartialarts.com.au/wp-content/uploads/2022/10/PMA-logo-2020-11250X60-11.png
https://progressivemartialarts.com.au/product/aluminum-training-karambit/	https://progressivemartialarts.com.au/wp-content/uploads/2022/10/PMA-logo-2020-12.png
https://progressivemartialarts.com.au/product/aluminum-training-karambit/	https://progressivemartialarts.com.au/wp-content/uploads/2022/10/Training-Dagger-06-600x450.jpg
https://progressivemartialarts.com.au/product/aluminum-training-karambit/	https://progressivemartialarts.com.au/wp-content/uploads/2022/10/duffel_bag_360x_1a306b9c-f46f-491b-9d77-8ad7fe888763.jpg
https://progressivemartialarts.com.au/product/aluminum-training-karambit/	https://progressivemartialarts.com.au/wp-content/uploads/2022/10/image_c90c2037-bad6-4fba-a9e7-50d47fb919d4.png
https://progressivemartialarts.com.au/product/aluminum-training-karambit/	https://progressivemartialarts.com.au/wp-content/uploads/2023/02/Dagger-Bag-Gold.jpeg
https://progressivemartialarts.com.au/product/aluminum-training-karambit/	https://progressivemartialarts.com.au/wp-content/uploads/2023/02/Training-Karambit.jpg
https://progressivemartialarts.com.au/product/aluminum-training-sword-inosanto-academy-barong/	https://firstsight.design/cherie/beauty/wp-content/uploads/2020/10/Shopping-Cart.svg
https://progressivemartialarts.com.au/product/aluminum-training-sword-inosanto-academy-barong/	https://progressivemartialarts.com.au/wp-content/uploads/2022/10/PMA-logo-2020-11250X60-11.png
https://progressivemartialarts.com.au/product/aluminum-training-sword-inosanto-academy-barong/	https://progressivemartialarts.com.au/wp-content/uploads/2022/10/PMA-logo-2020-12.png
https://progressivemartialarts.com.au/product/aluminum-training-sword-inosanto-academy-barong/	https://progressivemartialarts.com.au/wp-content/uploads/2022/10/blades_model_005_360x_1034b4bd-bce8-47bc-8e62-b1131184e83e.jpg
https://progressivemartialarts.com.au/product/aluminum-training-sword-inosanto-academy-barong/	https://progressivemartialarts.com.au/wp-content/uploads/2022/10/image_c19290ca-0a86-4486-9ba2-9be9b933912a.png
https://progressivemartialarts.com.au/product/aluminum-training-sword-inosanto-academy-barong/	https://progressivemartialarts.com.au/wp-content/uploads/2023/02/45234D57-5E37-4B14-81B1-61BBEB33CCD9.jpeg
https://progressivemartialarts.com.au/product/aluminum-training-sword-inosanto-academy-barong/	https://progressivemartialarts.com.au/wp-content/uploads/2026/04/2017-08-Staff-day-1-1-600x767.jpg
https://progressivemartialarts.com.au/product/aluminum-training-sword-inosanto-academy-barong/	https://progressivemartialarts.com.au/wp-content/uploads/2026/04/2023-14-Mixed-day-2-1-600x830.jpg
https://progressivemartialarts.com.au/product/aluminum-training-sword-inosanto-academy-kris-sword/	https://firstsight.design/cherie/beauty/wp-content/uploads/2020/10/Shopping-Cart.svg
https://progressivemartialarts.com.au/product/aluminum-training-sword-inosanto-academy-kris-sword/	https://progressivemartialarts.com.au/wp-content/uploads/2022/10/2012-14-Silat-600x922.jpg
https://progressivemartialarts.com.au/product/aluminum-training-sword-inosanto-academy-kris-sword/	https://progressivemartialarts.com.au/wp-content/uploads/2022/10/Definitive_01_2048x2048_8f5b3c99-52db-47cc-bb4b-5d53337ceb9b-600x400.jpg
https://progressivemartialarts.com.au/product/aluminum-training-sword-inosanto-academy-kris-sword/	https://progressivemartialarts.com.au/wp-content/uploads/2022/10/PMA-logo-2020-11250X60-11.png
https://progressivemartialarts.com.au/product/aluminum-training-sword-inosanto-academy-kris-sword/	https://progressivemartialarts.com.au/wp-content/uploads/2022/10/PMA-logo-2020-12.png
https://progressivemartialarts.com.au/product/aluminum-training-sword-inosanto-academy-kris-sword/	https://progressivemartialarts.com.au/wp-content/uploads/2022/10/Training-Dagger-03-600x450.jpg
https://progressivemartialarts.com.au/product/aluminum-training-sword-inosanto-academy-kris-sword/	https://progressivemartialarts.com.au/wp-content/uploads/2022/10/blades-004_360x_a81732c8-99d6-4ee9-beb1-63dc64f0eb9c.jpg
https://progressivemartialarts.com.au/product/aluminum-training-sword-inosanto-academy-kris-sword/	https://progressivemartialarts.com.au/wp-content/uploads/2023/02/9FC67EC4-82BE-4EAF-BB28-15B9CAFE5029.jpeg
https://progressivemartialarts.com.au/product/arm-guard/	https://firstsight.design/cherie/beauty/wp-content/uploads/2020/10/Shopping-Cart.svg
https://progressivemartialarts.com.au/product/arm-guard/	https://progressivemartialarts.com.au/wp-content/uploads/2022/10/PMA-logo-2020-11250X60-11.png
https://progressivemartialarts.com.au/product/arm-guard/	https://progressivemartialarts.com.au/wp-content/uploads/2022/10/PMA-logo-2020-12.png
https://progressivemartialarts.com.au/product/arm-guard/	https://progressivemartialarts.com.au/wp-content/uploads/2022/10/Padded-Dagger.1-copy-600x129.jpeg
https://progressivemartialarts.com.au/product/arm-guard/	https://progressivemartialarts.com.au/wp-content/uploads/2022/10/Thai-Pads-Punch-Red-600x600.webp
https://progressivemartialarts.com.au/product/arm-guard/	https://progressivemartialarts.com.au/wp-content/uploads/2022/10/image_d2a89c11-6959-4553-b418-dbe4e42924ef.png
https://progressivemartialarts.com.au/product/arm-guard/	https://progressivemartialarts.com.au/wp-content/uploads/2023/02/56A36E49-581B-4CC6-BF6C-A19F76266461.jpeg
https://progressivemartialarts.com.au/product/arm-guard/	https://progressivemartialarts.com.au/wp-content/uploads/2023/02/Sticks-2026-600x145.jpg
https://progressivemartialarts.com.au/product/arm-guard/	https://progressivemartialarts.com.au/wp-content/uploads/2023/02/lameco-arm-red.1.jpeg
https://progressivemartialarts.com.au/product/arm-guard/	https://progressivemartialarts.com.au/wp-content/uploads/2023/02/lameco_arm_black-scaled.jpg
https://progressivemartialarts.com.au/product/bag-inosanto-academy-duffel-bag-24/	https://firstsight.design/cherie/beauty/wp-content/uploads/2020/10/Shopping-Cart.svg
https://progressivemartialarts.com.au/product/bag-inosanto-academy-duffel-bag-24/	https://progressivemartialarts.com.au/wp-content/uploads/2022/10/PMA-logo-2020-11250X60-11.png
https://progressivemartialarts.com.au/product/bag-inosanto-academy-duffel-bag-24/	https://progressivemartialarts.com.au/wp-content/uploads/2022/10/PMA-logo-2020-12.png
https://progressivemartialarts.com.au/product/bag-inosanto-academy-duffel-bag-24/	https://progressivemartialarts.com.au/wp-content/uploads/2022/10/Training-Dagger-03-600x450.jpg
https://progressivemartialarts.com.au/product/bag-inosanto-academy-duffel-bag-24/	https://progressivemartialarts.com.au/wp-content/uploads/2022/10/duffel_bag_360x_1a306b9c-f46f-491b-9d77-8ad7fe888763.jpg
https://progressivemartialarts.com.au/product/bag-inosanto-academy-duffel-bag-24/	https://progressivemartialarts.com.au/wp-content/uploads/2022/10/image_ccd4135b-3637-42c0-8805-49a53190de04.png
https://progressivemartialarts.com.au/product/bag-inosanto-academy-duffel-bag-24/	https://progressivemartialarts.com.au/wp-content/uploads/2022/10/image_fb853290-905a-4e9c-9b1c-403ca5c200c6-scaled-1-600x694.jpg
https://progressivemartialarts.com.au/product/bag-inosanto-academy-duffel-bag-24/	https://progressivemartialarts.com.au/wp-content/uploads/2025/04/IMG_1254-600x800.jpg
https://progressivemartialarts.com.au/product/bag-inosanto-academy-duffel-bag-with-mesh-panel/	https://firstsight.design/cherie/beauty/wp-content/uploads/2020/10/Shopping-Cart.svg
https://progressivemartialarts.com.au/product/bag-inosanto-academy-duffel-bag-with-mesh-panel/	https://progressivemartialarts.com.au/wp-content/uploads/2022/10/PMA-logo-2020-11250X60-11.png
https://progressivemartialarts.com.au/product/bag-inosanto-academy-duffel-bag-with-mesh-panel/	https://progressivemartialarts.com.au/wp-content/uploads/2022/10/PMA-logo-2020-12.png
https://progressivemartialarts.com.au/product/bag-inosanto-academy-duffel-bag-with-mesh-panel/	https://progressivemartialarts.com.au/wp-content/uploads/2022/10/Padded-Dagger.1-copy-600x129.jpeg
https://progressivemartialarts.com.au/product/bag-inosanto-academy-duffel-bag-with-mesh-panel/	https://progressivemartialarts.com.au/wp-content/uploads/2022/10/Training-Dagger-03-600x450.jpg
https://progressivemartialarts.com.au/product/bag-inosanto-academy-duffel-bag-with-mesh-panel/	https://progressivemartialarts.com.au/wp-content/uploads/2022/10/image_1442eae5-6bc5-459e-a4b5-96ccd262a5ca.png
https://progressivemartialarts.com.au/product/bag-inosanto-academy-duffel-bag-with-mesh-panel/	https://progressivemartialarts.com.au/wp-content/uploads/2022/10/image_2d3d4dd2-1b08-4aa5-8b47-ff2afbb0550c.png
https://progressivemartialarts.com.au/product/bag-inosanto-academy-duffel-bag-with-mesh-panel/	https://progressivemartialarts.com.au/wp-content/uploads/2023/02/56A36E49-581B-4CC6-BF6C-A19F76266461-600x831.jpeg
https://progressivemartialarts.com.au/product/bag-inosanto-academy-duffel-bag-with-mesh-panel/	https://progressivemartialarts.com.au/wp-content/uploads/2023/02/6193C777-56C4-46A1-9420-D1B1C6FCFF80.jpeg
https://progressivemartialarts.com.au/product/bag-inosanto-academy-duffel-bag/	https://firstsight.design/cherie/beauty/wp-content/uploads/2020/10/Shopping-Cart.svg
https://progressivemartialarts.com.au/product/bag-inosanto-academy-duffel-bag/	https://progressivemartialarts.com.au/wp-content/uploads/2022/10/PMA-logo-2020-11250X60-11.png
https://progressivemartialarts.com.au/product/bag-inosanto-academy-duffel-bag/	https://progressivemartialarts.com.au/wp-content/uploads/2022/10/PMA-logo-2020-12.png
https://progressivemartialarts.com.au/product/bag-inosanto-academy-duffel-bag/	https://progressivemartialarts.com.au/wp-content/uploads/2022/10/Padded-Dagger.1-copy-600x129.jpeg
https://progressivemartialarts.com.au/product/bag-inosanto-academy-duffel-bag/	https://progressivemartialarts.com.au/wp-content/uploads/2022/10/image_c19290ca-0a86-4486-9ba2-9be9b933912a.png
https://progressivemartialarts.com.au/product/bag-inosanto-academy-duffel-bag/	https://progressivemartialarts.com.au/wp-content/uploads/2022/10/image_c90c2037-bad6-4fba-a9e7-50d47fb919d4.png
https://progressivemartialarts.com.au/product/bag-inosanto-academy-duffel-bag/	https://progressivemartialarts.com.au/wp-content/uploads/2023/02/Training-Karambit-600x450.jpg
https://progressivemartialarts.com.au/product/bag-inosanto-academy-duffel-bag/	https://progressivemartialarts.com.au/wp-content/uploads/2025/12/IMG_4582-2-scaled.jpg
https://progressivemartialarts.com.au/product/bag-inosanto-academy-duffel-bag/	https://progressivemartialarts.com.au/wp-content/uploads/2025/12/IMG_4583-2-scaled.jpg
https://progressivemartialarts.com.au/product/bag-inosanto-academy-training-dagger-bag/	https://firstsight.design/cherie/beauty/wp-content/uploads/2020/10/Shopping-Cart.svg
https://progressivemartialarts.com.au/product/bag-inosanto-academy-training-dagger-bag/	https://progressivemartialarts.com.au/wp-content/uploads/2022/10/2012-06-Silat-Camp.1-copy.jpg
https://progressivemartialarts.com.au/product/bag-inosanto-academy-training-dagger-bag/	https://progressivemartialarts.com.au/wp-content/uploads/2022/10/2014-05-Disarms-600x924.jpg
https://progressivemartialarts.com.au/product/bag-inosanto-academy-training-dagger-bag/	https://progressivemartialarts.com.au/wp-content/uploads/2022/10/PMA-logo-2020-11250X60-11.png
https://progressivemartialarts.com.au/product/bag-inosanto-academy-training-dagger-bag/	https://progressivemartialarts.com.au/wp-content/uploads/2022/10/PMA-logo-2020-12.png
https://progressivemartialarts.com.au/product/bag-inosanto-academy-training-dagger-bag/	https://progressivemartialarts.com.au/wp-content/uploads/2022/10/blades_model_005_360x_1034b4bd-bce8-47bc-8e62-b1131184e83e.jpg
https://progressivemartialarts.com.au/product/bag-inosanto-academy-training-dagger-bag/	https://progressivemartialarts.com.au/wp-content/uploads/2023/02/Dagger-Bag-Gold.jpeg
https://progressivemartialarts.com.au/product/bag-inosanto-academy-training-dagger-bag/	https://progressivemartialarts.com.au/wp-content/uploads/2026/04/2019-16-Weaponry-1-600x858.jpg
https://progressivemartialarts.com.au/product/baseball-hat-inosanto-baseball-cap/	https://firstsight.design/cherie/beauty/wp-content/uploads/2020/10/Shopping-Cart.svg
https://progressivemartialarts.com.au/product/baseball-hat-inosanto-baseball-cap/	https://progressivemartialarts.com.au/wp-content/uploads/2022/10/2016-07-Legends.1.jpg
https://progressivemartialarts.com.au/product/baseball-hat-inosanto-baseball-cap/	https://progressivemartialarts.com.au/wp-content/uploads/2022/10/PMA-logo-2020-11250X60-11.png
https://progressivemartialarts.com.au/product/baseball-hat-inosanto-baseball-cap/	https://progressivemartialarts.com.au/wp-content/uploads/2022/10/PMA-logo-2020-12.png
https://progressivemartialarts.com.au/product/baseball-hat-inosanto-baseball-cap/	https://progressivemartialarts.com.au/wp-content/uploads/2022/10/inosanto-kali-t-shirt-e1776903428142.jpg
https://progressivemartialarts.com.au/product/baseball-hat-inosanto-baseball-cap/	https://progressivemartialarts.com.au/wp-content/uploads/2023/02/72A02F91-B112-463C-AC5B-E78051291A52_1_105_c.jpeg
https://progressivemartialarts.com.au/product/baseball-hat-inosanto-baseball-cap/	https://progressivemartialarts.com.au/wp-content/uploads/2025/04/2024-07-Legends.1.jpg
https://progressivemartialarts.com.au/product/baseball-hat-inosanto-baseball-cap/	https://progressivemartialarts.com.au/wp-content/uploads/2026/04/2023-14-Mixed-day-2-1-600x830.jpg
https://progressivemartialarts.com.au/product/bolt-basics-of-learning-and-teaching/	https://firstsight.design/cherie/beauty/wp-content/uploads/2020/10/Shopping-Cart.svg
https://progressivemartialarts.com.au/product/bolt-basics-of-learning-and-teaching/	https://progressivemartialarts.com.au/wp-content/uploads/2022/10/2012-11-Pangamut-600x1074.jpg
https://progressivemartialarts.com.au/product/bolt-basics-of-learning-and-teaching/	https://progressivemartialarts.com.au/wp-content/uploads/2022/10/PMA-logo-2020-11250X60-11.png
https://progressivemartialarts.com.au/product/bolt-basics-of-learning-and-teaching/	https://progressivemartialarts.com.au/wp-content/uploads/2022/10/PMA-logo-2020-12.png
https://progressivemartialarts.com.au/product/bolt-basics-of-learning-and-teaching/	https://progressivemartialarts.com.au/wp-content/uploads/2022/10/dvd-bolt-wrestling_360x_2773eba6-7a00-4d66-9287-70cd0c021687.jpg
https://progressivemartialarts.com.au/product/bolt-basics-of-learning-and-teaching/	https://progressivemartialarts.com.au/wp-content/uploads/2026/04/2013-05-12-Areas-2-600x993.jpg
https://progressivemartialarts.com.au/product/bolt-basics-of-learning-and-teaching/	https://progressivemartialarts.com.au/wp-content/uploads/2026/04/2013-09-Dumog-600x1013.jpg
https://progressivemartialarts.com.au/product/bolt-basics-of-learning-and-teaching/	https://progressivemartialarts.com.au/wp-content/uploads/2026/04/2013-14-Jun-FanJKD-600x997.jpg
https://progressivemartialarts.com.au/product/book-a-path-of-mastery/	https://firstsight.design/cherie/beauty/wp-content/uploads/2020/10/Shopping-Cart.svg
https://progressivemartialarts.com.au/product/book-a-path-of-mastery/	https://progressivemartialarts.com.au/wp-content/uploads/2022/10/121.jpg
https://progressivemartialarts.com.au/product/book-a-path-of-mastery/	https://progressivemartialarts.com.au/wp-content/uploads/2022/10/PMA-logo-2020-11250X60-11.png
https://progressivemartialarts.com.au/product/book-a-path-of-mastery/	https://progressivemartialarts.com.au/wp-content/uploads/2022/10/PMA-logo-2020-12.png
https://progressivemartialarts.com.au/product/book-a-path-of-mastery/	https://progressivemartialarts.com.au/wp-content/uploads/2022/10/dvd-wingchun-mma_540x_3a7a76b0-19be-48e3-86fc-5b0ebd10b420.jpg
https://progressivemartialarts.com.au/product/book-a-path-of-mastery/	https://progressivemartialarts.com.au/wp-content/uploads/2022/10/fong-book_360x_a71ad87f-c701-4e8e-b028-c11666e78792.jpg
https://progressivemartialarts.com.au/product/book-a-path-of-mastery/	https://progressivemartialarts.com.au/wp-content/uploads/2025/04/2019-15-JKD-1-600x844.jpg
https://progressivemartialarts.com.au/product/book-a-path-of-mastery/	https://progressivemartialarts.com.au/wp-content/uploads/2026/04/2017-15-JKD-1-600x777.jpg
https://progressivemartialarts.com.au/product/boxing-gloves-12oz-morgan-brand-brown-leather/	https://firstsight.design/cherie/beauty/wp-content/uploads/2020/10/Shopping-Cart.svg
https://progressivemartialarts.com.au/product/boxing-gloves-12oz-morgan-brand-brown-leather/	https://progressivemartialarts.com.au/wp-content/uploads/2022/10/PMA-logo-2020-11250X60-11.png
https://progressivemartialarts.com.au/product/boxing-gloves-12oz-morgan-brand-brown-leather/	https://progressivemartialarts.com.au/wp-content/uploads/2022/10/PMA-logo-2020-12.png
https://progressivemartialarts.com.au/product/boxing-gloves-12oz-morgan-brand-brown-leather/	https://progressivemartialarts.com.au/wp-content/uploads/2022/10/Thai-Pads-Punch-Red-600x600.webp
https://progressivemartialarts.com.au/product/boxing-gloves-12oz-morgan-brand-brown-leather/	https://progressivemartialarts.com.au/wp-content/uploads/2022/10/image_c19290ca-0a86-4486-9ba2-9be9b933912a.png
https://progressivemartialarts.com.au/product/boxing-gloves-12oz-morgan-brand-brown-leather/	https://progressivemartialarts.com.au/wp-content/uploads/2023/02/Lameco-Hand-Black-600x552.jpg
https://progressivemartialarts.com.au/product/boxing-gloves-12oz-morgan-brand-brown-leather/	https://progressivemartialarts.com.au/wp-content/uploads/2023/02/Sticks-2026-600x145.jpg
https://progressivemartialarts.com.au/product/boxing-gloves-12oz-morgan-brand-brown-leather/	https://progressivemartialarts.com.au/wp-content/uploads/2026/05/Boxing-Gloves-Morgan-16.jpg
https://progressivemartialarts.com.au/product/boxing-gloves-12oz-morgan-brand-brown-leather/	https://progressivemartialarts.com.au/wp-content/uploads/2026/05/Boxing-Gloves-Morgan-4.jpg
https://progressivemartialarts.com.au/product/boxing-gloves-12oz-morgan-brand-brown-leather/	https://progressivemartialarts.com.au/wp-content/uploads/2026/05/Boxing-Gloves-Morgan-5.jpg
https://progressivemartialarts.com.au/product/boxing-gloves-12oz-punch-brand-black-red-and-blue/	https://firstsight.design/cherie/beauty/wp-content/uploads/2020/10/Shopping-Cart.svg
https://progressivemartialarts.com.au/product/boxing-gloves-12oz-punch-brand-black-red-and-blue/	https://progressivemartialarts.com.au/wp-content/uploads/2022/10/PMA-logo-2020-11250X60-11.png
https://progressivemartialarts.com.au/product/boxing-gloves-12oz-punch-brand-black-red-and-blue/	https://progressivemartialarts.com.au/wp-content/uploads/2022/10/PMA-logo-2020-12.png
https://progressivemartialarts.com.au/product/boxing-gloves-12oz-punch-brand-black-red-and-blue/	https://progressivemartialarts.com.au/wp-content/uploads/2022/10/Thai-Pads-Punch-Red-600x600.webp
https://progressivemartialarts.com.au/product/boxing-gloves-12oz-punch-brand-black-red-and-blue/	https://progressivemartialarts.com.au/wp-content/uploads/2022/10/image_d2a89c11-6959-4553-b418-dbe4e42924ef.png
https://progressivemartialarts.com.au/product/boxing-gloves-12oz-punch-brand-black-red-and-blue/	https://progressivemartialarts.com.au/wp-content/uploads/2022/10/image_fb853290-905a-4e9c-9b1c-403ca5c200c6-scaled-1-600x694.jpg
https://progressivemartialarts.com.au/product/boxing-gloves-12oz-punch-brand-black-red-and-blue/	https://progressivemartialarts.com.au/wp-content/uploads/2023/02/56A36E49-581B-4CC6-BF6C-A19F76266461-600x831.jpeg
https://progressivemartialarts.com.au/product/boxing-gloves-12oz-punch-brand-black-red-and-blue/	https://progressivemartialarts.com.au/wp-content/uploads/2025/04/IMG_1254-scaled.jpg
https://progressivemartialarts.com.au/product/boxing-gloves-12oz-punch-brand-black-red-and-blue/	https://progressivemartialarts.com.au/wp-content/uploads/2025/04/IMG_1255-scaled.jpg
https://progressivemartialarts.com.au/product/boxing-gloves-12oz-punch-brand-black-red-and-blue/	https://progressivemartialarts.com.au/wp-content/uploads/2025/04/IMG_1256-scaled.jpg
https://progressivemartialarts.com.au/product/boxing-gloves-12oz-punch-brand-black-with-gold-skulls/	https://firstsight.design/cherie/beauty/wp-content/uploads/2020/10/Shopping-Cart.svg
https://progressivemartialarts.com.au/product/boxing-gloves-12oz-punch-brand-black-with-gold-skulls/	https://progressivemartialarts.com.au/wp-content/uploads/2022/10/PMA-logo-2020-11250X60-11.png
https://progressivemartialarts.com.au/product/boxing-gloves-12oz-punch-brand-black-with-gold-skulls/	https://progressivemartialarts.com.au/wp-content/uploads/2022/10/PMA-logo-2020-12.png
https://progressivemartialarts.com.au/product/boxing-gloves-12oz-punch-brand-black-with-gold-skulls/	https://progressivemartialarts.com.au/wp-content/uploads/2022/10/Training-Dagger-02-600x450.jpg
https://progressivemartialarts.com.au/product/boxing-gloves-12oz-punch-brand-black-with-gold-skulls/	https://progressivemartialarts.com.au/wp-content/uploads/2022/10/punch-hand-wraps-e1778715967245.jpg
https://progressivemartialarts.com.au/product/boxing-gloves-12oz-punch-brand-black-with-gold-skulls/	https://progressivemartialarts.com.au/wp-content/uploads/2023/02/56A36E49-581B-4CC6-BF6C-A19F76266461-600x831.jpeg
https://progressivemartialarts.com.au/product/boxing-gloves-12oz-punch-brand-black-with-gold-skulls/	https://progressivemartialarts.com.au/wp-content/uploads/2023/02/Sticks-2026-600x145.jpg
https://progressivemartialarts.com.au/product/boxing-gloves-12oz-punch-brand-black-with-gold-skulls/	https://progressivemartialarts.com.au/wp-content/uploads/2024/10/IMG_1249.heic
https://progressivemartialarts.com.au/product/boxing-gloves-12oz-punch-brand-black-with-gold-skulls/	https://progressivemartialarts.com.au/wp-content/uploads/2024/10/gold-skulls-boxing-gloves-1-2020.jpg.webp
https://progressivemartialarts.com.au/product/boxing-gloves-12oz-punch-brand-black-with-gold-skulls/	https://progressivemartialarts.com.au/wp-content/uploads/2024/10/gold-skulls-boxing-gloves-3.jpg.webp
https://progressivemartialarts.com.au/product/boxing-gloves-12oz-punch-brand-black-with-gold-skulls/	https://progressivemartialarts.com.au/wp-content/uploads/2024/10/gold-skulls-boxing-gloves-8.jpg.webp
https://progressivemartialarts.com.au/product/boxing-gloves-12oz-punch-brand-white-with-gold-skulls/	https://firstsight.design/cherie/beauty/wp-content/uploads/2020/10/Shopping-Cart.svg
https://progressivemartialarts.com.au/product/boxing-gloves-12oz-punch-brand-white-with-gold-skulls/	https://progressivemartialarts.com.au/wp-content/uploads/2022/10/PMA-logo-2020-11250X60-11.png
https://progressivemartialarts.com.au/product/boxing-gloves-12oz-punch-brand-white-with-gold-skulls/	https://progressivemartialarts.com.au/wp-content/uploads/2022/10/PMA-logo-2020-12.png
https://progressivemartialarts.com.au/product/boxing-gloves-12oz-punch-brand-white-with-gold-skulls/	https://progressivemartialarts.com.au/wp-content/uploads/2022/10/Padded-Sticks-all-3-600x454.jpg
https://progressivemartialarts.com.au/product/boxing-gloves-12oz-punch-brand-white-with-gold-skulls/	https://progressivemartialarts.com.au/wp-content/uploads/2022/10/Training-Dagger-06-600x450.jpg
https://progressivemartialarts.com.au/product/boxing-gloves-12oz-punch-brand-white-with-gold-skulls/	https://progressivemartialarts.com.au/wp-content/uploads/2022/10/image_c19290ca-0a86-4486-9ba2-9be9b933912a.png
https://progressivemartialarts.com.au/product/boxing-gloves-12oz-punch-brand-white-with-gold-skulls/	https://progressivemartialarts.com.au/wp-content/uploads/2023/02/34B25B94-D443-4893-BCB2-AE38065A234A-600x732.jpeg
https://progressivemartialarts.com.au/product/boxing-gloves-12oz-punch-brand-white-with-gold-skulls/	https://progressivemartialarts.com.au/wp-content/uploads/2023/09/IMG_3119-188kb.jpg
https://progressivemartialarts.com.au/product/brazilian-jiu-jitsu-black-belt-techniques/	https://firstsight.design/cherie/beauty/wp-content/uploads/2020/10/Shopping-Cart.svg
https://progressivemartialarts.com.au/product/brazilian-jiu-jitsu-black-belt-techniques/	https://progressivemartialarts.com.au/wp-content/uploads/2022/10/121.jpg
https://progressivemartialarts.com.au/product/brazilian-jiu-jitsu-black-belt-techniques/	https://progressivemartialarts.com.au/wp-content/uploads/2022/10/124-600x831.jpg
https://progressivemartialarts.com.au/product/brazilian-jiu-jitsu-black-belt-techniques/	https://progressivemartialarts.com.au/wp-content/uploads/2022/10/2010_calendar_360x_f12e80dc-3edf-4d16-83e4-eb93056880eb.jpg
https://progressivemartialarts.com.au/product/brazilian-jiu-jitsu-black-belt-techniques/	https://progressivemartialarts.com.au/wp-content/uploads/2022/10/2016-australian-tour-shirt-2.jpg
https://progressivemartialarts.com.au/product/brazilian-jiu-jitsu-black-belt-techniques/	https://progressivemartialarts.com.au/wp-content/uploads/2022/10/BJJ-Book-back.webp
https://progressivemartialarts.com.au/product/brazilian-jiu-jitsu-black-belt-techniques/	https://progressivemartialarts.com.au/wp-content/uploads/2022/10/PMA-logo-2020-11250X60-11.png
https://progressivemartialarts.com.au/product/brazilian-jiu-jitsu-black-belt-techniques/	https://progressivemartialarts.com.au/wp-content/uploads/2022/10/PMA-logo-2020-12.png
https://progressivemartialarts.com.au/product/brazilian-jiu-jitsu-black-belt-techniques/	https://progressivemartialarts.com.au/wp-content/uploads/2026/04/2023-14-Mixed-day-2-1-600x830.jpg
https://progressivemartialarts.com.au/product/bruce-lee-forever-a-tribute-to-the-one-and-only-taky-kimura/	https://firstsight.design/cherie/beauty/wp-content/uploads/2020/10/Shopping-Cart.svg
https://progressivemartialarts.com.au/product/bruce-lee-forever-a-tribute-to-the-one-and-only-taky-kimura/	https://progressivemartialarts.com.au/wp-content/uploads/2022/10/121.jpg
https://progressivemartialarts.com.au/product/bruce-lee-forever-a-tribute-to-the-one-and-only-taky-kimura/	https://progressivemartialarts.com.au/wp-content/uploads/2022/10/122-600x400.jpg
https://progressivemartialarts.com.au/product/bruce-lee-forever-a-tribute-to-the-one-and-only-taky-kimura/	https://progressivemartialarts.com.au/wp-content/uploads/2022/10/2010_calendar_360x_f12e80dc-3edf-4d16-83e4-eb93056880eb.jpg
https://progressivemartialarts.com.au/product/bruce-lee-forever-a-tribute-to-the-one-and-only-taky-kimura/	https://progressivemartialarts.com.au/wp-content/uploads/2022/10/Kimura-poster.jpeg
https://progressivemartialarts.com.au/product/bruce-lee-forever-a-tribute-to-the-one-and-only-taky-kimura/	https://progressivemartialarts.com.au/wp-content/uploads/2022/10/PMA-logo-2020-11250X60-11.png
https://progressivemartialarts.com.au/product/bruce-lee-forever-a-tribute-to-the-one-and-only-taky-kimura/	https://progressivemartialarts.com.au/wp-content/uploads/2022/10/PMA-logo-2020-12.png
https://progressivemartialarts.com.au/product/bruce-lee-forever-a-tribute-to-the-one-and-only-taky-kimura/	https://progressivemartialarts.com.au/wp-content/uploads/2022/10/inosanto-absorb-what-is-useful-singlet-e1776830771357.jpg
https://progressivemartialarts.com.au/product/bruce-lee-tao-of-jeet-kune-do/	https://firstsight.design/cherie/beauty/wp-content/uploads/2020/10/Shopping-Cart.svg
https://progressivemartialarts.com.au/product/bruce-lee-tao-of-jeet-kune-do/	https://progressivemartialarts.com.au/wp-content/uploads/2022/10/122.jpg
https://progressivemartialarts.com.au/product/bruce-lee-tao-of-jeet-kune-do/	https://progressivemartialarts.com.au/wp-content/uploads/2022/10/124-600x831.jpg
https://progressivemartialarts.com.au/product/bruce-lee-tao-of-jeet-kune-do/	https://progressivemartialarts.com.au/wp-content/uploads/2022/10/2010_calendar_360x_f12e80dc-3edf-4d16-83e4-eb93056880eb.jpg
https://progressivemartialarts.com.au/product/bruce-lee-tao-of-jeet-kune-do/	https://progressivemartialarts.com.au/wp-content/uploads/2022/10/PMA-logo-2020-11250X60-11.png
https://progressivemartialarts.com.au/product/bruce-lee-tao-of-jeet-kune-do/	https://progressivemartialarts.com.au/wp-content/uploads/2022/10/PMA-logo-2020-12.png
https://progressivemartialarts.com.au/product/bruce-lee-tao-of-jeet-kune-do/	https://progressivemartialarts.com.au/wp-content/uploads/2022/10/baseball-absorb-black-grey-store_360x_ffca1cc8-90ef-4233-861d-f21c71234481.jpg
https://progressivemartialarts.com.au/product/bruce-lee-tao-of-jeet-kune-do/	https://progressivemartialarts.com.au/wp-content/uploads/2022/10/baseball-absorb-blue-gold-front_360x_ce6cd087-2dde-4485-ab52-685c651bf450.jpg
https://progressivemartialarts.com.au/product/calendar-2010-remember-reclaim/	https://firstsight.design/cherie/beauty/wp-content/uploads/2020/10/Shopping-Cart.svg
https://progressivemartialarts.com.au/product/calendar-2010-remember-reclaim/	https://progressivemartialarts.com.au/wp-content/uploads/2022/10/121.jpg
https://progressivemartialarts.com.au/product/calendar-2010-remember-reclaim/	https://progressivemartialarts.com.au/wp-content/uploads/2022/10/2010_calendar_360x_f12e80dc-3edf-4d16-83e4-eb93056880eb.jpg
https://progressivemartialarts.com.au/product/calendar-2010-remember-reclaim/	https://progressivemartialarts.com.au/wp-content/uploads/2022/10/PMA-logo-2020-11250X60-11.png
https://progressivemartialarts.com.au/product/calendar-2010-remember-reclaim/	https://progressivemartialarts.com.au/wp-content/uploads/2022/10/PMA-logo-2020-12.png
https://progressivemartialarts.com.au/product/calendar-2010-remember-reclaim/	https://progressivemartialarts.com.au/wp-content/uploads/2022/10/Winning-Mindset-Front-600x900.jpg
https://progressivemartialarts.com.au/product/calendar-2010-remember-reclaim/	https://progressivemartialarts.com.au/wp-content/uploads/2022/10/Wise-Sheperd-cover-600x953.jpg
https://progressivemartialarts.com.au/product/calendar-2010-remember-reclaim/	https://progressivemartialarts.com.au/wp-content/uploads/2022/10/fong-book_360x_a71ad87f-c701-4e8e-b028-c11666e78792.jpg
https://progressivemartialarts.com.au/product/capoeira-for-active-adults/	https://firstsight.design/cherie/beauty/wp-content/uploads/2020/10/Shopping-Cart.svg
https://progressivemartialarts.com.au/product/capoeira-for-active-adults/	https://progressivemartialarts.com.au/wp-content/uploads/2022/10/2014-13-Mixed-Arts-4-disc-600x1002.jpg
https://progressivemartialarts.com.au/product/capoeira-for-active-adults/	https://progressivemartialarts.com.au/wp-content/uploads/2022/10/PMA-logo-2020-11250X60-11.png
https://progressivemartialarts.com.au/product/capoeira-for-active-adults/	https://progressivemartialarts.com.au/wp-content/uploads/2022/10/PMA-logo-2020-12.png
https://progressivemartialarts.com.au/product/capoeira-for-active-adults/	https://progressivemartialarts.com.au/wp-content/uploads/2022/10/dvd-bolt-wrestling_360x_2773eba6-7a00-4d66-9287-70cd0c021687.jpg
https://progressivemartialarts.com.au/product/capoeira-for-active-adults/	https://progressivemartialarts.com.au/wp-content/uploads/2022/10/dvd-capoeira-active_360x_af314fdf-57e8-402e-b117-8fc1deac6fc3.jpg
https://progressivemartialarts.com.au/product/capoeira-for-active-adults/	https://progressivemartialarts.com.au/wp-content/uploads/2026/04/2013-05-12-Areas-2-600x993.jpg
https://progressivemartialarts.com.au/product/capoeira-for-active-adults/	https://progressivemartialarts.com.au/wp-content/uploads/2026/04/2013-13-Mixed-Arts-4-disc-600x991.jpg
https://progressivemartialarts.com.au/product/cd-buddy-helm-training-music/	https://firstsight.design/cherie/beauty/wp-content/uploads/2020/10/Shopping-Cart.svg
https://progressivemartialarts.com.au/product/cd-buddy-helm-training-music/	https://progressivemartialarts.com.au/wp-content/uploads/2022/10/Heavens-Drums-front-600x601.jpeg
https://progressivemartialarts.com.au/product/cd-buddy-helm-training-music/	https://progressivemartialarts.com.au/wp-content/uploads/2022/10/PMA-logo-2020-11250X60-11.png
https://progressivemartialarts.com.au/product/cd-buddy-helm-training-music/	https://progressivemartialarts.com.au/wp-content/uploads/2022/10/PMA-logo-2020-12.png
https://progressivemartialarts.com.au/product/cd-buddy-helm-training-music/	https://progressivemartialarts.com.au/wp-content/uploads/2022/10/dvd-rhythmic-training_360x_cb6de2e8-250d-483e-ba6d-86c714d752bc.jpg
https://progressivemartialarts.com.au/product/cd-buddy-helm-training-music/	https://progressivemartialarts.com.au/wp-content/uploads/2022/10/helm_cd_back.jpg
https://progressivemartialarts.com.au/product/cd-buddy-helm-training-music/	https://progressivemartialarts.com.au/wp-content/uploads/2022/10/helm_cd_front_360x_d8ac5c97-b654-4d2c-bef6-e968d4681d2b.jpg
https://progressivemartialarts.com.au/product/cd-buddy-helm-training-music/	https://progressivemartialarts.com.au/wp-content/uploads/2026/04/2013-08-Panantukan-600x985.jpg
https://progressivemartialarts.com.au/product/cd-buddy-helm-training-music/	https://progressivemartialarts.com.au/wp-content/uploads/2026/04/2013-15-Disarms-600x978.jpg
https://progressivemartialarts.com.au/product/cd-heavens-drums/	https://firstsight.design/cherie/beauty/wp-content/uploads/2020/10/Shopping-Cart.svg
https://progressivemartialarts.com.au/product/cd-heavens-drums/	https://progressivemartialarts.com.au/wp-content/uploads/2022/10/2012-08-Sensitivity-600x1002.jpg
https://progressivemartialarts.com.au/product/cd-heavens-drums/	https://progressivemartialarts.com.au/wp-content/uploads/2022/10/2014-15-Joint-Locking-600x989.jpg
https://progressivemartialarts.com.au/product/cd-heavens-drums/	https://progressivemartialarts.com.au/wp-content/uploads/2022/10/Heavens-Drums-Insert.1.jpeg
https://progressivemartialarts.com.au/product/cd-heavens-drums/	https://progressivemartialarts.com.au/wp-content/uploads/2022/10/Heavens-Drums-front.jpeg
https://progressivemartialarts.com.au/product/cd-heavens-drums/	https://progressivemartialarts.com.au/wp-content/uploads/2022/10/PMA-logo-2020-11250X60-11.png
https://progressivemartialarts.com.au/product/cd-heavens-drums/	https://progressivemartialarts.com.au/wp-content/uploads/2022/10/PMA-logo-2020-12.png
https://progressivemartialarts.com.au/product/cd-heavens-drums/	https://progressivemartialarts.com.au/wp-content/uploads/2022/10/dvd-wingchun-mma_540x_3a7a76b0-19be-48e3-86fc-5b0ebd10b420.jpg
https://progressivemartialarts.com.au/product/cd-heavens-drums/	https://progressivemartialarts.com.au/wp-content/uploads/2026/04/2013-05-12-Areas-2-600x993.jpg
https://progressivemartialarts.com.au/product/dan-inosanto-legends-foldout-poster-with-bruce-lee/	https://firstsight.design/cherie/beauty/wp-content/uploads/2020/10/Shopping-Cart.svg
https://progressivemartialarts.com.au/product/dan-inosanto-legends-foldout-poster-with-bruce-lee/	https://progressivemartialarts.com.au/wp-content/uploads/2022/10/124.jpg
https://progressivemartialarts.com.au/product/dan-inosanto-legends-foldout-poster-with-bruce-lee/	https://progressivemartialarts.com.au/wp-content/uploads/2022/10/125.jpg
https://progressivemartialarts.com.au/product/dan-inosanto-legends-foldout-poster-with-bruce-lee/	https://progressivemartialarts.com.au/wp-content/uploads/2022/10/126.jpg
https://progressivemartialarts.com.au/product/dan-inosanto-legends-foldout-poster-with-bruce-lee/	https://progressivemartialarts.com.au/wp-content/uploads/2022/10/2012-08-Sensitivity-600x1002.jpg
https://progressivemartialarts.com.au/product/dan-inosanto-legends-foldout-poster-with-bruce-lee/	https://progressivemartialarts.com.au/wp-content/uploads/2022/10/Kimura-poster.jpeg
https://progressivemartialarts.com.au/product/dan-inosanto-legends-foldout-poster-with-bruce-lee/	https://progressivemartialarts.com.au/wp-content/uploads/2022/10/PMA-logo-2020-11250X60-11.png
https://progressivemartialarts.com.au/product/dan-inosanto-legends-foldout-poster-with-bruce-lee/	https://progressivemartialarts.com.au/wp-content/uploads/2022/10/PMA-logo-2020-12.png
https://progressivemartialarts.com.au/product/dan-inosanto-legends-foldout-poster-with-bruce-lee/	https://progressivemartialarts.com.au/wp-content/uploads/2022/10/Wise-Sheperd-cover-600x953.jpg
https://progressivemartialarts.com.au/product/dan-inosanto-legends-foldout-poster-with-bruce-lee/	https://progressivemartialarts.com.au/wp-content/uploads/2022/10/fong-book_360x_a71ad87f-c701-4e8e-b028-c11666e78792.jpg
https://progressivemartialarts.com.au/product/dosmanos-sticks/	https://firstsight.design/cherie/beauty/wp-content/uploads/2020/10/Shopping-Cart.svg
https://progressivemartialarts.com.au/product/dosmanos-sticks/	https://progressivemartialarts.com.au/wp-content/uploads/2022/10/PMA-logo-2020-11250X60-11.png
https://progressivemartialarts.com.au/product/dosmanos-sticks/	https://progressivemartialarts.com.au/wp-content/uploads/2022/10/PMA-logo-2020-12.png
https://progressivemartialarts.com.au/product/dosmanos-sticks/	https://progressivemartialarts.com.au/wp-content/uploads/2022/10/Training-Dagger-03-600x450.jpg
https://progressivemartialarts.com.au/product/dosmanos-sticks/	https://progressivemartialarts.com.au/wp-content/uploads/2022/10/image_82fa5c0c-07d7-42de-b015-40813f3fb6bc-600x450.webp
https://progressivemartialarts.com.au/product/dosmanos-sticks/	https://progressivemartialarts.com.au/wp-content/uploads/2023/02/56A36E49-581B-4CC6-BF6C-A19F76266461-600x831.jpeg
https://progressivemartialarts.com.au/product/dosmanos-sticks/	https://progressivemartialarts.com.au/wp-content/uploads/2023/02/6193C777-56C4-46A1-9420-D1B1C6FCFF80.jpeg
https://progressivemartialarts.com.au/product/dosmanos-sticks/	https://progressivemartialarts.com.au/wp-content/uploads/2025/01/IMG_0707.heic
https://progressivemartialarts.com.au/product/dubin-michael-dubin-drumming-seven-essential-rhythms-for-instructors/	https://firstsight.design/cherie/beauty/wp-content/uploads/2020/10/Shopping-Cart.svg
https://progressivemartialarts.com.au/product/dubin-michael-dubin-drumming-seven-essential-rhythms-for-instructors/	https://progressivemartialarts.com.au/wp-content/uploads/2022/10/2014-13-Mixed-Arts-4-disc-600x1002.jpg
https://progressivemartialarts.com.au/product/dubin-michael-dubin-drumming-seven-essential-rhythms-for-instructors/	https://progressivemartialarts.com.au/wp-content/uploads/2022/10/PMA-logo-2020-11250X60-11.png
https://progressivemartialarts.com.au/product/dubin-michael-dubin-drumming-seven-essential-rhythms-for-instructors/	https://progressivemartialarts.com.au/wp-content/uploads/2022/10/PMA-logo-2020-12.png
https://progressivemartialarts.com.au/product/dubin-michael-dubin-drumming-seven-essential-rhythms-for-instructors/	https://progressivemartialarts.com.au/wp-content/uploads/2022/10/dvd-dubin-drumming_360x_77fc0434-c184-439d-bd32-9565ad9e2d65.jpg
https://progressivemartialarts.com.au/product/dubin-michael-dubin-drumming-seven-essential-rhythms-for-instructors/	https://progressivemartialarts.com.au/wp-content/uploads/2026/04/2013-05-12-Areas-2-600x993.jpg
https://progressivemartialarts.com.au/product/dubin-michael-dubin-drumming-seven-essential-rhythms-for-instructors/	https://progressivemartialarts.com.au/wp-content/uploads/2026/04/2013-13-Mixed-Arts-4-disc-600x991.jpg
https://progressivemartialarts.com.au/product/dubin-michael-dubin-drumming-seven-essential-rhythms-for-instructors/	https://progressivemartialarts.com.au/wp-content/uploads/2026/04/2017-18-Locks-and-Controls-1-600x751.jpg
https://progressivemartialarts.com.au/product/dubin-rhythmic-training-for-martial-arts/	https://firstsight.design/cherie/beauty/wp-content/uploads/2020/10/Shopping-Cart.svg
https://progressivemartialarts.com.au/product/dubin-rhythmic-training-for-martial-arts/	https://progressivemartialarts.com.au/wp-content/uploads/2022/10/2014-13-Mixed-Arts-4-disc-600x1002.jpg
https://progressivemartialarts.com.au/product/dubin-rhythmic-training-for-martial-arts/	https://progressivemartialarts.com.au/wp-content/uploads/2022/10/PMA-logo-2020-11250X60-11.png
https://progressivemartialarts.com.au/product/dubin-rhythmic-training-for-martial-arts/	https://progressivemartialarts.com.au/wp-content/uploads/2022/10/PMA-logo-2020-12.png
https://progressivemartialarts.com.au/product/dubin-rhythmic-training-for-martial-arts/	https://progressivemartialarts.com.au/wp-content/uploads/2022/10/dvd-dubin-drumming_360x_77fc0434-c184-439d-bd32-9565ad9e2d65.jpg
https://progressivemartialarts.com.au/product/dubin-rhythmic-training-for-martial-arts/	https://progressivemartialarts.com.au/wp-content/uploads/2022/10/dvd-rhythmic-training_360x_cb6de2e8-250d-483e-ba6d-86c714d752bc.jpg
https://progressivemartialarts.com.au/product/dubin-rhythmic-training-for-martial-arts/	https://progressivemartialarts.com.au/wp-content/uploads/2022/10/dvd-wingchun-mma_540x_3a7a76b0-19be-48e3-86fc-5b0ebd10b420.jpg
https://progressivemartialarts.com.au/product/dubin-rhythmic-training-for-martial-arts/	https://progressivemartialarts.com.au/wp-content/uploads/2026/04/2013-08-Panantukan-600x985.jpg
https://progressivemartialarts.com.au/product/focus-mitts-micro-fuerte-punch-brand-thumpas/	https://firstsight.design/cherie/beauty/wp-content/uploads/2020/10/Shopping-Cart.svg
https://progressivemartialarts.com.au/product/focus-mitts-micro-fuerte-punch-brand-thumpas/	https://progressivemartialarts.com.au/wp-content/uploads/2022/10/PMA-logo-2020-11250X60-11.png
https://progressivemartialarts.com.au/product/focus-mitts-micro-fuerte-punch-brand-thumpas/	https://progressivemartialarts.com.au/wp-content/uploads/2022/10/PMA-logo-2020-12.png
https://progressivemartialarts.com.au/product/focus-mitts-micro-fuerte-punch-brand-thumpas/	https://progressivemartialarts.com.au/wp-content/uploads/2022/10/image_c90c2037-bad6-4fba-a9e7-50d47fb919d4.png
https://progressivemartialarts.com.au/product/focus-mitts-micro-fuerte-punch-brand-thumpas/	https://progressivemartialarts.com.au/wp-content/uploads/2022/10/image_ccd4135b-3637-42c0-8805-49a53190de04.png
https://progressivemartialarts.com.au/product/focus-mitts-micro-fuerte-punch-brand-thumpas/	https://progressivemartialarts.com.au/wp-content/uploads/2023/02/56A36E49-581B-4CC6-BF6C-A19F76266461-600x831.jpeg
https://progressivemartialarts.com.au/product/focus-mitts-micro-fuerte-punch-brand-thumpas/	https://progressivemartialarts.com.au/wp-content/uploads/2023/02/Training-Karambit-600x450.jpg
https://progressivemartialarts.com.au/product/focus-mitts-micro-fuerte-punch-brand-thumpas/	https://progressivemartialarts.com.au/wp-content/uploads/2023/08/IMG_2848-scaled-e1778709875184.jpeg
https://progressivemartialarts.com.au/product/focus-mitts-morgan-brand-thumpas/	https://firstsight.design/cherie/beauty/wp-content/uploads/2020/10/Shopping-Cart.svg
https://progressivemartialarts.com.au/product/focus-mitts-morgan-brand-thumpas/	https://progressivemartialarts.com.au/wp-content/uploads/2022/10/PMA-logo-2020-11250X60-11.png
https://progressivemartialarts.com.au/product/focus-mitts-morgan-brand-thumpas/	https://progressivemartialarts.com.au/wp-content/uploads/2022/10/PMA-logo-2020-12.png
https://progressivemartialarts.com.au/product/focus-mitts-morgan-brand-thumpas/	https://progressivemartialarts.com.au/wp-content/uploads/2022/10/Padded-Sticks-all-3-600x454.jpg
https://progressivemartialarts.com.au/product/focus-mitts-morgan-brand-thumpas/	https://progressivemartialarts.com.au/wp-content/uploads/2022/10/image_82fa5c0c-07d7-42de-b015-40813f3fb6bc-600x450.webp
https://progressivemartialarts.com.au/product/focus-mitts-morgan-brand-thumpas/	https://progressivemartialarts.com.au/wp-content/uploads/2023/02/34B25B94-D443-4893-BCB2-AE38065A234A-600x732.jpeg
https://progressivemartialarts.com.au/product/focus-mitts-morgan-brand-thumpas/	https://progressivemartialarts.com.au/wp-content/uploads/2023/02/Lameco-Hand-Black-600x552.jpg
https://progressivemartialarts.com.au/product/focus-mitts-morgan-brand-thumpas/	https://progressivemartialarts.com.au/wp-content/uploads/2026/05/Focus-Mitts-Morgan-2.jpg
https://progressivemartialarts.com.au/product/focus-mitts-morgan-brand-thumpas/	https://progressivemartialarts.com.au/wp-content/uploads/2026/05/Focus-Mitts-Morgan.jpg
https://progressivemartialarts.com.au/product/focus-mitts-punch-brand-thumpas-2/	https://firstsight.design/cherie/beauty/wp-content/uploads/2020/10/Shopping-Cart.svg
https://progressivemartialarts.com.au/product/focus-mitts-punch-brand-thumpas-2/	https://progressivemartialarts.com.au/wp-content/uploads/2022/10/PMA-logo-2020-11250X60-11.png
https://progressivemartialarts.com.au/product/focus-mitts-punch-brand-thumpas-2/	https://progressivemartialarts.com.au/wp-content/uploads/2022/10/PMA-logo-2020-12.png
https://progressivemartialarts.com.au/product/focus-mitts-punch-brand-thumpas-2/	https://progressivemartialarts.com.au/wp-content/uploads/2022/10/Thai-Pads-Punch-Red-600x600.webp
https://progressivemartialarts.com.au/product/focus-mitts-punch-brand-thumpas-2/	https://progressivemartialarts.com.au/wp-content/uploads/2022/10/Training-Dagger-03-600x450.jpg
https://progressivemartialarts.com.au/product/focus-mitts-punch-brand-thumpas-2/	https://progressivemartialarts.com.au/wp-content/uploads/2022/10/Training-Dagger-06-600x450.jpg
https://progressivemartialarts.com.au/product/focus-mitts-punch-brand-thumpas-2/	https://progressivemartialarts.com.au/wp-content/uploads/2023/02/6193C777-56C4-46A1-9420-D1B1C6FCFF80.jpeg
https://progressivemartialarts.com.au/product/focus-mitts-punch-brand-thumpas-2/	https://progressivemartialarts.com.au/wp-content/uploads/2025/04/IMG_1257-scaled.jpg
https://progressivemartialarts.com.au/product/focus-mitts-punch-brand-thumpas/	https://firstsight.design/cherie/beauty/wp-content/uploads/2020/10/Shopping-Cart.svg
https://progressivemartialarts.com.au/product/focus-mitts-punch-brand-thumpas/	https://progressivemartialarts.com.au/wp-content/uploads/2022/10/PMA-logo-2020-11250X60-11.png
https://progressivemartialarts.com.au/product/focus-mitts-punch-brand-thumpas/	https://progressivemartialarts.com.au/wp-content/uploads/2022/10/PMA-logo-2020-12.png
https://progressivemartialarts.com.au/product/focus-mitts-punch-brand-thumpas/	https://progressivemartialarts.com.au/wp-content/uploads/2022/10/Thai-Pads-Punch-Red-600x600.webp
https://progressivemartialarts.com.au/product/focus-mitts-punch-brand-thumpas/	https://progressivemartialarts.com.au/wp-content/uploads/2022/10/image_c90c2037-bad6-4fba-a9e7-50d47fb919d4.png
https://progressivemartialarts.com.au/product/focus-mitts-punch-brand-thumpas/	https://progressivemartialarts.com.au/wp-content/uploads/2023/02/Sticks-2026-600x145.jpg
https://progressivemartialarts.com.au/product/focus-mitts-punch-brand-thumpas/	https://progressivemartialarts.com.au/wp-content/uploads/2023/02/Training-Karambit-600x450.jpg
https://progressivemartialarts.com.au/product/focus-mitts-punch-brand-thumpas/	https://progressivemartialarts.com.au/wp-content/uploads/2026/05/Focus-Mitts-Punch-2.jpg
https://progressivemartialarts.com.au/product/focus-mitts-punch-brand-thumpas/	https://progressivemartialarts.com.au/wp-content/uploads/2026/05/Focus-Mitts-Punch.jpg
https://progressivemartialarts.com.au/product/focus-paddles-mexican-fuerte-paddles-punch-brand/	https://firstsight.design/cherie/beauty/wp-content/uploads/2020/10/Shopping-Cart.svg
https://progressivemartialarts.com.au/product/focus-paddles-mexican-fuerte-paddles-punch-brand/	https://progressivemartialarts.com.au/wp-content/uploads/2022/10/PMA-logo-2020-11250X60-11.png
https://progressivemartialarts.com.au/product/focus-paddles-mexican-fuerte-paddles-punch-brand/	https://progressivemartialarts.com.au/wp-content/uploads/2022/10/PMA-logo-2020-12.png
https://progressivemartialarts.com.au/product/focus-paddles-mexican-fuerte-paddles-punch-brand/	https://progressivemartialarts.com.au/wp-content/uploads/2022/10/Training-Dagger-06-600x450.jpg
https://progressivemartialarts.com.au/product/focus-paddles-mexican-fuerte-paddles-punch-brand/	https://progressivemartialarts.com.au/wp-content/uploads/2022/10/image_c90c2037-bad6-4fba-a9e7-50d47fb919d4.png
https://progressivemartialarts.com.au/product/focus-paddles-mexican-fuerte-paddles-punch-brand/	https://progressivemartialarts.com.au/wp-content/uploads/2022/10/punch-hand-wraps-e1778715967245.jpg
https://progressivemartialarts.com.au/product/focus-paddles-mexican-fuerte-paddles-punch-brand/	https://progressivemartialarts.com.au/wp-content/uploads/2023/02/6193C777-56C4-46A1-9420-D1B1C6FCFF80.jpeg
https://progressivemartialarts.com.au/product/focus-paddles-mexican-fuerte-paddles-punch-brand/	https://progressivemartialarts.com.au/wp-content/uploads/2023/08/IMG_2850-scaled-195kb-e1778714894977.jpg
https://progressivemartialarts.com.au/product/gi-jean-jacques-machado-triangle-brand/	https://firstsight.design/cherie/beauty/wp-content/uploads/2020/10/Shopping-Cart.svg
https://progressivemartialarts.com.au/product/gi-jean-jacques-machado-triangle-brand/	https://progressivemartialarts.com.au/wp-content/uploads/2022/10/121.jpg
https://progressivemartialarts.com.au/product/gi-jean-jacques-machado-triangle-brand/	https://progressivemartialarts.com.au/wp-content/uploads/2022/10/IAMA-Windbreaker.jpeg
https://progressivemartialarts.com.au/product/gi-jean-jacques-machado-triangle-brand/	https://progressivemartialarts.com.au/wp-content/uploads/2022/10/PMA-logo-2020-11250X60-11.png
https://progressivemartialarts.com.au/product/gi-jean-jacques-machado-triangle-brand/	https://progressivemartialarts.com.au/wp-content/uploads/2022/10/PMA-logo-2020-12.png
https://progressivemartialarts.com.au/product/gi-jean-jacques-machado-triangle-brand/	https://progressivemartialarts.com.au/wp-content/uploads/2022/10/inosanto-academy-short-sleeve-rash-vest-e1778982686103.jpg
https://progressivemartialarts.com.au/product/gi-jean-jacques-machado-triangle-brand/	https://progressivemartialarts.com.au/wp-content/uploads/2023/02/Gi-Black-wWhite-trim-Back.webp
https://progressivemartialarts.com.au/product/gi-jean-jacques-machado-triangle-brand/	https://progressivemartialarts.com.au/wp-content/uploads/2023/02/Gi-Black-wWhite-trim.webp
https://progressivemartialarts.com.au/product/gi-jean-jacques-machado-triangle-brand/	https://progressivemartialarts.com.au/wp-content/uploads/2023/02/Gi-Blue-wWhite-trim.jpg
https://progressivemartialarts.com.au/product/gi-jean-jacques-machado-triangle-brand/	https://progressivemartialarts.com.au/wp-content/uploads/2023/02/Gi-Burgundy-.jpeg
https://progressivemartialarts.com.au/product/gi-jean-jacques-machado-triangle-brand/	https://progressivemartialarts.com.au/wp-content/uploads/2023/02/Gi-Burgundy-back.jpeg
https://progressivemartialarts.com.au/product/gi-jean-jacques-machado-triangle-brand/	https://progressivemartialarts.com.au/wp-content/uploads/2023/02/Gi-Whte-wRed-trim.jpg
https://progressivemartialarts.com.au/product/gi-jean-jacques-machado-triangle-brand/	https://progressivemartialarts.com.au/wp-content/uploads/2026/04/2026-11-20-Australia-Tour3.1-600x776.jpeg
https://progressivemartialarts.com.au/product/gi-patch-kit-inosanto-academy-shield/	https://firstsight.design/cherie/beauty/wp-content/uploads/2020/10/Shopping-Cart.svg
https://progressivemartialarts.com.au/product/gi-patch-kit-inosanto-academy-shield/	https://progressivemartialarts.com.au/wp-content/uploads/2022/10/Gi-Patch-IAMA-Large.jpg
https://progressivemartialarts.com.au/product/gi-patch-kit-inosanto-academy-shield/	https://progressivemartialarts.com.au/wp-content/uploads/2022/10/Gi-Patch-Team-Inosanto.jpg
https://progressivemartialarts.com.au/product/gi-patch-kit-inosanto-academy-shield/	https://progressivemartialarts.com.au/wp-content/uploads/2022/10/IAMA-Gi-Patch-small.jpg
https://progressivemartialarts.com.au/product/gi-patch-kit-inosanto-academy-shield/	https://progressivemartialarts.com.au/wp-content/uploads/2022/10/IAMA-Hoodie-BandG-e1781059471389.jpeg
https://progressivemartialarts.com.au/product/gi-patch-kit-inosanto-academy-shield/	https://progressivemartialarts.com.au/wp-content/uploads/2022/10/PMA-logo-2020-11250X60-11.png
https://progressivemartialarts.com.au/product/gi-patch-kit-inosanto-academy-shield/	https://progressivemartialarts.com.au/wp-content/uploads/2022/10/PMA-logo-2020-12.png
https://progressivemartialarts.com.au/product/gi-patch-kit-inosanto-academy-shield/	https://progressivemartialarts.com.au/wp-content/uploads/2022/10/Shorts-Black-Gold.jpg
https://progressivemartialarts.com.au/product/gi-patch-kit-inosanto-academy-shield/	https://progressivemartialarts.com.au/wp-content/uploads/2022/10/inosanto-academy-short-sleeve-rash-vest-e1778982686103.jpg
https://progressivemartialarts.com.au/product/gi-patch-kit-inosanto-academy-shield/	https://progressivemartialarts.com.au/wp-content/uploads/2022/10/progressive-martial-arts-gi-pants-1-e1779165833537.jpg
https://progressivemartialarts.com.au/product/gi-patch-kit-jean-jacques-machado/	https://firstsight.design/cherie/beauty/wp-content/uploads/2020/10/Shopping-Cart.svg
https://progressivemartialarts.com.au/product/gi-patch-kit-jean-jacques-machado/	https://progressivemartialarts.com.au/wp-content/uploads/2022/10/2016-australian-tour-shirt-2.jpg
https://progressivemartialarts.com.au/product/gi-patch-kit-jean-jacques-machado/	https://progressivemartialarts.com.au/wp-content/uploads/2022/10/JJM-Gi-Patch-Large-Circle.jpg
https://progressivemartialarts.com.au/product/gi-patch-kit-jean-jacques-machado/	https://progressivemartialarts.com.au/wp-content/uploads/2022/10/PMA-logo-2020-11250X60-11.png
https://progressivemartialarts.com.au/product/gi-patch-kit-jean-jacques-machado/	https://progressivemartialarts.com.au/wp-content/uploads/2022/10/PMA-logo-2020-12.png
https://progressivemartialarts.com.au/product/gi-patch-kit-jean-jacques-machado/	https://progressivemartialarts.com.au/wp-content/uploads/2022/10/tshirt-legends-15-front-250_2048x2048_b7e67ca9-27ec-4d10-b37c-79a81b72a14b_360x.jpg
https://progressivemartialarts.com.au/product/gi-patch-kit-jean-jacques-machado/	https://progressivemartialarts.com.au/wp-content/uploads/2023/02/Gi-Blue-wWhite-trim-600x726.jpg
https://progressivemartialarts.com.au/product/gi-patch-kit-jean-jacques-machado/	https://progressivemartialarts.com.au/wp-content/uploads/2025/07/IMG_2212-scaled.jpeg
https://progressivemartialarts.com.au/product/gi-patch-kit-jean-jacques-machado/	https://progressivemartialarts.com.au/wp-content/uploads/2026/05/Gi-Patch-Kit-Ssall.jpg
https://progressivemartialarts.com.au/product/gi-patch-kit-jean-jacques-machado/	https://progressivemartialarts.com.au/wp-content/uploads/2026/05/Gi-Patch-Rectangle.jpg
https://progressivemartialarts.com.au/product/gi-patch-kit-jean-jacques-machado/	https://progressivemartialarts.com.au/wp-content/uploads/2026/06/IMG_4787-600x1065.jpg
https://progressivemartialarts.com.au/product/groin-guard/	https://firstsight.design/cherie/beauty/wp-content/uploads/2020/10/Shopping-Cart.svg
https://progressivemartialarts.com.au/product/groin-guard/	https://progressivemartialarts.com.au/wp-content/uploads/2022/10/PMA-logo-2020-11250X60-11.png
https://progressivemartialarts.com.au/product/groin-guard/	https://progressivemartialarts.com.au/wp-content/uploads/2022/10/PMA-logo-2020-12.png
https://progressivemartialarts.com.au/product/groin-guard/	https://progressivemartialarts.com.au/wp-content/uploads/2022/10/Training-Dagger-02-600x450.jpg
https://progressivemartialarts.com.au/product/groin-guard/	https://progressivemartialarts.com.au/wp-content/uploads/2022/10/products_training_dagger_360x_22c58b36-189d-43ca-9c01-b4dad2391a20.jpg
https://progressivemartialarts.com.au/product/groin-guard/	https://progressivemartialarts.com.au/wp-content/uploads/2023/02/34B25B94-D443-4893-BCB2-AE38065A234A-600x732.jpeg
https://progressivemartialarts.com.au/product/groin-guard/	https://progressivemartialarts.com.au/wp-content/uploads/2023/02/6193C777-56C4-46A1-9420-D1B1C6FCFF80.jpeg
https://progressivemartialarts.com.au/product/groin-guard/	https://progressivemartialarts.com.au/wp-content/uploads/2023/02/Dagger-Bag-Gold.jpeg
https://progressivemartialarts.com.au/product/guro-dan-inosanto-australia-tour-november-2026/	https://firstsight.design/cherie/beauty/wp-content/uploads/2020/10/Shopping-Cart.svg
https://progressivemartialarts.com.au/product/guro-dan-inosanto-australia-tour-november-2026/	https://progressivemartialarts.com.au/wp-content/uploads/2022/10/2012-06-Silat-Camp.1-copy.jpg
https://progressivemartialarts.com.au/product/guro-dan-inosanto-australia-tour-november-2026/	https://progressivemartialarts.com.au/wp-content/uploads/2022/10/2012-14-Silat-600x922.jpg
https://progressivemartialarts.com.au/product/guro-dan-inosanto-australia-tour-november-2026/	https://progressivemartialarts.com.au/wp-content/uploads/2022/10/PMA-logo-2020-11250X60-11.png
https://progressivemartialarts.com.au/product/guro-dan-inosanto-australia-tour-november-2026/	https://progressivemartialarts.com.au/wp-content/uploads/2022/10/PMA-logo-2020-12.png
https://progressivemartialarts.com.au/product/guro-dan-inosanto-australia-tour-november-2026/	https://progressivemartialarts.com.au/wp-content/uploads/2022/10/Training-Dagger-06-600x450.jpg
https://progressivemartialarts.com.au/product/guro-dan-inosanto-australia-tour-november-2026/	https://progressivemartialarts.com.au/wp-content/uploads/2022/10/blades-004_360x_a81732c8-99d6-4ee9-beb1-63dc64f0eb9c.jpg
https://progressivemartialarts.com.au/product/guro-dan-inosanto-australia-tour-november-2026/	https://progressivemartialarts.com.au/wp-content/uploads/2026/04/2026-11-20-Australia-Tour3.1.jpeg
https://progressivemartialarts.com.au/product/hand-towels/	https://firstsight.design/cherie/beauty/wp-content/uploads/2020/10/Shopping-Cart.svg
https://progressivemartialarts.com.au/product/hand-towels/	https://progressivemartialarts.com.au/wp-content/uploads/2022/10/PMA-logo-2020-11250X60-11.png
https://progressivemartialarts.com.au/product/hand-towels/	https://progressivemartialarts.com.au/wp-content/uploads/2022/10/PMA-logo-2020-12.png
https://progressivemartialarts.com.au/product/hand-towels/	https://progressivemartialarts.com.au/wp-content/uploads/2022/10/Training-Dagger-06-600x450.jpg
https://progressivemartialarts.com.au/product/hand-towels/	https://progressivemartialarts.com.au/wp-content/uploads/2022/10/image_2d3d4dd2-1b08-4aa5-8b47-ff2afbb0550c.png
https://progressivemartialarts.com.au/product/hand-towels/	https://progressivemartialarts.com.au/wp-content/uploads/2022/10/image_c19290ca-0a86-4486-9ba2-9be9b933912a.png
https://progressivemartialarts.com.au/product/hand-towels/	https://progressivemartialarts.com.au/wp-content/uploads/2023/02/34B25B94-D443-4893-BCB2-AE38065A234A.jpeg
https://progressivemartialarts.com.au/product/hand-towels/	https://progressivemartialarts.com.au/wp-content/uploads/2023/02/Lameco-Hand-Black-600x552.jpg
https://progressivemartialarts.com.au/product/hand-wraps-stretch-punch-brand/	https://firstsight.design/cherie/beauty/wp-content/uploads/2020/10/Shopping-Cart.svg
https://progressivemartialarts.com.au/product/hand-wraps-stretch-punch-brand/	https://progressivemartialarts.com.au/wp-content/uploads/2022/10/Gi-Patch-IAMA-Large-600x572.jpg
https://progressivemartialarts.com.au/product/hand-wraps-stretch-punch-brand/	https://progressivemartialarts.com.au/wp-content/uploads/2022/10/Hand-Wraps-Punch-2.jpeg
https://progressivemartialarts.com.au/product/hand-wraps-stretch-punch-brand/	https://progressivemartialarts.com.au/wp-content/uploads/2022/10/PMA-logo-2020-11250X60-11.png
https://progressivemartialarts.com.au/product/hand-wraps-stretch-punch-brand/	https://progressivemartialarts.com.au/wp-content/uploads/2022/10/PMA-logo-2020-12.png
https://progressivemartialarts.com.au/product/hand-wraps-stretch-punch-brand/	https://progressivemartialarts.com.au/wp-content/uploads/2022/10/Training-Dagger-02-600x450.jpg
https://progressivemartialarts.com.au/product/hand-wraps-stretch-punch-brand/	https://progressivemartialarts.com.au/wp-content/uploads/2022/10/inosanto-absorb-what-is-useful-singlet-e1776830771357.jpg
https://progressivemartialarts.com.au/product/hand-wraps-stretch-punch-brand/	https://progressivemartialarts.com.au/wp-content/uploads/2022/10/punch-hand-wraps-e1778715967245.jpg
https://progressivemartialarts.com.au/product/hand-wraps-stretch-punch-brand/	https://progressivemartialarts.com.au/wp-content/uploads/2026/04/2017-13-Mixed-day-1-1-600x793.jpg
https://progressivemartialarts.com.au/product/hoodie-inosanto-academy-sweatshirt-black-with-gold-logos/	https://firstsight.design/cherie/beauty/wp-content/uploads/2020/10/Shopping-Cart.svg
https://progressivemartialarts.com.au/product/hoodie-inosanto-academy-sweatshirt-black-with-gold-logos/	https://progressivemartialarts.com.au/wp-content/uploads/2022/10/2016-australian-tour-singlet-600x600.jpg
https://progressivemartialarts.com.au/product/hoodie-inosanto-academy-sweatshirt-black-with-gold-logos/	https://progressivemartialarts.com.au/wp-content/uploads/2022/10/Gi-Patch-IAMA-Large-600x572.jpg
https://progressivemartialarts.com.au/product/hoodie-inosanto-academy-sweatshirt-black-with-gold-logos/	https://progressivemartialarts.com.au/wp-content/uploads/2022/10/IAMA-Hoodie-BandG-e1781059471389.jpeg
https://progressivemartialarts.com.au/product/hoodie-inosanto-academy-sweatshirt-black-with-gold-logos/	https://progressivemartialarts.com.au/wp-content/uploads/2022/10/IAMA-Hoodie-back.jpg
https://progressivemartialarts.com.au/product/hoodie-inosanto-academy-sweatshirt-black-with-gold-logos/	https://progressivemartialarts.com.au/wp-content/uploads/2022/10/PMA-logo-2020-11250X60-11.png
https://progressivemartialarts.com.au/product/hoodie-inosanto-academy-sweatshirt-black-with-gold-logos/	https://progressivemartialarts.com.au/wp-content/uploads/2022/10/PMA-logo-2020-12.png
https://progressivemartialarts.com.au/product/hoodie-inosanto-academy-sweatshirt-black-with-gold-logos/	https://progressivemartialarts.com.au/wp-content/uploads/2022/10/inosanto-academy-short-sleeve-rash-vest-e1778982686103.jpg
https://progressivemartialarts.com.au/product/hoodie-inosanto-academy-sweatshirt-black-with-gold-logos/	https://progressivemartialarts.com.au/wp-content/uploads/2022/10/inosanto-kali-singlet-e1776826437760.jpg
https://progressivemartialarts.com.au/product/hoodie-inosanto-academy-sweatshirt-shield-logo/	https://firstsight.design/cherie/beauty/wp-content/uploads/2020/10/Shopping-Cart.svg
https://progressivemartialarts.com.au/product/hoodie-inosanto-academy-sweatshirt-shield-logo/	https://progressivemartialarts.com.au/wp-content/uploads/2022/10/IAMA-Hoodie-BandG-e1781059471389.jpeg
https://progressivemartialarts.com.au/product/hoodie-inosanto-academy-sweatshirt-shield-logo/	https://progressivemartialarts.com.au/wp-content/uploads/2022/10/IAMA-Windbreaker.jpeg
https://progressivemartialarts.com.au/product/hoodie-inosanto-academy-sweatshirt-shield-logo/	https://progressivemartialarts.com.au/wp-content/uploads/2022/10/PMA-logo-2020-11250X60-11.png
https://progressivemartialarts.com.au/product/hoodie-inosanto-academy-sweatshirt-shield-logo/	https://progressivemartialarts.com.au/wp-content/uploads/2022/10/PMA-logo-2020-12.png
https://progressivemartialarts.com.au/product/hoodie-inosanto-academy-sweatshirt-shield-logo/	https://progressivemartialarts.com.au/wp-content/uploads/2022/10/Shield-hood.jpeg
https://progressivemartialarts.com.au/product/hoodie-inosanto-academy-sweatshirt-shield-logo/	https://progressivemartialarts.com.au/wp-content/uploads/2022/10/clothing_hoodie_zipper_redgold_back_360x_ffa71e94-1700-407f-83e6-0a0d39a0683b-e1781059753997.jpg
https://progressivemartialarts.com.au/product/hoodie-inosanto-academy-sweatshirt-shield-logo/	https://progressivemartialarts.com.au/wp-content/uploads/2022/10/image_ee55cf16-67e0-4932-b41c-cdb2860b1328-e1781059334221-600x960.jpg
https://progressivemartialarts.com.au/product/hoodie-inosanto-academy-sweatshirt-shield-logo/	https://progressivemartialarts.com.au/wp-content/uploads/2022/10/image_f83cc0ce-98fa-41d3-ac86-0febfcc02a48.jpg
https://progressivemartialarts.com.au/product/hoodie-with-zipper-inosanto-academy-sweatshirt-black-with-gold-logos/	https://firstsight.design/cherie/beauty/wp-content/uploads/2020/10/Shopping-Cart.svg
https://progressivemartialarts.com.au/product/hoodie-with-zipper-inosanto-academy-sweatshirt-black-with-gold-logos/	https://progressivemartialarts.com.au/wp-content/uploads/2022/10/Gi-Patch-IAMA-Large-600x572.jpg
https://progressivemartialarts.com.au/product/hoodie-with-zipper-inosanto-academy-sweatshirt-black-with-gold-logos/	https://progressivemartialarts.com.au/wp-content/uploads/2022/10/PMA-logo-2020-11250X60-11.png
https://progressivemartialarts.com.au/product/hoodie-with-zipper-inosanto-academy-sweatshirt-black-with-gold-logos/	https://progressivemartialarts.com.au/wp-content/uploads/2022/10/PMA-logo-2020-12.png
https://progressivemartialarts.com.au/product/hoodie-with-zipper-inosanto-academy-sweatshirt-black-with-gold-logos/	https://progressivemartialarts.com.au/wp-content/uploads/2022/10/image_94544c52-908d-4b9f-ac08-055715cb46ce.jpg
https://progressivemartialarts.com.au/product/hoodie-with-zipper-inosanto-academy-sweatshirt-black-with-gold-logos/	https://progressivemartialarts.com.au/wp-content/uploads/2022/10/image_ee55cf16-67e0-4932-b41c-cdb2860b1328-e1781059334221.jpg
https://progressivemartialarts.com.au/product/hoodie-with-zipper-inosanto-academy-sweatshirt-black-with-gold-logos/	https://progressivemartialarts.com.au/wp-content/uploads/2022/10/progressive-martial-arts-gi-pants-1-e1779165833537.jpg
https://progressivemartialarts.com.au/product/hoodie-with-zipper-inosanto-academy-sweatshirt-black-with-gold-logos/	https://progressivemartialarts.com.au/wp-content/uploads/2026/04/2017-18-Locks-and-Controls-1-600x751.jpg
https://progressivemartialarts.com.au/product/hoodie-with-zipper-inosanto-academy-sweatshirt-black-with-gold-logos/	https://progressivemartialarts.com.au/wp-content/uploads/2026/04/2018-13-Mixed-Arts-day-1-600x853.jpg
https://progressivemartialarts.com.au/product/hoodie-with-zipper-inosanto-academy-sweatshirt-shield-logo/	https://firstsight.design/cherie/beauty/wp-content/uploads/2020/10/Shopping-Cart.svg
https://progressivemartialarts.com.au/product/hoodie-with-zipper-inosanto-academy-sweatshirt-shield-logo/	https://progressivemartialarts.com.au/wp-content/uploads/2022/10/2016-australian-tour-shirt-2.jpg
https://progressivemartialarts.com.au/product/hoodie-with-zipper-inosanto-academy-sweatshirt-shield-logo/	https://progressivemartialarts.com.au/wp-content/uploads/2022/10/PMA-logo-2020-11250X60-11.png
https://progressivemartialarts.com.au/product/hoodie-with-zipper-inosanto-academy-sweatshirt-shield-logo/	https://progressivemartialarts.com.au/wp-content/uploads/2022/10/PMA-logo-2020-12.png
https://progressivemartialarts.com.au/product/hoodie-with-zipper-inosanto-academy-sweatshirt-shield-logo/	https://progressivemartialarts.com.au/wp-content/uploads/2022/10/clothing_hoodie_zipper_redgold_back_360x_ffa71e94-1700-407f-83e6-0a0d39a0683b-e1781059753997.jpg
https://progressivemartialarts.com.au/product/hoodie-with-zipper-inosanto-academy-sweatshirt-shield-logo/	https://progressivemartialarts.com.au/wp-content/uploads/2022/10/clothing_hoodie_zipper_redgold_front_360x_3034ae9e-4706-4447-a21f-73ba4a51d1ae-1.jpg
https://progressivemartialarts.com.au/product/hoodie-with-zipper-inosanto-academy-sweatshirt-shield-logo/	https://progressivemartialarts.com.au/wp-content/uploads/2022/10/dvd_martialartsmasters_360x_5753665b-b61d-4e0d-9a21-1c791014dcd7.jpg
https://progressivemartialarts.com.au/product/hoodie-with-zipper-inosanto-academy-sweatshirt-shield-logo/	https://progressivemartialarts.com.au/wp-content/uploads/2022/10/inosanto-academy-short-sleeve-rash-vest-e1778982686103.jpg
https://progressivemartialarts.com.au/product/hoodie-with-zipper-inosanto-academy-sweatshirt-shield-logo/	https://progressivemartialarts.com.au/wp-content/uploads/2022/10/inosanto-kali-singlet-e1776826437760.jpg
https://progressivemartialarts.com.au/product/hoodie-with-zipper-little-dragons-sweatshirt/	https://firstsight.design/cherie/beauty/wp-content/uploads/2020/10/Shopping-Cart.svg
https://progressivemartialarts.com.au/product/hoodie-with-zipper-little-dragons-sweatshirt/	https://progressivemartialarts.com.au/wp-content/uploads/2022/10/PMA-logo-2020-11250X60-11.png
https://progressivemartialarts.com.au/product/hoodie-with-zipper-little-dragons-sweatshirt/	https://progressivemartialarts.com.au/wp-content/uploads/2022/10/PMA-logo-2020-12.png
https://progressivemartialarts.com.au/product/hoodie-with-zipper-little-dragons-sweatshirt/	https://progressivemartialarts.com.au/wp-content/uploads/2022/10/Shorts-Black-Gold.jpg
https://progressivemartialarts.com.au/product/hoodie-with-zipper-little-dragons-sweatshirt/	https://progressivemartialarts.com.au/wp-content/uploads/2022/10/inosanto-kali-t-shirt-e1776903428142.jpg
https://progressivemartialarts.com.au/product/hoodie-with-zipper-little-dragons-sweatshirt/	https://progressivemartialarts.com.au/wp-content/uploads/2023/02/51FA649D-9B3E-4E20-A9A6-C6C9C290717D.jpeg
https://progressivemartialarts.com.au/product/hoodie-with-zipper-little-dragons-sweatshirt/	https://progressivemartialarts.com.au/wp-content/uploads/2026/04/2023-16-Silat-1-600x809.jpg
https://progressivemartialarts.com.au/product/hoodie-with-zipper-little-dragons-sweatshirt/	https://progressivemartialarts.com.au/wp-content/uploads/2026/06/Rashguard-Black-wRed-600x450.webp
https://progressivemartialarts.com.au/product/inosanto-2012-abecedario-contradas/	https://firstsight.design/cherie/beauty/wp-content/uploads/2020/10/Shopping-Cart.svg
https://progressivemartialarts.com.au/product/inosanto-2012-abecedario-contradas/	https://progressivemartialarts.com.au/wp-content/uploads/2022/10/2012-10-Abecedario-scaled.jpg
https://progressivemartialarts.com.au/product/inosanto-2012-abecedario-contradas/	https://progressivemartialarts.com.au/wp-content/uploads/2022/10/2014-06-Silat-Camp.1.jpg
https://progressivemartialarts.com.au/product/inosanto-2012-abecedario-contradas/	https://progressivemartialarts.com.au/wp-content/uploads/2022/10/PMA-logo-2020-11250X60-11.png
https://progressivemartialarts.com.au/product/inosanto-2012-abecedario-contradas/	https://progressivemartialarts.com.au/wp-content/uploads/2022/10/PMA-logo-2020-12.png
https://progressivemartialarts.com.au/product/inosanto-2012-abecedario-contradas/	https://progressivemartialarts.com.au/wp-content/uploads/2022/10/Training-Dagger-06-600x450.jpg
https://progressivemartialarts.com.au/product/inosanto-2012-abecedario-contradas/	https://progressivemartialarts.com.au/wp-content/uploads/2023/02/45234D57-5E37-4B14-81B1-61BBEB33CCD9-600x453.jpeg
https://progressivemartialarts.com.au/product/inosanto-2012-abecedario-contradas/	https://progressivemartialarts.com.au/wp-content/uploads/2026/04/2019-16-Weaponry-1-600x858.jpg
https://progressivemartialarts.com.au/product/inosanto-2012-australia-mixed-arts/	https://firstsight.design/cherie/beauty/wp-content/uploads/2020/10/Shopping-Cart.svg
https://progressivemartialarts.com.au/product/inosanto-2012-australia-mixed-arts/	https://progressivemartialarts.com.au/wp-content/uploads/2022/10/2012-13-Mixed-Arts-2-disc-scaled.jpg
https://progressivemartialarts.com.au/product/inosanto-2012-australia-mixed-arts/	https://progressivemartialarts.com.au/wp-content/uploads/2022/10/PMA-logo-2020-11250X60-11.png
https://progressivemartialarts.com.au/product/inosanto-2012-australia-mixed-arts/	https://progressivemartialarts.com.au/wp-content/uploads/2022/10/PMA-logo-2020-12.png
https://progressivemartialarts.com.au/product/inosanto-2012-australia-mixed-arts/	https://progressivemartialarts.com.au/wp-content/uploads/2022/10/Training-Dagger-03-600x450.jpg
https://progressivemartialarts.com.au/product/inosanto-2012-australia-mixed-arts/	https://progressivemartialarts.com.au/wp-content/uploads/2022/10/blades_model_005_360x_1034b4bd-bce8-47bc-8e62-b1131184e83e.jpg
https://progressivemartialarts.com.au/product/inosanto-2012-australia-mixed-arts/	https://progressivemartialarts.com.au/wp-content/uploads/2022/10/image_c19290ca-0a86-4486-9ba2-9be9b933912a.png
https://progressivemartialarts.com.au/product/inosanto-2012-australia-mixed-arts/	https://progressivemartialarts.com.au/wp-content/uploads/2026/04/2017-09-Staff-day-2-1-600x800.jpg
https://progressivemartialarts.com.au/product/inosanto-2012-australia-silat/	https://firstsight.design/cherie/beauty/wp-content/uploads/2020/10/Shopping-Cart.svg
https://progressivemartialarts.com.au/product/inosanto-2012-australia-silat/	https://progressivemartialarts.com.au/wp-content/uploads/2022/10/2012-14-Silat.jpg
https://progressivemartialarts.com.au/product/inosanto-2012-australia-silat/	https://progressivemartialarts.com.au/wp-content/uploads/2022/10/PMA-logo-2020-11250X60-11.png
https://progressivemartialarts.com.au/product/inosanto-2012-australia-silat/	https://progressivemartialarts.com.au/wp-content/uploads/2022/10/PMA-logo-2020-12.png
https://progressivemartialarts.com.au/product/inosanto-2012-australia-silat/	https://progressivemartialarts.com.au/wp-content/uploads/2022/10/blades_model_005_360x_1034b4bd-bce8-47bc-8e62-b1131184e83e.jpg
https://progressivemartialarts.com.au/product/inosanto-2012-australia-silat/	https://progressivemartialarts.com.au/wp-content/uploads/2022/10/image_d2a89c11-6959-4553-b418-dbe4e42924ef.png
https://progressivemartialarts.com.au/product/inosanto-2012-australia-silat/	https://progressivemartialarts.com.au/wp-content/uploads/2022/10/products_training_dagger_360x_22c58b36-189d-43ca-9c01-b4dad2391a20.jpg
https://progressivemartialarts.com.au/product/inosanto-2012-australia-silat/	https://progressivemartialarts.com.au/wp-content/uploads/2023/02/45234D57-5E37-4B14-81B1-61BBEB33CCD9-600x453.jpeg
https://progressivemartialarts.com.au/product/inosanto-2012-australia-thai-boxing/	https://firstsight.design/cherie/beauty/wp-content/uploads/2020/10/Shopping-Cart.svg
https://progressivemartialarts.com.au/product/inosanto-2012-australia-thai-boxing/	https://progressivemartialarts.com.au/wp-content/uploads/2022/10/2012-12-Thai-Boxing.jpg
https://progressivemartialarts.com.au/product/inosanto-2012-australia-thai-boxing/	https://progressivemartialarts.com.au/wp-content/uploads/2022/10/Gi-Patch-IAMA-Large-600x572.jpg
https://progressivemartialarts.com.au/product/inosanto-2012-australia-thai-boxing/	https://progressivemartialarts.com.au/wp-content/uploads/2022/10/PMA-logo-2020-11250X60-11.png
https://progressivemartialarts.com.au/product/inosanto-2012-australia-thai-boxing/	https://progressivemartialarts.com.au/wp-content/uploads/2022/10/PMA-logo-2020-12.png
https://progressivemartialarts.com.au/product/inosanto-2012-australia-thai-boxing/	https://progressivemartialarts.com.au/wp-content/uploads/2022/10/inosanto-absorb-what-is-useful-singlet-e1776830771357.jpg
https://progressivemartialarts.com.au/product/inosanto-2012-australia-thai-boxing/	https://progressivemartialarts.com.au/wp-content/uploads/2022/10/inosanto-academy-long-sleeve-rash-vest.jpg
https://progressivemartialarts.com.au/product/inosanto-2012-australia-thai-boxing/	https://progressivemartialarts.com.au/wp-content/uploads/2022/10/revgear-thai-shorts-various-colours-2.jpg
https://progressivemartialarts.com.au/product/inosanto-2012-mixed-silat-training-camp-8-dvd-set/	https://firstsight.design/cherie/beauty/wp-content/uploads/2020/10/Shopping-Cart.svg
https://progressivemartialarts.com.au/product/inosanto-2012-mixed-silat-training-camp-8-dvd-set/	https://progressivemartialarts.com.au/wp-content/uploads/2022/10/2012-06-Silat-Camp.1-copy.jpg
https://progressivemartialarts.com.au/product/inosanto-2012-mixed-silat-training-camp-8-dvd-set/	https://progressivemartialarts.com.au/wp-content/uploads/2022/10/2012-14-Silat-600x922.jpg
https://progressivemartialarts.com.au/product/inosanto-2012-mixed-silat-training-camp-8-dvd-set/	https://progressivemartialarts.com.au/wp-content/uploads/2022/10/Definitive_01_2048x2048_8f5b3c99-52db-47cc-bb4b-5d53337ceb9b-600x400.jpg
https://progressivemartialarts.com.au/product/inosanto-2012-mixed-silat-training-camp-8-dvd-set/	https://progressivemartialarts.com.au/wp-content/uploads/2022/10/PMA-logo-2020-11250X60-11.png
https://progressivemartialarts.com.au/product/inosanto-2012-mixed-silat-training-camp-8-dvd-set/	https://progressivemartialarts.com.au/wp-content/uploads/2022/10/PMA-logo-2020-12.png
https://progressivemartialarts.com.au/product/inosanto-2012-mixed-silat-training-camp-8-dvd-set/	https://progressivemartialarts.com.au/wp-content/uploads/2026/04/2015-06-Silat-Camp.1.jpg
https://progressivemartialarts.com.au/product/inosanto-2012-mixed-silat-training-camp-8-dvd-set/	https://progressivemartialarts.com.au/wp-content/uploads/2026/04/2023-14-Mixed-day-2-1-600x830.jpg
https://progressivemartialarts.com.au/product/inosanto-2012-pangamut/	https://firstsight.design/cherie/beauty/wp-content/uploads/2020/10/Shopping-Cart.svg
https://progressivemartialarts.com.au/product/inosanto-2012-pangamut/	https://progressivemartialarts.com.au/wp-content/uploads/2022/10/2012-11-Pangamut-scaled.jpg
https://progressivemartialarts.com.au/product/inosanto-2012-pangamut/	https://progressivemartialarts.com.au/wp-content/uploads/2022/10/2012-14-Silat-600x922.jpg
https://progressivemartialarts.com.au/product/inosanto-2012-pangamut/	https://progressivemartialarts.com.au/wp-content/uploads/2022/10/2014-13-Mixed-Arts-4-disc-600x1002.jpg
https://progressivemartialarts.com.au/product/inosanto-2012-pangamut/	https://progressivemartialarts.com.au/wp-content/uploads/2022/10/PMA-logo-2020-11250X60-11.png
https://progressivemartialarts.com.au/product/inosanto-2012-pangamut/	https://progressivemartialarts.com.au/wp-content/uploads/2022/10/PMA-logo-2020-12.png
https://progressivemartialarts.com.au/product/inosanto-2012-pangamut/	https://progressivemartialarts.com.au/wp-content/uploads/2022/10/dvd-dubin-drumming_360x_77fc0434-c184-439d-bd32-9565ad9e2d65.jpg
https://progressivemartialarts.com.au/product/inosanto-2012-pangamut/	https://progressivemartialarts.com.au/wp-content/uploads/2026/04/2013-14-Jun-FanJKD-600x997.jpg
https://progressivemartialarts.com.au/product/inosanto-2012-sensitivity/	https://firstsight.design/cherie/beauty/wp-content/uploads/2020/10/Shopping-Cart.svg
https://progressivemartialarts.com.au/product/inosanto-2012-sensitivity/	https://progressivemartialarts.com.au/wp-content/uploads/2022/10/2012-08-Sensitivity-scaled.jpg
https://progressivemartialarts.com.au/product/inosanto-2012-sensitivity/	https://progressivemartialarts.com.au/wp-content/uploads/2022/10/2012-11-Pangamut-600x1074.jpg
https://progressivemartialarts.com.au/product/inosanto-2012-sensitivity/	https://progressivemartialarts.com.au/wp-content/uploads/2022/10/2012-12-Thai-Boxing-600x1056.jpg
https://progressivemartialarts.com.au/product/inosanto-2012-sensitivity/	https://progressivemartialarts.com.au/wp-content/uploads/2022/10/2014-14-Jun-FanJKD-600x955.jpg
https://progressivemartialarts.com.au/product/inosanto-2012-sensitivity/	https://progressivemartialarts.com.au/wp-content/uploads/2022/10/PMA-logo-2020-11250X60-11.png
https://progressivemartialarts.com.au/product/inosanto-2012-sensitivity/	https://progressivemartialarts.com.au/wp-content/uploads/2022/10/PMA-logo-2020-12.png
https://progressivemartialarts.com.au/product/inosanto-2012-sensitivity/	https://progressivemartialarts.com.au/wp-content/uploads/2026/04/2013-12-Thai-Boxing-600x996.jpg
https://progressivemartialarts.com.au/product/inosanto-2012-stick-dagger/	https://firstsight.design/cherie/beauty/wp-content/uploads/2020/10/Shopping-Cart.svg
https://progressivemartialarts.com.au/product/inosanto-2012-stick-dagger/	https://progressivemartialarts.com.au/wp-content/uploads/2022/10/2012-09-Stck-and-Dagger-scaled.jpg
https://progressivemartialarts.com.au/product/inosanto-2012-stick-dagger/	https://progressivemartialarts.com.au/wp-content/uploads/2022/10/2014-05-Disarms-600x924.jpg
https://progressivemartialarts.com.au/product/inosanto-2012-stick-dagger/	https://progressivemartialarts.com.au/wp-content/uploads/2022/10/PMA-logo-2020-11250X60-11.png
https://progressivemartialarts.com.au/product/inosanto-2012-stick-dagger/	https://progressivemartialarts.com.au/wp-content/uploads/2022/10/PMA-logo-2020-12.png
https://progressivemartialarts.com.au/product/inosanto-2012-stick-dagger/	https://progressivemartialarts.com.au/wp-content/uploads/2022/10/blades-004_360x_a81732c8-99d6-4ee9-beb1-63dc64f0eb9c.jpg
https://progressivemartialarts.com.au/product/inosanto-2012-stick-dagger/	https://progressivemartialarts.com.au/wp-content/uploads/2022/10/image_c19290ca-0a86-4486-9ba2-9be9b933912a.png
https://progressivemartialarts.com.au/product/inosanto-2012-stick-dagger/	https://progressivemartialarts.com.au/wp-content/uploads/2026/04/2019-16-Weaponry-1-600x858.jpg
https://progressivemartialarts.com.au/product/inosanto-2013-12-areas-of-kali-area-1/	https://firstsight.design/cherie/beauty/wp-content/uploads/2020/10/Shopping-Cart.svg
https://progressivemartialarts.com.au/product/inosanto-2013-12-areas-of-kali-area-1/	https://progressivemartialarts.com.au/wp-content/uploads/2022/10/PMA-logo-2020-11250X60-11.png
https://progressivemartialarts.com.au/product/inosanto-2013-12-areas-of-kali-area-1/	https://progressivemartialarts.com.au/wp-content/uploads/2022/10/PMA-logo-2020-12.png
https://progressivemartialarts.com.au/product/inosanto-2013-12-areas-of-kali-area-1/	https://progressivemartialarts.com.au/wp-content/uploads/2026/04/2013-04-12-Areas-1.jpg
https://progressivemartialarts.com.au/product/inosanto-2013-12-areas-of-kali-area-1/	https://progressivemartialarts.com.au/wp-content/uploads/2026/04/2015-06-Silat-Camp.1.jpg
https://progressivemartialarts.com.au/product/inosanto-2013-12-areas-of-kali-area-1/	https://progressivemartialarts.com.au/wp-content/uploads/2026/04/2016-14-Mixed-Arts-Sun.1.jpg
https://progressivemartialarts.com.au/product/inosanto-2013-12-areas-of-kali-area-1/	https://progressivemartialarts.com.au/wp-content/uploads/2026/04/2017-04-Stick-Dagger-1-600x797.jpg
https://progressivemartialarts.com.au/product/inosanto-2013-12-areas-of-kali-area-1/	https://progressivemartialarts.com.au/wp-content/uploads/2026/04/2017-13-Mixed-day-1-1-600x793.jpg
https://progressivemartialarts.com.au/product/inosanto-2013-12-areas-of-kali-area-2/	https://firstsight.design/cherie/beauty/wp-content/uploads/2020/10/Shopping-Cart.svg
https://progressivemartialarts.com.au/product/inosanto-2013-12-areas-of-kali-area-2/	https://progressivemartialarts.com.au/wp-content/uploads/2022/10/2012-06-Silat-Camp.1-copy.jpg
https://progressivemartialarts.com.au/product/inosanto-2013-12-areas-of-kali-area-2/	https://progressivemartialarts.com.au/wp-content/uploads/2022/10/2014-13-Mixed-Arts-4-disc-600x1002.jpg
https://progressivemartialarts.com.au/product/inosanto-2013-12-areas-of-kali-area-2/	https://progressivemartialarts.com.au/wp-content/uploads/2022/10/PMA-logo-2020-11250X60-11.png
https://progressivemartialarts.com.au/product/inosanto-2013-12-areas-of-kali-area-2/	https://progressivemartialarts.com.au/wp-content/uploads/2022/10/PMA-logo-2020-12.png
https://progressivemartialarts.com.au/product/inosanto-2013-12-areas-of-kali-area-2/	https://progressivemartialarts.com.au/wp-content/uploads/2026/04/2013-05-12-Areas-2.jpg
https://progressivemartialarts.com.au/product/inosanto-2013-12-areas-of-kali-area-2/	https://progressivemartialarts.com.au/wp-content/uploads/2026/04/2013-12-Thai-Boxing-600x996.jpg
https://progressivemartialarts.com.au/product/inosanto-2013-12-areas-of-kali-area-2/	https://progressivemartialarts.com.au/wp-content/uploads/2026/04/2017-18-Locks-and-Controls-1-600x751.jpg
https://progressivemartialarts.com.au/product/inosanto-2013-australia-jun-fan-gung-fu-jkd/	https://firstsight.design/cherie/beauty/wp-content/uploads/2020/10/Shopping-Cart.svg
https://progressivemartialarts.com.au/product/inosanto-2013-australia-jun-fan-gung-fu-jkd/	https://progressivemartialarts.com.au/wp-content/uploads/2022/10/2012-09-Stck-and-Dagger-600x986.jpg
https://progressivemartialarts.com.au/product/inosanto-2013-australia-jun-fan-gung-fu-jkd/	https://progressivemartialarts.com.au/wp-content/uploads/2022/10/PMA-logo-2020-11250X60-11.png
https://progressivemartialarts.com.au/product/inosanto-2013-australia-jun-fan-gung-fu-jkd/	https://progressivemartialarts.com.au/wp-content/uploads/2022/10/PMA-logo-2020-12.png
https://progressivemartialarts.com.au/product/inosanto-2013-australia-jun-fan-gung-fu-jkd/	https://progressivemartialarts.com.au/wp-content/uploads/2022/10/dvd-dubin-drumming_360x_77fc0434-c184-439d-bd32-9565ad9e2d65.jpg
https://progressivemartialarts.com.au/product/inosanto-2013-australia-jun-fan-gung-fu-jkd/	https://progressivemartialarts.com.au/wp-content/uploads/2026/04/2013-09-Dumog-600x1013.jpg
https://progressivemartialarts.com.au/product/inosanto-2013-australia-jun-fan-gung-fu-jkd/	https://progressivemartialarts.com.au/wp-content/uploads/2026/04/2013-13-Mixed-Arts-4-disc-600x991.jpg
https://progressivemartialarts.com.au/product/inosanto-2013-australia-jun-fan-gung-fu-jkd/	https://progressivemartialarts.com.au/wp-content/uploads/2026/04/2013-14-Jun-FanJKD.jpg
https://progressivemartialarts.com.au/product/inosanto-2013-australia-mma-4-dvd-set/	https://firstsight.design/cherie/beauty/wp-content/uploads/2020/10/Shopping-Cart.svg
https://progressivemartialarts.com.au/product/inosanto-2013-australia-mma-4-dvd-set/	https://progressivemartialarts.com.au/wp-content/uploads/2022/10/2014-05-Disarms-600x924.jpg
https://progressivemartialarts.com.au/product/inosanto-2013-australia-mma-4-dvd-set/	https://progressivemartialarts.com.au/wp-content/uploads/2022/10/Definitive_01_2048x2048_8f5b3c99-52db-47cc-bb4b-5d53337ceb9b-600x400.jpg
https://progressivemartialarts.com.au/product/inosanto-2013-australia-mma-4-dvd-set/	https://progressivemartialarts.com.au/wp-content/uploads/2022/10/PMA-logo-2020-11250X60-11.png
https://progressivemartialarts.com.au/product/inosanto-2013-australia-mma-4-dvd-set/	https://progressivemartialarts.com.au/wp-content/uploads/2022/10/PMA-logo-2020-12.png
https://progressivemartialarts.com.au/product/inosanto-2013-australia-mma-4-dvd-set/	https://progressivemartialarts.com.au/wp-content/uploads/2026/04/2013-13-Mixed-Arts-4-disc-scaled.jpg
https://progressivemartialarts.com.au/product/inosanto-2013-australia-mma-4-dvd-set/	https://progressivemartialarts.com.au/wp-content/uploads/2026/04/2017-17-Weaponry-Disarms-1-600x845.jpg
https://progressivemartialarts.com.au/product/inosanto-2013-australia-mma-4-dvd-set/	https://progressivemartialarts.com.au/wp-content/uploads/2026/04/2019-16-Weaponry-1-600x858.jpg
https://progressivemartialarts.com.au/product/inosanto-2013-australia-thai-boxing/	https://firstsight.design/cherie/beauty/wp-content/uploads/2020/10/Shopping-Cart.svg
https://progressivemartialarts.com.au/product/inosanto-2013-australia-thai-boxing/	https://progressivemartialarts.com.au/wp-content/uploads/2022/10/IAMA-Windbreaker.jpeg
https://progressivemartialarts.com.au/product/inosanto-2013-australia-thai-boxing/	https://progressivemartialarts.com.au/wp-content/uploads/2022/10/PMA-logo-2020-11250X60-11.png
https://progressivemartialarts.com.au/product/inosanto-2013-australia-thai-boxing/	https://progressivemartialarts.com.au/wp-content/uploads/2022/10/PMA-logo-2020-12.png
https://progressivemartialarts.com.au/product/inosanto-2013-australia-thai-boxing/	https://progressivemartialarts.com.au/wp-content/uploads/2022/10/inosanto-academy-long-sleeve-rash-vest.jpg
https://progressivemartialarts.com.au/product/inosanto-2013-australia-thai-boxing/	https://progressivemartialarts.com.au/wp-content/uploads/2022/10/inosanto-academy-short-sleeve-rash-vest-e1778982686103.jpg
https://progressivemartialarts.com.au/product/inosanto-2013-australia-thai-boxing/	https://progressivemartialarts.com.au/wp-content/uploads/2026/04/2013-12-Thai-Boxing.jpg
https://progressivemartialarts.com.au/product/inosanto-2013-australia-thai-boxing/	https://progressivemartialarts.com.au/wp-content/uploads/2026/04/2018-14-Mixed-Arts-day-2-1-600x794.jpg
https://progressivemartialarts.com.au/product/inosanto-2013-australia-weaponry-disarms/	https://firstsight.design/cherie/beauty/wp-content/uploads/2020/10/Shopping-Cart.svg
https://progressivemartialarts.com.au/product/inosanto-2013-australia-weaponry-disarms/	https://progressivemartialarts.com.au/wp-content/uploads/2022/10/2014-06-Silat-Camp.1.jpg
https://progressivemartialarts.com.au/product/inosanto-2013-australia-weaponry-disarms/	https://progressivemartialarts.com.au/wp-content/uploads/2022/10/PMA-logo-2020-11250X60-11.png
https://progressivemartialarts.com.au/product/inosanto-2013-australia-weaponry-disarms/	https://progressivemartialarts.com.au/wp-content/uploads/2022/10/PMA-logo-2020-12.png
https://progressivemartialarts.com.au/product/inosanto-2013-australia-weaponry-disarms/	https://progressivemartialarts.com.au/wp-content/uploads/2022/10/Training-Dagger-02-600x450.jpg
https://progressivemartialarts.com.au/product/inosanto-2013-australia-weaponry-disarms/	https://progressivemartialarts.com.au/wp-content/uploads/2026/04/2013-15-Disarms.jpg
https://progressivemartialarts.com.au/product/inosanto-2013-australia-weaponry-disarms/	https://progressivemartialarts.com.au/wp-content/uploads/2026/04/2016-13-Mixed-Arts-Sat.1.jpg
https://progressivemartialarts.com.au/product/inosanto-2013-australia-weaponry-disarms/	https://progressivemartialarts.com.au/wp-content/uploads/2026/04/2017-09-Staff-day-2-1-600x800.jpg
https://progressivemartialarts.com.au/product/inosanto-2013-dumog/	https://firstsight.design/cherie/beauty/wp-content/uploads/2020/10/Shopping-Cart.svg
https://progressivemartialarts.com.au/product/inosanto-2013-dumog/	https://progressivemartialarts.com.au/wp-content/uploads/2022/10/2012-09-Stck-and-Dagger-600x986.jpg
https://progressivemartialarts.com.au/product/inosanto-2013-dumog/	https://progressivemartialarts.com.au/wp-content/uploads/2022/10/PMA-logo-2020-11250X60-11.png
https://progressivemartialarts.com.au/product/inosanto-2013-dumog/	https://progressivemartialarts.com.au/wp-content/uploads/2022/10/PMA-logo-2020-12.png
https://progressivemartialarts.com.au/product/inosanto-2013-dumog/	https://progressivemartialarts.com.au/wp-content/uploads/2022/10/dvd-dubin-drumming_360x_77fc0434-c184-439d-bd32-9565ad9e2d65.jpg
https://progressivemartialarts.com.au/product/inosanto-2013-dumog/	https://progressivemartialarts.com.au/wp-content/uploads/2026/04/2013-09-Dumog-scaled.jpg
https://progressivemartialarts.com.au/product/inosanto-2013-dumog/	https://progressivemartialarts.com.au/wp-content/uploads/2026/04/2013-13-Mixed-Arts-4-disc-600x991.jpg
https://progressivemartialarts.com.au/product/inosanto-2013-dumog/	https://progressivemartialarts.com.au/wp-content/uploads/2026/04/2013-15-Disarms-600x978.jpg
https://progressivemartialarts.com.au/product/inosanto-2013-legends-8-dvd-set/	https://firstsight.design/cherie/beauty/wp-content/uploads/2020/10/Shopping-Cart.svg
https://progressivemartialarts.com.au/product/inosanto-2013-legends-8-dvd-set/	https://progressivemartialarts.com.au/wp-content/uploads/2022/10/2012-08-Sensitivity-600x1002.jpg
https://progressivemartialarts.com.au/product/inosanto-2013-legends-8-dvd-set/	https://progressivemartialarts.com.au/wp-content/uploads/2022/10/2012-14-Silat-600x922.jpg
https://progressivemartialarts.com.au/product/inosanto-2013-legends-8-dvd-set/	https://progressivemartialarts.com.au/wp-content/uploads/2022/10/2013-07-Legends.1-1.jpg
https://progressivemartialarts.com.au/product/inosanto-2013-legends-8-dvd-set/	https://progressivemartialarts.com.au/wp-content/uploads/2022/10/PMA-logo-2020-11250X60-11.png
https://progressivemartialarts.com.au/product/inosanto-2013-legends-8-dvd-set/	https://progressivemartialarts.com.au/wp-content/uploads/2022/10/PMA-logo-2020-12.png
https://progressivemartialarts.com.au/product/inosanto-2013-legends-8-dvd-set/	https://progressivemartialarts.com.au/wp-content/uploads/2022/10/dvd-bolt-wrestling_360x_2773eba6-7a00-4d66-9287-70cd0c021687.jpg
https://progressivemartialarts.com.au/product/inosanto-2013-legends-8-dvd-set/	https://progressivemartialarts.com.au/wp-content/uploads/2026/04/2017-18-Locks-and-Controls-1-600x751.jpg
https://progressivemartialarts.com.au/product/inosanto-2013-mixed-silat-training-camp-8-dvd-set/	https://firstsight.design/cherie/beauty/wp-content/uploads/2020/10/Shopping-Cart.svg
https://progressivemartialarts.com.au/product/inosanto-2013-mixed-silat-training-camp-8-dvd-set/	https://progressivemartialarts.com.au/wp-content/uploads/2022/10/2012-12-Thai-Boxing-600x1056.jpg
https://progressivemartialarts.com.au/product/inosanto-2013-mixed-silat-training-camp-8-dvd-set/	https://progressivemartialarts.com.au/wp-content/uploads/2022/10/2014-06-Silat-Camp.jpg
https://progressivemartialarts.com.au/product/inosanto-2013-mixed-silat-training-camp-8-dvd-set/	https://progressivemartialarts.com.au/wp-content/uploads/2022/10/2014-14-Jun-FanJKD-600x955.jpg
https://progressivemartialarts.com.au/product/inosanto-2013-mixed-silat-training-camp-8-dvd-set/	https://progressivemartialarts.com.au/wp-content/uploads/2022/10/PMA-logo-2020-11250X60-11.png
https://progressivemartialarts.com.au/product/inosanto-2013-mixed-silat-training-camp-8-dvd-set/	https://progressivemartialarts.com.au/wp-content/uploads/2022/10/PMA-logo-2020-12.png
https://progressivemartialarts.com.au/product/inosanto-2013-mixed-silat-training-camp-8-dvd-set/	https://progressivemartialarts.com.au/wp-content/uploads/2026/04/2013-12-Thai-Boxing-600x996.jpg
https://progressivemartialarts.com.au/product/inosanto-2013-mixed-silat-training-camp-8-dvd-set/	https://progressivemartialarts.com.au/wp-content/uploads/2026/04/2013-15-Disarms-600x978.jpg
https://progressivemartialarts.com.au/product/inosanto-2013-panantukan/	https://firstsight.design/cherie/beauty/wp-content/uploads/2020/10/Shopping-Cart.svg
https://progressivemartialarts.com.au/product/inosanto-2013-panantukan/	https://progressivemartialarts.com.au/wp-content/uploads/2022/10/2012-10-Abecedario-600x1009.jpg
https://progressivemartialarts.com.au/product/inosanto-2013-panantukan/	https://progressivemartialarts.com.au/wp-content/uploads/2022/10/2012-13-Mixed-Arts-2-disc-600x1002.jpg
https://progressivemartialarts.com.au/product/inosanto-2013-panantukan/	https://progressivemartialarts.com.au/wp-content/uploads/2022/10/PMA-logo-2020-11250X60-11.png
https://progressivemartialarts.com.au/product/inosanto-2013-panantukan/	https://progressivemartialarts.com.au/wp-content/uploads/2022/10/PMA-logo-2020-12.png
https://progressivemartialarts.com.au/product/inosanto-2013-panantukan/	https://progressivemartialarts.com.au/wp-content/uploads/2022/10/dvd-capoeira-active_360x_af314fdf-57e8-402e-b117-8fc1deac6fc3.jpg
https://progressivemartialarts.com.au/product/inosanto-2013-panantukan/	https://progressivemartialarts.com.au/wp-content/uploads/2022/10/dvd-wingchun-mma_540x_3a7a76b0-19be-48e3-86fc-5b0ebd10b420.jpg
https://progressivemartialarts.com.au/product/inosanto-2013-panantukan/	https://progressivemartialarts.com.au/wp-content/uploads/2026/04/2013-08-Panantukan.jpg
https://progressivemartialarts.com.au/product/inosanto-2014-australia-joint-locking/	https://firstsight.design/cherie/beauty/wp-content/uploads/2020/10/Shopping-Cart.svg
https://progressivemartialarts.com.au/product/inosanto-2014-australia-joint-locking/	https://progressivemartialarts.com.au/wp-content/uploads/2022/10/2012-11-Pangamut-600x1074.jpg
https://progressivemartialarts.com.au/product/inosanto-2014-australia-joint-locking/	https://progressivemartialarts.com.au/wp-content/uploads/2022/10/2014-15-Joint-Locking.jpg
https://progressivemartialarts.com.au/product/inosanto-2014-australia-joint-locking/	https://progressivemartialarts.com.au/wp-content/uploads/2022/10/PMA-logo-2020-11250X60-11.png
https://progressivemartialarts.com.au/product/inosanto-2014-australia-joint-locking/	https://progressivemartialarts.com.au/wp-content/uploads/2022/10/PMA-logo-2020-12.png
https://progressivemartialarts.com.au/product/inosanto-2014-australia-joint-locking/	https://progressivemartialarts.com.au/wp-content/uploads/2022/10/dvd-wingchun-mma_540x_3a7a76b0-19be-48e3-86fc-5b0ebd10b420.jpg
https://progressivemartialarts.com.au/product/inosanto-2014-australia-joint-locking/	https://progressivemartialarts.com.au/wp-content/uploads/2026/04/2013-13-Mixed-Arts-4-disc-600x991.jpg
https://progressivemartialarts.com.au/product/inosanto-2014-australia-joint-locking/	https://progressivemartialarts.com.au/wp-content/uploads/2026/04/2017-18-Locks-and-Controls-1-600x751.jpg
https://progressivemartialarts.com.au/product/inosanto-2014-australia-jun-fan-gung-fu-jkd/	https://firstsight.design/cherie/beauty/wp-content/uploads/2020/10/Shopping-Cart.svg
https://progressivemartialarts.com.au/product/inosanto-2014-australia-jun-fan-gung-fu-jkd/	https://progressivemartialarts.com.au/wp-content/uploads/2022/10/2012-08-Sensitivity-600x1002.jpg
https://progressivemartialarts.com.au/product/inosanto-2014-australia-jun-fan-gung-fu-jkd/	https://progressivemartialarts.com.au/wp-content/uploads/2022/10/2014-13-Mixed-Arts-4-disc-600x1002.jpg
https://progressivemartialarts.com.au/product/inosanto-2014-australia-jun-fan-gung-fu-jkd/	https://progressivemartialarts.com.au/wp-content/uploads/2022/10/2014-14-Jun-FanJKD.jpg
https://progressivemartialarts.com.au/product/inosanto-2014-australia-jun-fan-gung-fu-jkd/	https://progressivemartialarts.com.au/wp-content/uploads/2022/10/PMA-logo-2020-11250X60-11.png
https://progressivemartialarts.com.au/product/inosanto-2014-australia-jun-fan-gung-fu-jkd/	https://progressivemartialarts.com.au/wp-content/uploads/2022/10/PMA-logo-2020-12.png
https://progressivemartialarts.com.au/product/inosanto-2014-australia-jun-fan-gung-fu-jkd/	https://progressivemartialarts.com.au/wp-content/uploads/2022/10/dvd-capoeira-active_360x_af314fdf-57e8-402e-b117-8fc1deac6fc3.jpg
https://progressivemartialarts.com.au/product/inosanto-2014-australia-jun-fan-gung-fu-jkd/	https://progressivemartialarts.com.au/wp-content/uploads/2026/04/2017-18-Locks-and-Controls-1-600x751.jpg
https://progressivemartialarts.com.au/product/inosanto-2014-australia-mma-4-dvd-set/	https://firstsight.design/cherie/beauty/wp-content/uploads/2020/10/Shopping-Cart.svg
https://progressivemartialarts.com.au/product/inosanto-2014-australia-mma-4-dvd-set/	https://progressivemartialarts.com.au/wp-content/uploads/2022/10/2012-06-Silat-Camp.1-copy.jpg
https://progressivemartialarts.com.au/product/inosanto-2014-australia-mma-4-dvd-set/	https://progressivemartialarts.com.au/wp-content/uploads/2022/10/2014-13-Mixed-Arts-4-disc.jpg
https://progressivemartialarts.com.au/product/inosanto-2014-australia-mma-4-dvd-set/	https://progressivemartialarts.com.au/wp-content/uploads/2022/10/PMA-logo-2020-11250X60-11.png
https://progressivemartialarts.com.au/product/inosanto-2014-australia-mma-4-dvd-set/	https://progressivemartialarts.com.au/wp-content/uploads/2022/10/PMA-logo-2020-12.png
https://progressivemartialarts.com.au/product/inosanto-2014-australia-mma-4-dvd-set/	https://progressivemartialarts.com.au/wp-content/uploads/2022/10/dvd-capoeira-active_360x_af314fdf-57e8-402e-b117-8fc1deac6fc3.jpg
https://progressivemartialarts.com.au/product/inosanto-2014-australia-mma-4-dvd-set/	https://progressivemartialarts.com.au/wp-content/uploads/2026/04/2013-13-Mixed-Arts-4-disc-600x991.jpg
https://progressivemartialarts.com.au/product/inosanto-2014-australia-mma-4-dvd-set/	https://progressivemartialarts.com.au/wp-content/uploads/2026/04/2013-14-Jun-FanJKD-600x997.jpg
https://progressivemartialarts.com.au/product/inosanto-2014-australia-thai-boxing/	https://firstsight.design/cherie/beauty/wp-content/uploads/2020/10/Shopping-Cart.svg
https://progressivemartialarts.com.au/product/inosanto-2014-australia-thai-boxing/	https://progressivemartialarts.com.au/wp-content/uploads/2022/10/2012-08-Sensitivity-600x1002.jpg
https://progressivemartialarts.com.au/product/inosanto-2014-australia-thai-boxing/	https://progressivemartialarts.com.au/wp-content/uploads/2022/10/2012-12-Thai-Boxing-600x1056.jpg
https://progressivemartialarts.com.au/product/inosanto-2014-australia-thai-boxing/	https://progressivemartialarts.com.au/wp-content/uploads/2022/10/2014-12-Thai-Boxing.jpg
https://progressivemartialarts.com.au/product/inosanto-2014-australia-thai-boxing/	https://progressivemartialarts.com.au/wp-content/uploads/2022/10/PMA-logo-2020-11250X60-11.png
https://progressivemartialarts.com.au/product/inosanto-2014-australia-thai-boxing/	https://progressivemartialarts.com.au/wp-content/uploads/2022/10/PMA-logo-2020-12.png
https://progressivemartialarts.com.au/product/inosanto-2014-australia-thai-boxing/	https://progressivemartialarts.com.au/wp-content/uploads/2026/04/2013-14-Jun-FanJKD-600x997.jpg
https://progressivemartialarts.com.au/product/inosanto-2014-australia-thai-boxing/	https://progressivemartialarts.com.au/wp-content/uploads/2026/04/2017-18-Locks-and-Controls-1-600x751.jpg
https://progressivemartialarts.com.au/product/inosanto-2014-lacoste-ilustrisimo-inosanto-systems/	https://firstsight.design/cherie/beauty/wp-content/uploads/2020/10/Shopping-Cart.svg
https://progressivemartialarts.com.au/product/inosanto-2014-lacoste-ilustrisimo-inosanto-systems/	https://progressivemartialarts.com.au/wp-content/uploads/2022/10/2012-06-Silat-Camp.1-copy.jpg
https://progressivemartialarts.com.au/product/inosanto-2014-lacoste-ilustrisimo-inosanto-systems/	https://progressivemartialarts.com.au/wp-content/uploads/2022/10/2014-04-Lacost-Illus.jpg
https://progressivemartialarts.com.au/product/inosanto-2014-lacoste-ilustrisimo-inosanto-systems/	https://progressivemartialarts.com.au/wp-content/uploads/2022/10/2014-06-Silat-Camp.jpg
https://progressivemartialarts.com.au/product/inosanto-2014-lacoste-ilustrisimo-inosanto-systems/	https://progressivemartialarts.com.au/wp-content/uploads/2022/10/2014-14-Jun-FanJKD-600x955.jpg
https://progressivemartialarts.com.au/product/inosanto-2014-lacoste-ilustrisimo-inosanto-systems/	https://progressivemartialarts.com.au/wp-content/uploads/2022/10/PMA-logo-2020-11250X60-11.png
https://progressivemartialarts.com.au/product/inosanto-2014-lacoste-ilustrisimo-inosanto-systems/	https://progressivemartialarts.com.au/wp-content/uploads/2022/10/PMA-logo-2020-12.png
https://progressivemartialarts.com.au/product/inosanto-2014-lacoste-ilustrisimo-inosanto-systems/	https://progressivemartialarts.com.au/wp-content/uploads/2022/10/dvd-rhythmic-training_360x_cb6de2e8-250d-483e-ba6d-86c714d752bc.jpg
https://progressivemartialarts.com.au/product/inosanto-2014-maphilindo-silat-day-1/	https://firstsight.design/cherie/beauty/wp-content/uploads/2020/10/Shopping-Cart.svg
https://progressivemartialarts.com.au/product/inosanto-2014-maphilindo-silat-day-1/	https://progressivemartialarts.com.au/wp-content/uploads/2022/10/2012-06-Silat-Camp.1-copy.jpg
https://progressivemartialarts.com.au/product/inosanto-2014-maphilindo-silat-day-1/	https://progressivemartialarts.com.au/wp-content/uploads/2022/10/2012-09-Stck-and-Dagger-600x986.jpg
https://progressivemartialarts.com.au/product/inosanto-2014-maphilindo-silat-day-1/	https://progressivemartialarts.com.au/wp-content/uploads/2022/10/2014-08-Silat-day-1.jpg
https://progressivemartialarts.com.au/product/inosanto-2014-maphilindo-silat-day-1/	https://progressivemartialarts.com.au/wp-content/uploads/2022/10/PMA-logo-2020-11250X60-11.png
https://progressivemartialarts.com.au/product/inosanto-2014-maphilindo-silat-day-1/	https://progressivemartialarts.com.au/wp-content/uploads/2022/10/PMA-logo-2020-12.png
https://progressivemartialarts.com.au/product/inosanto-2014-maphilindo-silat-day-1/	https://progressivemartialarts.com.au/wp-content/uploads/2022/10/dvd-wingchun-mma_540x_3a7a76b0-19be-48e3-86fc-5b0ebd10b420.jpg
https://progressivemartialarts.com.au/product/inosanto-2014-maphilindo-silat-day-1/	https://progressivemartialarts.com.au/wp-content/uploads/2026/04/2013-05-12-Areas-2-600x993.jpg
https://progressivemartialarts.com.au/product/inosanto-2014-maphilindo-silat-day-2/	https://firstsight.design/cherie/beauty/wp-content/uploads/2020/10/Shopping-Cart.svg
https://progressivemartialarts.com.au/product/inosanto-2014-maphilindo-silat-day-2/	https://progressivemartialarts.com.au/wp-content/uploads/2022/10/2012-08-Sensitivity-600x1002.jpg
https://progressivemartialarts.com.au/product/inosanto-2014-maphilindo-silat-day-2/	https://progressivemartialarts.com.au/wp-content/uploads/2022/10/2012-09-Stck-and-Dagger-600x986.jpg
https://progressivemartialarts.com.au/product/inosanto-2014-maphilindo-silat-day-2/	https://progressivemartialarts.com.au/wp-content/uploads/2022/10/2012-13-Mixed-Arts-2-disc-600x1002.jpg
https://progressivemartialarts.com.au/product/inosanto-2014-maphilindo-silat-day-2/	https://progressivemartialarts.com.au/wp-content/uploads/2022/10/2014-09-Silat-day-2.jpg
https://progressivemartialarts.com.au/product/inosanto-2014-maphilindo-silat-day-2/	https://progressivemartialarts.com.au/wp-content/uploads/2022/10/PMA-logo-2020-11250X60-11.png
https://progressivemartialarts.com.au/product/inosanto-2014-maphilindo-silat-day-2/	https://progressivemartialarts.com.au/wp-content/uploads/2022/10/PMA-logo-2020-12.png
https://progressivemartialarts.com.au/product/inosanto-2014-maphilindo-silat-day-2/	https://progressivemartialarts.com.au/wp-content/uploads/2022/10/dvd-capoeira-active_360x_af314fdf-57e8-402e-b117-8fc1deac6fc3.jpg
https://progressivemartialarts.com.au/product/inosanto-2014-mixed-silat-training-camp-8-dvd-set/	https://firstsight.design/cherie/beauty/wp-content/uploads/2020/10/Shopping-Cart.svg
https://progressivemartialarts.com.au/product/inosanto-2014-mixed-silat-training-camp-8-dvd-set/	https://progressivemartialarts.com.au/wp-content/uploads/2022/10/2012-14-Silat-600x922.jpg
https://progressivemartialarts.com.au/product/inosanto-2014-mixed-silat-training-camp-8-dvd-set/	https://progressivemartialarts.com.au/wp-content/uploads/2022/10/2014-06-Silat-Camp.1.jpg
https://progressivemartialarts.com.au/product/inosanto-2014-mixed-silat-training-camp-8-dvd-set/	https://progressivemartialarts.com.au/wp-content/uploads/2022/10/PMA-logo-2020-11250X60-11.png
https://progressivemartialarts.com.au/product/inosanto-2014-mixed-silat-training-camp-8-dvd-set/	https://progressivemartialarts.com.au/wp-content/uploads/2022/10/PMA-logo-2020-12.png
https://progressivemartialarts.com.au/product/inosanto-2014-mixed-silat-training-camp-8-dvd-set/	https://progressivemartialarts.com.au/wp-content/uploads/2022/10/dagger-bca_360x_895a535c-d41f-41d7-9faa-afbe3d50093b.jpg
https://progressivemartialarts.com.au/product/inosanto-2014-mixed-silat-training-camp-8-dvd-set/	https://progressivemartialarts.com.au/wp-content/uploads/2026/04/2017-17-Weaponry-Disarms-1-600x845.jpg
https://progressivemartialarts.com.au/product/inosanto-2014-mixed-silat-training-camp-8-dvd-set/	https://progressivemartialarts.com.au/wp-content/uploads/2026/04/2023-14-Mixed-day-2-1-600x830.jpg
https://progressivemartialarts.com.au/product/inosanto-2014-weaponry-disarms/	https://firstsight.design/cherie/beauty/wp-content/uploads/2020/10/Shopping-Cart.svg
https://progressivemartialarts.com.au/product/inosanto-2014-weaponry-disarms/	https://progressivemartialarts.com.au/wp-content/uploads/2022/10/2012-06-Silat-Camp.1-copy.jpg
https://progressivemartialarts.com.au/product/inosanto-2014-weaponry-disarms/	https://progressivemartialarts.com.au/wp-content/uploads/2022/10/2012-10-Abecedario-600x1009.jpg
https://progressivemartialarts.com.au/product/inosanto-2014-weaponry-disarms/	https://progressivemartialarts.com.au/wp-content/uploads/2022/10/2014-05-Disarms.jpg
https://progressivemartialarts.com.au/product/inosanto-2014-weaponry-disarms/	https://progressivemartialarts.com.au/wp-content/uploads/2022/10/PMA-logo-2020-11250X60-11.png
https://progressivemartialarts.com.au/product/inosanto-2014-weaponry-disarms/	https://progressivemartialarts.com.au/wp-content/uploads/2022/10/PMA-logo-2020-12.png
https://progressivemartialarts.com.au/product/inosanto-2014-weaponry-disarms/	https://progressivemartialarts.com.au/wp-content/uploads/2022/10/blades-004_360x_a81732c8-99d6-4ee9-beb1-63dc64f0eb9c.jpg
https://progressivemartialarts.com.au/product/inosanto-2014-weaponry-disarms/	https://progressivemartialarts.com.au/wp-content/uploads/2022/10/dagger-bca_360x_895a535c-d41f-41d7-9faa-afbe3d50093b.jpg
https://progressivemartialarts.com.au/product/inosanto-2015-abecedario-contradas-day-1/	https://firstsight.design/cherie/beauty/wp-content/uploads/2020/10/Shopping-Cart.svg
https://progressivemartialarts.com.au/product/inosanto-2015-abecedario-contradas-day-1/	https://progressivemartialarts.com.au/wp-content/uploads/2022/10/2014-05-Disarms-600x924.jpg
https://progressivemartialarts.com.au/product/inosanto-2015-abecedario-contradas-day-1/	https://progressivemartialarts.com.au/wp-content/uploads/2022/10/2015-08-ABC-3inch.jpg
https://progressivemartialarts.com.au/product/inosanto-2015-abecedario-contradas-day-1/	https://progressivemartialarts.com.au/wp-content/uploads/2022/10/PMA-logo-2020-11250X60-11.png
https://progressivemartialarts.com.au/product/inosanto-2015-abecedario-contradas-day-1/	https://progressivemartialarts.com.au/wp-content/uploads/2022/10/PMA-logo-2020-12.png
https://progressivemartialarts.com.au/product/inosanto-2015-abecedario-contradas-day-1/	https://progressivemartialarts.com.au/wp-content/uploads/2026/04/2015-06-Silat-Camp.1.jpg
https://progressivemartialarts.com.au/product/inosanto-2015-abecedario-contradas-day-1/	https://progressivemartialarts.com.au/wp-content/uploads/2026/04/2017-08-Staff-day-1-1-600x767.jpg
https://progressivemartialarts.com.au/product/inosanto-2015-abecedario-contradas-day-1/	https://progressivemartialarts.com.au/wp-content/uploads/2026/04/2017-17-Weaponry-Disarms-1-600x845.jpg
https://progressivemartialarts.com.au/product/inosanto-2015-abecedario-contradas-day-2/	https://firstsight.design/cherie/beauty/wp-content/uploads/2020/10/Shopping-Cart.svg
https://progressivemartialarts.com.au/product/inosanto-2015-abecedario-contradas-day-2/	https://progressivemartialarts.com.au/wp-content/uploads/2022/10/2015-08-ABC-3inch.jpg
https://progressivemartialarts.com.au/product/inosanto-2015-abecedario-contradas-day-2/	https://progressivemartialarts.com.au/wp-content/uploads/2022/10/PMA-logo-2020-11250X60-11.png
https://progressivemartialarts.com.au/product/inosanto-2015-abecedario-contradas-day-2/	https://progressivemartialarts.com.au/wp-content/uploads/2022/10/PMA-logo-2020-12.png
https://progressivemartialarts.com.au/product/inosanto-2015-abecedario-contradas-day-2/	https://progressivemartialarts.com.au/wp-content/uploads/2022/10/Training-Dagger-06-600x450.jpg
https://progressivemartialarts.com.au/product/inosanto-2015-abecedario-contradas-day-2/	https://progressivemartialarts.com.au/wp-content/uploads/2026/04/2015-09-Abecedario-day-2.H.1.jpg
https://progressivemartialarts.com.au/product/inosanto-2015-abecedario-contradas-day-2/	https://progressivemartialarts.com.au/wp-content/uploads/2026/04/2016-13-Mixed-Arts-Sat.1.jpg
https://progressivemartialarts.com.au/product/inosanto-2015-abecedario-contradas-day-2/	https://progressivemartialarts.com.au/wp-content/uploads/2026/04/2018-14-Mixed-Arts-day-2-1-600x794.jpg
https://progressivemartialarts.com.au/product/inosanto-2015-australia-flexible-weapons/	https://firstsight.design/cherie/beauty/wp-content/uploads/2020/10/Shopping-Cart.svg
https://progressivemartialarts.com.au/product/inosanto-2015-australia-flexible-weapons/	https://progressivemartialarts.com.au/wp-content/uploads/2022/10/2015-08-ABC-3inch.jpg
https://progressivemartialarts.com.au/product/inosanto-2015-australia-flexible-weapons/	https://progressivemartialarts.com.au/wp-content/uploads/2022/10/2015-17-Flexible-December.1.jpg
https://progressivemartialarts.com.au/product/inosanto-2015-australia-flexible-weapons/	https://progressivemartialarts.com.au/wp-content/uploads/2022/10/PMA-logo-2020-11250X60-11.png
https://progressivemartialarts.com.au/product/inosanto-2015-australia-flexible-weapons/	https://progressivemartialarts.com.au/wp-content/uploads/2022/10/PMA-logo-2020-12.png
https://progressivemartialarts.com.au/product/inosanto-2015-australia-flexible-weapons/	https://progressivemartialarts.com.au/wp-content/uploads/2022/10/Padded-Dagger.1-copy-600x129.jpeg
https://progressivemartialarts.com.au/product/inosanto-2015-australia-flexible-weapons/	https://progressivemartialarts.com.au/wp-content/uploads/2026/04/2017-04-Stick-Dagger-1-600x797.jpg
https://progressivemartialarts.com.au/product/inosanto-2015-australia-flexible-weapons/	https://progressivemartialarts.com.au/wp-content/uploads/2026/04/2017-14-Mixed-day-2-1-600x825.jpg
https://progressivemartialarts.com.au/product/inosanto-2015-australia-jun-fan-gung-fu-jkd/	https://firstsight.design/cherie/beauty/wp-content/uploads/2020/10/Shopping-Cart.svg
https://progressivemartialarts.com.au/product/inosanto-2015-australia-jun-fan-gung-fu-jkd/	https://progressivemartialarts.com.au/wp-content/uploads/2022/10/2014-06-Silat-Camp.jpg
https://progressivemartialarts.com.au/product/inosanto-2015-australia-jun-fan-gung-fu-jkd/	https://progressivemartialarts.com.au/wp-content/uploads/2022/10/2015-15-JKD.1.jpg
https://progressivemartialarts.com.au/product/inosanto-2015-australia-jun-fan-gung-fu-jkd/	https://progressivemartialarts.com.au/wp-content/uploads/2022/10/PMA-logo-2020-11250X60-11.png
https://progressivemartialarts.com.au/product/inosanto-2015-australia-jun-fan-gung-fu-jkd/	https://progressivemartialarts.com.au/wp-content/uploads/2022/10/PMA-logo-2020-12.png
https://progressivemartialarts.com.au/product/inosanto-2015-australia-jun-fan-gung-fu-jkd/	https://progressivemartialarts.com.au/wp-content/uploads/2022/10/dvd-dubin-drumming_360x_77fc0434-c184-439d-bd32-9565ad9e2d65.jpg
https://progressivemartialarts.com.au/product/inosanto-2015-australia-jun-fan-gung-fu-jkd/	https://progressivemartialarts.com.au/wp-content/uploads/2026/04/2013-05-12-Areas-2-600x993.jpg
https://progressivemartialarts.com.au/product/inosanto-2015-australia-jun-fan-gung-fu-jkd/	https://progressivemartialarts.com.au/wp-content/uploads/2026/04/2013-08-Panantukan-600x985.jpg
https://progressivemartialarts.com.au/product/inosanto-2015-australia-mixed-arts-3-dvd-set/	https://firstsight.design/cherie/beauty/wp-content/uploads/2020/10/Shopping-Cart.svg
https://progressivemartialarts.com.au/product/inosanto-2015-australia-mixed-arts-3-dvd-set/	https://progressivemartialarts.com.au/wp-content/uploads/2022/10/2014-15-Joint-Locking-600x989.jpg
https://progressivemartialarts.com.au/product/inosanto-2015-australia-mixed-arts-3-dvd-set/	https://progressivemartialarts.com.au/wp-content/uploads/2022/10/PMA-logo-2020-11250X60-11.png
https://progressivemartialarts.com.au/product/inosanto-2015-australia-mixed-arts-3-dvd-set/	https://progressivemartialarts.com.au/wp-content/uploads/2022/10/PMA-logo-2020-12.png
https://progressivemartialarts.com.au/product/inosanto-2015-australia-mixed-arts-3-dvd-set/	https://progressivemartialarts.com.au/wp-content/uploads/2022/10/dvd-capoeira-active_360x_af314fdf-57e8-402e-b117-8fc1deac6fc3.jpg
https://progressivemartialarts.com.au/product/inosanto-2015-australia-mixed-arts-3-dvd-set/	https://progressivemartialarts.com.au/wp-content/uploads/2022/10/dvd-rhythmic-training_360x_cb6de2e8-250d-483e-ba6d-86c714d752bc.jpg
https://progressivemartialarts.com.au/product/inosanto-2015-australia-mixed-arts-3-dvd-set/	https://progressivemartialarts.com.au/wp-content/uploads/2022/10/dvd-wingchun-mma_540x_3a7a76b0-19be-48e3-86fc-5b0ebd10b420.jpg
https://progressivemartialarts.com.au/product/inosanto-2015-australia-mixed-arts-3-dvd-set/	https://progressivemartialarts.com.au/wp-content/uploads/2026/08/2015-13-Mixed-Arts-3-disc.1.jpg
https://progressivemartialarts.com.au/product/inosanto-2015-australia-sensitivity-drills/	https://firstsight.design/cherie/beauty/wp-content/uploads/2020/10/Shopping-Cart.svg
https://progressivemartialarts.com.au/product/inosanto-2015-australia-sensitivity-drills/	https://progressivemartialarts.com.au/wp-content/uploads/2022/10/2012-08-Sensitivity-600x1002.jpg
https://progressivemartialarts.com.au/product/inosanto-2015-australia-sensitivity-drills/	https://progressivemartialarts.com.au/wp-content/uploads/2022/10/2015-18-Sensitivity-4.1.jpg
https://progressivemartialarts.com.au/product/inosanto-2015-australia-sensitivity-drills/	https://progressivemartialarts.com.au/wp-content/uploads/2022/10/PMA-logo-2020-11250X60-11.png
https://progressivemartialarts.com.au/product/inosanto-2015-australia-sensitivity-drills/	https://progressivemartialarts.com.au/wp-content/uploads/2022/10/PMA-logo-2020-12.png
https://progressivemartialarts.com.au/product/inosanto-2015-australia-sensitivity-drills/	https://progressivemartialarts.com.au/wp-content/uploads/2026/04/2013-08-Panantukan-600x985.jpg
https://progressivemartialarts.com.au/product/inosanto-2015-australia-sensitivity-drills/	https://progressivemartialarts.com.au/wp-content/uploads/2026/04/2013-13-Mixed-Arts-4-disc-600x991.jpg
https://progressivemartialarts.com.au/product/inosanto-2015-australia-sensitivity-drills/	https://progressivemartialarts.com.au/wp-content/uploads/2026/04/2013-14-Jun-FanJKD-600x997.jpg
https://progressivemartialarts.com.au/product/inosanto-2015-australia-stick-dagger/	https://firstsight.design/cherie/beauty/wp-content/uploads/2020/10/Shopping-Cart.svg
https://progressivemartialarts.com.au/product/inosanto-2015-australia-stick-dagger/	https://progressivemartialarts.com.au/wp-content/uploads/2022/10/2012-08-Sensitivity-600x1002.jpg
https://progressivemartialarts.com.au/product/inosanto-2015-australia-stick-dagger/	https://progressivemartialarts.com.au/wp-content/uploads/2022/10/2014-06-Silat-Camp.jpg
https://progressivemartialarts.com.au/product/inosanto-2015-australia-stick-dagger/	https://progressivemartialarts.com.au/wp-content/uploads/2022/10/2014-15-Joint-Locking-600x989.jpg
https://progressivemartialarts.com.au/product/inosanto-2015-australia-stick-dagger/	https://progressivemartialarts.com.au/wp-content/uploads/2022/10/2015-16-Stick-and-Dagger.1.jpg
https://progressivemartialarts.com.au/product/inosanto-2015-australia-stick-dagger/	https://progressivemartialarts.com.au/wp-content/uploads/2022/10/PMA-logo-2020-11250X60-11.png
https://progressivemartialarts.com.au/product/inosanto-2015-australia-stick-dagger/	https://progressivemartialarts.com.au/wp-content/uploads/2022/10/PMA-logo-2020-12.png
https://progressivemartialarts.com.au/product/inosanto-2015-australia-stick-dagger/	https://progressivemartialarts.com.au/wp-content/uploads/2026/04/2013-05-12-Areas-2-600x993.jpg
https://progressivemartialarts.com.au/product/inosanto-2015-australia-thai-boxing/	https://firstsight.design/cherie/beauty/wp-content/uploads/2020/10/Shopping-Cart.svg
https://progressivemartialarts.com.au/product/inosanto-2015-australia-thai-boxing/	https://progressivemartialarts.com.au/wp-content/uploads/2022/10/PMA-logo-2020-11250X60-11.png
https://progressivemartialarts.com.au/product/inosanto-2015-australia-thai-boxing/	https://progressivemartialarts.com.au/wp-content/uploads/2022/10/PMA-logo-2020-12.png
https://progressivemartialarts.com.au/product/inosanto-2015-australia-thai-boxing/	https://progressivemartialarts.com.au/wp-content/uploads/2026/04/2013-05-12-Areas-2-600x993.jpg
https://progressivemartialarts.com.au/product/inosanto-2015-australia-thai-boxing/	https://progressivemartialarts.com.au/wp-content/uploads/2026/04/2013-09-Dumog-600x1013.jpg
https://progressivemartialarts.com.au/product/inosanto-2015-australia-thai-boxing/	https://progressivemartialarts.com.au/wp-content/uploads/2026/04/2013-13-Mixed-Arts-4-disc-600x991.jpg
https://progressivemartialarts.com.au/product/inosanto-2015-australia-thai-boxing/	https://progressivemartialarts.com.au/wp-content/uploads/2026/04/2013-15-Disarms-600x978.jpg
https://progressivemartialarts.com.au/product/inosanto-2015-australia-thai-boxing/	https://progressivemartialarts.com.au/wp-content/uploads/2026/04/2015-12-Thai-Boxing.1.jpg
https://progressivemartialarts.com.au/product/inosanto-2015-flexible-weapons-march/	https://firstsight.design/cherie/beauty/wp-content/uploads/2020/10/Shopping-Cart.svg
https://progressivemartialarts.com.au/product/inosanto-2015-flexible-weapons-march/	https://progressivemartialarts.com.au/wp-content/uploads/2022/10/2012-08-Sensitivity-600x1002.jpg
https://progressivemartialarts.com.au/product/inosanto-2015-flexible-weapons-march/	https://progressivemartialarts.com.au/wp-content/uploads/2022/10/2012-13-Mixed-Arts-2-disc-600x1002.jpg
https://progressivemartialarts.com.au/product/inosanto-2015-flexible-weapons-march/	https://progressivemartialarts.com.au/wp-content/uploads/2022/10/2012-14-Silat-600x922.jpg
https://progressivemartialarts.com.au/product/inosanto-2015-flexible-weapons-march/	https://progressivemartialarts.com.au/wp-content/uploads/2022/10/2014-15-Joint-Locking-600x989.jpg
https://progressivemartialarts.com.au/product/inosanto-2015-flexible-weapons-march/	https://progressivemartialarts.com.au/wp-content/uploads/2022/10/PMA-logo-2020-11250X60-11.png
https://progressivemartialarts.com.au/product/inosanto-2015-flexible-weapons-march/	https://progressivemartialarts.com.au/wp-content/uploads/2022/10/PMA-logo-2020-12.png
https://progressivemartialarts.com.au/product/inosanto-2015-flexible-weapons-march/	https://progressivemartialarts.com.au/wp-content/uploads/2026/04/2015-05-Flexible-march.jpg
https://progressivemartialarts.com.au/product/inosanto-2015-joint-locking/	https://firstsight.design/cherie/beauty/wp-content/uploads/2020/10/Shopping-Cart.svg
https://progressivemartialarts.com.au/product/inosanto-2015-joint-locking/	https://progressivemartialarts.com.au/wp-content/uploads/2022/10/IAMA-Hoodie-BandG-e1781059471389.jpeg
https://progressivemartialarts.com.au/product/inosanto-2015-joint-locking/	https://progressivemartialarts.com.au/wp-content/uploads/2022/10/PMA-logo-2020-11250X60-11.png
https://progressivemartialarts.com.au/product/inosanto-2015-joint-locking/	https://progressivemartialarts.com.au/wp-content/uploads/2022/10/PMA-logo-2020-12.png
https://progressivemartialarts.com.au/product/inosanto-2015-joint-locking/	https://progressivemartialarts.com.au/wp-content/uploads/2022/10/image_82fa5c0c-07d7-42de-b015-40813f3fb6bc-600x450.webp
https://progressivemartialarts.com.au/product/inosanto-2015-joint-locking/	https://progressivemartialarts.com.au/wp-content/uploads/2022/10/inosanto-absorb-what-is-useful-singlet-e1776830771357.jpg
https://progressivemartialarts.com.au/product/inosanto-2015-joint-locking/	https://progressivemartialarts.com.au/wp-content/uploads/2026/04/2015-04-Joint-Locking.jpg
https://progressivemartialarts.com.au/product/inosanto-2015-joint-locking/	https://progressivemartialarts.com.au/wp-content/uploads/2026/04/2018-14-Mixed-Arts-day-2-1-600x794.jpg
https://progressivemartialarts.com.au/product/inosanto-2015-legends-8-dvd-set/	https://firstsight.design/cherie/beauty/wp-content/uploads/2020/10/Shopping-Cart.svg
https://progressivemartialarts.com.au/product/inosanto-2015-legends-8-dvd-set/	https://progressivemartialarts.com.au/wp-content/uploads/2022/10/2012-06-Silat-Camp.1-copy.jpg
https://progressivemartialarts.com.au/product/inosanto-2015-legends-8-dvd-set/	https://progressivemartialarts.com.au/wp-content/uploads/2022/10/2012-10-Abecedario-600x1009.jpg
https://progressivemartialarts.com.au/product/inosanto-2015-legends-8-dvd-set/	https://progressivemartialarts.com.au/wp-content/uploads/2022/10/2013-07-Legends.1-1.jpg
https://progressivemartialarts.com.au/product/inosanto-2015-legends-8-dvd-set/	https://progressivemartialarts.com.au/wp-content/uploads/2022/10/2015-07-Legends.1.jpg
https://progressivemartialarts.com.au/product/inosanto-2015-legends-8-dvd-set/	https://progressivemartialarts.com.au/wp-content/uploads/2022/10/PMA-logo-2020-11250X60-11.png
https://progressivemartialarts.com.au/product/inosanto-2015-legends-8-dvd-set/	https://progressivemartialarts.com.au/wp-content/uploads/2022/10/PMA-logo-2020-12.png
https://progressivemartialarts.com.au/product/inosanto-2015-legends-8-dvd-set/	https://progressivemartialarts.com.au/wp-content/uploads/2022/10/dvd-rhythmic-training_360x_cb6de2e8-250d-483e-ba6d-86c714d752bc.jpg
https://progressivemartialarts.com.au/product/inosanto-2015-mixed-silat-training-camp-8-dvd-set/	https://firstsight.design/cherie/beauty/wp-content/uploads/2020/10/Shopping-Cart.svg
https://progressivemartialarts.com.au/product/inosanto-2015-mixed-silat-training-camp-8-dvd-set/	https://progressivemartialarts.com.au/wp-content/uploads/2022/10/Definitive_01_2048x2048_8f5b3c99-52db-47cc-bb4b-5d53337ceb9b-600x400.jpg
https://progressivemartialarts.com.au/product/inosanto-2015-mixed-silat-training-camp-8-dvd-set/	https://progressivemartialarts.com.au/wp-content/uploads/2022/10/PMA-logo-2020-11250X60-11.png
https://progressivemartialarts.com.au/product/inosanto-2015-mixed-silat-training-camp-8-dvd-set/	https://progressivemartialarts.com.au/wp-content/uploads/2022/10/PMA-logo-2020-12.png
https://progressivemartialarts.com.au/product/inosanto-2015-mixed-silat-training-camp-8-dvd-set/	https://progressivemartialarts.com.au/wp-content/uploads/2022/10/image_c19290ca-0a86-4486-9ba2-9be9b933912a.png
https://progressivemartialarts.com.au/product/inosanto-2015-mixed-silat-training-camp-8-dvd-set/	https://progressivemartialarts.com.au/wp-content/uploads/2025/08/IMG_9545-2-600x800.jpeg
https://progressivemartialarts.com.au/product/inosanto-2015-mixed-silat-training-camp-8-dvd-set/	https://progressivemartialarts.com.au/wp-content/uploads/2026/04/2015-06-Silat-Camp.1.jpg
https://progressivemartialarts.com.au/product/inosanto-2015-mixed-silat-training-camp-8-dvd-set/	https://progressivemartialarts.com.au/wp-content/uploads/2026/04/2017-08-Staff-day-1-1-600x767.jpg
https://progressivemartialarts.com.au/product/inosanto-2016-australia-empty-hand-vs-weapons/	https://firstsight.design/cherie/beauty/wp-content/uploads/2020/10/Shopping-Cart.svg
https://progressivemartialarts.com.au/product/inosanto-2016-australia-empty-hand-vs-weapons/	https://progressivemartialarts.com.au/wp-content/uploads/2022/10/2012-08-Sensitivity-600x1002.jpg
https://progressivemartialarts.com.au/product/inosanto-2016-australia-empty-hand-vs-weapons/	https://progressivemartialarts.com.au/wp-content/uploads/2022/10/2012-14-Silat-600x922.jpg
https://progressivemartialarts.com.au/product/inosanto-2016-australia-empty-hand-vs-weapons/	https://progressivemartialarts.com.au/wp-content/uploads/2022/10/PMA-logo-2020-11250X60-11.png
https://progressivemartialarts.com.au/product/inosanto-2016-australia-empty-hand-vs-weapons/	https://progressivemartialarts.com.au/wp-content/uploads/2022/10/PMA-logo-2020-12.png
https://progressivemartialarts.com.au/product/inosanto-2016-australia-empty-hand-vs-weapons/	https://progressivemartialarts.com.au/wp-content/uploads/2026/04/2013-08-Panantukan-600x985.jpg
https://progressivemartialarts.com.au/product/inosanto-2016-australia-empty-hand-vs-weapons/	https://progressivemartialarts.com.au/wp-content/uploads/2026/04/2016-16-EH-vs-Weapons.1.jpg
https://progressivemartialarts.com.au/product/inosanto-2016-australia-empty-hand-vs-weapons/	https://progressivemartialarts.com.au/wp-content/uploads/2026/04/2017-18-Locks-and-Controls-1-600x751.jpg
https://progressivemartialarts.com.au/product/inosanto-2016-australia-jun-fan-gung-fu-jkd/	https://firstsight.design/cherie/beauty/wp-content/uploads/2020/10/Shopping-Cart.svg
https://progressivemartialarts.com.au/product/inosanto-2016-australia-jun-fan-gung-fu-jkd/	https://progressivemartialarts.com.au/wp-content/uploads/2022/10/2012-08-Sensitivity-600x1002.jpg
https://progressivemartialarts.com.au/product/inosanto-2016-australia-jun-fan-gung-fu-jkd/	https://progressivemartialarts.com.au/wp-content/uploads/2022/10/2014-06-Silat-Camp.jpg
https://progressivemartialarts.com.au/product/inosanto-2016-australia-jun-fan-gung-fu-jkd/	https://progressivemartialarts.com.au/wp-content/uploads/2022/10/2014-15-Joint-Locking-600x989.jpg
https://progressivemartialarts.com.au/product/inosanto-2016-australia-jun-fan-gung-fu-jkd/	https://progressivemartialarts.com.au/wp-content/uploads/2022/10/2016-15-JKD.1.jpg
https://progressivemartialarts.com.au/product/inosanto-2016-australia-jun-fan-gung-fu-jkd/	https://progressivemartialarts.com.au/wp-content/uploads/2022/10/PMA-logo-2020-11250X60-11.png
https://progressivemartialarts.com.au/product/inosanto-2016-australia-jun-fan-gung-fu-jkd/	https://progressivemartialarts.com.au/wp-content/uploads/2022/10/PMA-logo-2020-12.png
https://progressivemartialarts.com.au/product/inosanto-2016-australia-jun-fan-gung-fu-jkd/	https://progressivemartialarts.com.au/wp-content/uploads/2026/04/2013-08-Panantukan-600x985.jpg
https://progressivemartialarts.com.au/product/inosanto-2016-australia-mixed-arts-day-1-2-disc-set/	https://firstsight.design/cherie/beauty/wp-content/uploads/2020/10/Shopping-Cart.svg
https://progressivemartialarts.com.au/product/inosanto-2016-australia-mixed-arts-day-1-2-disc-set/	https://progressivemartialarts.com.au/wp-content/uploads/2022/10/IAMA-Hoodie-BandG-e1781059471389.jpeg
https://progressivemartialarts.com.au/product/inosanto-2016-australia-mixed-arts-day-1-2-disc-set/	https://progressivemartialarts.com.au/wp-content/uploads/2022/10/IAMA-Spaghetti.jpeg
https://progressivemartialarts.com.au/product/inosanto-2016-australia-mixed-arts-day-1-2-disc-set/	https://progressivemartialarts.com.au/wp-content/uploads/2022/10/PMA-logo-2020-11250X60-11.png
https://progressivemartialarts.com.au/product/inosanto-2016-australia-mixed-arts-day-1-2-disc-set/	https://progressivemartialarts.com.au/wp-content/uploads/2022/10/PMA-logo-2020-12.png
https://progressivemartialarts.com.au/product/inosanto-2016-australia-mixed-arts-day-1-2-disc-set/	https://progressivemartialarts.com.au/wp-content/uploads/2022/10/inosanto-absorb-what-is-useful-singlet-e1776830771357.jpg
https://progressivemartialarts.com.au/product/inosanto-2016-australia-mixed-arts-day-1-2-disc-set/	https://progressivemartialarts.com.au/wp-content/uploads/2022/10/progressive-martial-arts-gi-pants-1-e1779165833537.jpg
https://progressivemartialarts.com.au/product/inosanto-2016-australia-mixed-arts-day-1-2-disc-set/	https://progressivemartialarts.com.au/wp-content/uploads/2026/04/2016-13-Mixed-Arts-Sat.1.jpg
https://progressivemartialarts.com.au/product/inosanto-2016-australia-mixed-arts-day-2-2-disc-set/	https://firstsight.design/cherie/beauty/wp-content/uploads/2020/10/Shopping-Cart.svg
https://progressivemartialarts.com.au/product/inosanto-2016-australia-mixed-arts-day-2-2-disc-set/	https://progressivemartialarts.com.au/wp-content/uploads/2022/10/PMA-logo-2020-11250X60-11.png
https://progressivemartialarts.com.au/product/inosanto-2016-australia-mixed-arts-day-2-2-disc-set/	https://progressivemartialarts.com.au/wp-content/uploads/2022/10/PMA-logo-2020-12.png
https://progressivemartialarts.com.au/product/inosanto-2016-australia-mixed-arts-day-2-2-disc-set/	https://progressivemartialarts.com.au/wp-content/uploads/2022/10/image_a4195139-19f7-4e88-b06d-55645ff4a91a-600x804.jpg
https://progressivemartialarts.com.au/product/inosanto-2016-australia-mixed-arts-day-2-2-disc-set/	https://progressivemartialarts.com.au/wp-content/uploads/2022/10/progressive-martial-arts-gi-pants-1-e1779165833537.jpg
https://progressivemartialarts.com.au/product/inosanto-2016-australia-mixed-arts-day-2-2-disc-set/	https://progressivemartialarts.com.au/wp-content/uploads/2023/02/IMG2476.jpg
https://progressivemartialarts.com.au/product/inosanto-2016-australia-mixed-arts-day-2-2-disc-set/	https://progressivemartialarts.com.au/wp-content/uploads/2026/04/2016-14-Mixed-Arts-Sun.1.jpg
https://progressivemartialarts.com.au/product/inosanto-2016-australia-mixed-arts-day-2-2-disc-set/	https://progressivemartialarts.com.au/wp-content/uploads/2026/04/2018-18-Locks-and-Controls-1-600x827.jpg
https://progressivemartialarts.com.au/product/inosanto-2016-australia-panantukan-filipino-boxing/	https://firstsight.design/cherie/beauty/wp-content/uploads/2020/10/Shopping-Cart.svg
https://progressivemartialarts.com.au/product/inosanto-2016-australia-panantukan-filipino-boxing/	https://progressivemartialarts.com.au/wp-content/uploads/2022/10/2016-australian-tour-shirt-2.jpg
https://progressivemartialarts.com.au/product/inosanto-2016-australia-panantukan-filipino-boxing/	https://progressivemartialarts.com.au/wp-content/uploads/2022/10/IAMA-Spaghetti.jpeg
https://progressivemartialarts.com.au/product/inosanto-2016-australia-panantukan-filipino-boxing/	https://progressivemartialarts.com.au/wp-content/uploads/2022/10/PMA-logo-2020-11250X60-11.png
https://progressivemartialarts.com.au/product/inosanto-2016-australia-panantukan-filipino-boxing/	https://progressivemartialarts.com.au/wp-content/uploads/2022/10/PMA-logo-2020-12.png
https://progressivemartialarts.com.au/product/inosanto-2016-australia-panantukan-filipino-boxing/	https://progressivemartialarts.com.au/wp-content/uploads/2022/10/dvd_martialartsmasters_360x_5753665b-b61d-4e0d-9a21-1c791014dcd7.jpg
https://progressivemartialarts.com.au/product/inosanto-2016-australia-panantukan-filipino-boxing/	https://progressivemartialarts.com.au/wp-content/uploads/2022/10/image_a4195139-19f7-4e88-b06d-55645ff4a91a-600x804.jpg
https://progressivemartialarts.com.au/product/inosanto-2016-australia-panantukan-filipino-boxing/	https://progressivemartialarts.com.au/wp-content/uploads/2026/04/2016-17-Panantukan.1.jpg
https://progressivemartialarts.com.au/product/inosanto-2016-australia-self-defense/	https://firstsight.design/cherie/beauty/wp-content/uploads/2020/10/Shopping-Cart.svg
https://progressivemartialarts.com.au/product/inosanto-2016-australia-self-defense/	https://progressivemartialarts.com.au/wp-content/uploads/2022/10/2012-08-Sensitivity-600x1002.jpg
https://progressivemartialarts.com.au/product/inosanto-2016-australia-self-defense/	https://progressivemartialarts.com.au/wp-content/uploads/2022/10/2014-06-Silat-Camp.jpg
https://progressivemartialarts.com.au/product/inosanto-2016-australia-self-defense/	https://progressivemartialarts.com.au/wp-content/uploads/2022/10/2014-14-Jun-FanJKD-600x955.jpg
https://progressivemartialarts.com.au/product/inosanto-2016-australia-self-defense/	https://progressivemartialarts.com.au/wp-content/uploads/2022/10/2016-18-Self-Defense-December.1.jpg
https://progressivemartialarts.com.au/product/inosanto-2016-australia-self-defense/	https://progressivemartialarts.com.au/wp-content/uploads/2022/10/PMA-logo-2020-11250X60-11.png
https://progressivemartialarts.com.au/product/inosanto-2016-australia-self-defense/	https://progressivemartialarts.com.au/wp-content/uploads/2022/10/PMA-logo-2020-12.png
https://progressivemartialarts.com.au/product/inosanto-2016-australia-self-defense/	https://progressivemartialarts.com.au/wp-content/uploads/2022/10/dvd-rhythmic-training_360x_cb6de2e8-250d-483e-ba6d-86c714d752bc.jpg
https://progressivemartialarts.com.au/product/inosanto-2016-australia-thai-boxing/	https://firstsight.design/cherie/beauty/wp-content/uploads/2020/10/Shopping-Cart.svg
https://progressivemartialarts.com.au/product/inosanto-2016-australia-thai-boxing/	https://progressivemartialarts.com.au/wp-content/uploads/2022/10/2012-09-Stck-and-Dagger-600x986.jpg
https://progressivemartialarts.com.au/product/inosanto-2016-australia-thai-boxing/	https://progressivemartialarts.com.au/wp-content/uploads/2022/10/2016-12-Thai-Boxing.1.jpg
https://progressivemartialarts.com.au/product/inosanto-2016-australia-thai-boxing/	https://progressivemartialarts.com.au/wp-content/uploads/2022/10/PMA-logo-2020-11250X60-11.png
https://progressivemartialarts.com.au/product/inosanto-2016-australia-thai-boxing/	https://progressivemartialarts.com.au/wp-content/uploads/2022/10/PMA-logo-2020-12.png
https://progressivemartialarts.com.au/product/inosanto-2016-australia-thai-boxing/	https://progressivemartialarts.com.au/wp-content/uploads/2026/04/2013-09-Dumog-600x1013.jpg
https://progressivemartialarts.com.au/product/inosanto-2016-australia-thai-boxing/	https://progressivemartialarts.com.au/wp-content/uploads/2026/04/2013-13-Mixed-Arts-4-disc-600x991.jpg
https://progressivemartialarts.com.au/product/inosanto-2016-australia-thai-boxing/	https://progressivemartialarts.com.au/wp-content/uploads/2026/04/2013-14-Jun-FanJKD-600x997.jpg
https://progressivemartialarts.com.au/product/inosanto-2016-legends-8-dvd-set/	https://firstsight.design/cherie/beauty/wp-content/uploads/2020/10/Shopping-Cart.svg
https://progressivemartialarts.com.au/product/inosanto-2016-legends-8-dvd-set/	https://progressivemartialarts.com.au/wp-content/uploads/2022/10/2016-07-Legends.1.jpg
https://progressivemartialarts.com.au/product/inosanto-2016-legends-8-dvd-set/	https://progressivemartialarts.com.au/wp-content/uploads/2022/10/PMA-logo-2020-11250X60-11.png
https://progressivemartialarts.com.au/product/inosanto-2016-legends-8-dvd-set/	https://progressivemartialarts.com.au/wp-content/uploads/2022/10/PMA-logo-2020-12.png
https://progressivemartialarts.com.au/product/inosanto-2016-legends-8-dvd-set/	https://progressivemartialarts.com.au/wp-content/uploads/2022/10/dvd-dubin-drumming_360x_77fc0434-c184-439d-bd32-9565ad9e2d65.jpg
https://progressivemartialarts.com.au/product/inosanto-2016-legends-8-dvd-set/	https://progressivemartialarts.com.au/wp-content/uploads/2022/10/dvd-wingchun-mma_540x_3a7a76b0-19be-48e3-86fc-5b0ebd10b420.jpg
https://progressivemartialarts.com.au/product/inosanto-2016-legends-8-dvd-set/	https://progressivemartialarts.com.au/wp-content/uploads/2022/10/tshirt-legends-15-front-250_2048x2048_b7e67ca9-27ec-4d10-b37c-79a81b72a14b_360x.jpg
https://progressivemartialarts.com.au/product/inosanto-2016-legends-8-dvd-set/	https://progressivemartialarts.com.au/wp-content/uploads/2026/04/2013-09-Dumog-600x1013.jpg
https://progressivemartialarts.com.au/product/inosanto-2016-se-asian-cambodian-kickboxing/	https://firstsight.design/cherie/beauty/wp-content/uploads/2020/10/Shopping-Cart.svg
https://progressivemartialarts.com.au/product/inosanto-2016-se-asian-cambodian-kickboxing/	https://progressivemartialarts.com.au/wp-content/uploads/2022/10/PMA-logo-2020-11250X60-11.png
https://progressivemartialarts.com.au/product/inosanto-2016-se-asian-cambodian-kickboxing/	https://progressivemartialarts.com.au/wp-content/uploads/2022/10/PMA-logo-2020-12.png
https://progressivemartialarts.com.au/product/inosanto-2016-se-asian-cambodian-kickboxing/	https://progressivemartialarts.com.au/wp-content/uploads/2022/10/dvd-bolt-wrestling_360x_2773eba6-7a00-4d66-9287-70cd0c021687.jpg
https://progressivemartialarts.com.au/product/inosanto-2016-se-asian-cambodian-kickboxing/	https://progressivemartialarts.com.au/wp-content/uploads/2026/04/2013-05-12-Areas-2-600x993.jpg
https://progressivemartialarts.com.au/product/inosanto-2016-se-asian-cambodian-kickboxing/	https://progressivemartialarts.com.au/wp-content/uploads/2026/04/2013-12-Thai-Boxing-600x996.jpg
https://progressivemartialarts.com.au/product/inosanto-2016-se-asian-cambodian-kickboxing/	https://progressivemartialarts.com.au/wp-content/uploads/2026/04/2013-15-Disarms-600x978.jpg
https://progressivemartialarts.com.au/product/inosanto-2016-se-asian-cambodian-kickboxing/	https://progressivemartialarts.com.au/wp-content/uploads/2026/04/2016-10-Cambodian.1.jpg
https://progressivemartialarts.com.au/product/inosanto-2016-self-defense-volume-1/	https://firstsight.design/cherie/beauty/wp-content/uploads/2020/10/Shopping-Cart.svg
https://progressivemartialarts.com.au/product/inosanto-2016-self-defense-volume-1/	https://progressivemartialarts.com.au/wp-content/uploads/2022/10/2012-10-Abecedario-600x1009.jpg
https://progressivemartialarts.com.au/product/inosanto-2016-self-defense-volume-1/	https://progressivemartialarts.com.au/wp-content/uploads/2022/10/2012-11-Pangamut-600x1074.jpg
https://progressivemartialarts.com.au/product/inosanto-2016-self-defense-volume-1/	https://progressivemartialarts.com.au/wp-content/uploads/2022/10/2016-11-Self-Defense-October.1.jpg
https://progressivemartialarts.com.au/product/inosanto-2016-self-defense-volume-1/	https://progressivemartialarts.com.au/wp-content/uploads/2022/10/PMA-logo-2020-11250X60-11.png
https://progressivemartialarts.com.au/product/inosanto-2016-self-defense-volume-1/	https://progressivemartialarts.com.au/wp-content/uploads/2022/10/PMA-logo-2020-12.png
https://progressivemartialarts.com.au/product/inosanto-2016-self-defense-volume-1/	https://progressivemartialarts.com.au/wp-content/uploads/2022/10/dvd-capoeira-active_360x_af314fdf-57e8-402e-b117-8fc1deac6fc3.jpg
https://progressivemartialarts.com.au/product/inosanto-2016-self-defense-volume-1/	https://progressivemartialarts.com.au/wp-content/uploads/2026/04/2013-08-Panantukan-600x985.jpg
https://progressivemartialarts.com.au/product/inosanto-2017-12-areas-of-kali-area-8-staff-day-1/	https://firstsight.design/cherie/beauty/wp-content/uploads/2020/10/Shopping-Cart.svg
https://progressivemartialarts.com.au/product/inosanto-2017-12-areas-of-kali-area-8-staff-day-1/	https://progressivemartialarts.com.au/wp-content/uploads/2022/10/2014-05-Disarms-600x924.jpg
https://progressivemartialarts.com.au/product/inosanto-2017-12-areas-of-kali-area-8-staff-day-1/	https://progressivemartialarts.com.au/wp-content/uploads/2022/10/2015-08-ABC-3inch.jpg
https://progressivemartialarts.com.au/product/inosanto-2017-12-areas-of-kali-area-8-staff-day-1/	https://progressivemartialarts.com.au/wp-content/uploads/2022/10/PMA-logo-2020-11250X60-11.png
https://progressivemartialarts.com.au/product/inosanto-2017-12-areas-of-kali-area-8-staff-day-1/	https://progressivemartialarts.com.au/wp-content/uploads/2022/10/PMA-logo-2020-12.png
https://progressivemartialarts.com.au/product/inosanto-2017-12-areas-of-kali-area-8-staff-day-1/	https://progressivemartialarts.com.au/wp-content/uploads/2022/10/blades_model_005_360x_1034b4bd-bce8-47bc-8e62-b1131184e83e.jpg
https://progressivemartialarts.com.au/product/inosanto-2017-12-areas-of-kali-area-8-staff-day-1/	https://progressivemartialarts.com.au/wp-content/uploads/2022/10/image_d2a89c11-6959-4553-b418-dbe4e42924ef.png
https://progressivemartialarts.com.au/product/inosanto-2017-12-areas-of-kali-area-8-staff-day-1/	https://progressivemartialarts.com.au/wp-content/uploads/2026/04/2017-08-Staff-day-1-1-scaled.jpg
https://progressivemartialarts.com.au/product/inosanto-2017-12-areas-of-kali-area-8-staff-day-2/	https://firstsight.design/cherie/beauty/wp-content/uploads/2020/10/Shopping-Cart.svg
https://progressivemartialarts.com.au/product/inosanto-2017-12-areas-of-kali-area-8-staff-day-2/	https://progressivemartialarts.com.au/wp-content/uploads/2022/10/PMA-logo-2020-11250X60-11.png
https://progressivemartialarts.com.au/product/inosanto-2017-12-areas-of-kali-area-8-staff-day-2/	https://progressivemartialarts.com.au/wp-content/uploads/2022/10/PMA-logo-2020-12.png
https://progressivemartialarts.com.au/product/inosanto-2017-12-areas-of-kali-area-8-staff-day-2/	https://progressivemartialarts.com.au/wp-content/uploads/2022/10/Training-Dagger-02-600x450.jpg
https://progressivemartialarts.com.au/product/inosanto-2017-12-areas-of-kali-area-8-staff-day-2/	https://progressivemartialarts.com.au/wp-content/uploads/2022/10/Training-Dagger-03-600x450.jpg
https://progressivemartialarts.com.au/product/inosanto-2017-12-areas-of-kali-area-8-staff-day-2/	https://progressivemartialarts.com.au/wp-content/uploads/2026/04/2015-06-Silat-Camp.1.jpg
https://progressivemartialarts.com.au/product/inosanto-2017-12-areas-of-kali-area-8-staff-day-2/	https://progressivemartialarts.com.au/wp-content/uploads/2026/04/2017-09-Staff-day-2-1-scaled.jpg
https://progressivemartialarts.com.au/product/inosanto-2017-12-areas-of-kali-area-8-staff-day-2/	https://progressivemartialarts.com.au/wp-content/uploads/2026/04/2023-14-Mixed-day-2-1-600x830.jpg
https://progressivemartialarts.com.au/product/inosanto-2017-australia-jun-fan-gung-fu-jkd/	https://firstsight.design/cherie/beauty/wp-content/uploads/2020/10/Shopping-Cart.svg
https://progressivemartialarts.com.au/product/inosanto-2017-australia-jun-fan-gung-fu-jkd/	https://progressivemartialarts.com.au/wp-content/uploads/2022/10/2014-15-Joint-Locking-600x989.jpg
https://progressivemartialarts.com.au/product/inosanto-2017-australia-jun-fan-gung-fu-jkd/	https://progressivemartialarts.com.au/wp-content/uploads/2022/10/PMA-logo-2020-11250X60-11.png
https://progressivemartialarts.com.au/product/inosanto-2017-australia-jun-fan-gung-fu-jkd/	https://progressivemartialarts.com.au/wp-content/uploads/2022/10/PMA-logo-2020-12.png
https://progressivemartialarts.com.au/product/inosanto-2017-australia-jun-fan-gung-fu-jkd/	https://progressivemartialarts.com.au/wp-content/uploads/2022/10/dvd-dubin-drumming_360x_77fc0434-c184-439d-bd32-9565ad9e2d65.jpg
https://progressivemartialarts.com.au/product/inosanto-2017-australia-jun-fan-gung-fu-jkd/	https://progressivemartialarts.com.au/wp-content/uploads/2026/04/2013-05-12-Areas-2-600x993.jpg
https://progressivemartialarts.com.au/product/inosanto-2017-australia-jun-fan-gung-fu-jkd/	https://progressivemartialarts.com.au/wp-content/uploads/2026/04/2013-15-Disarms-600x978.jpg
https://progressivemartialarts.com.au/product/inosanto-2017-australia-jun-fan-gung-fu-jkd/	https://progressivemartialarts.com.au/wp-content/uploads/2026/04/2017-15-JKD-1.jpg
https://progressivemartialarts.com.au/product/inosanto-2017-australia-locks-and-controls/	https://firstsight.design/cherie/beauty/wp-content/uploads/2020/10/Shopping-Cart.svg
https://progressivemartialarts.com.au/product/inosanto-2017-australia-locks-and-controls/	https://progressivemartialarts.com.au/wp-content/uploads/2022/10/IAMA-Spaghetti.jpeg
https://progressivemartialarts.com.au/product/inosanto-2017-australia-locks-and-controls/	https://progressivemartialarts.com.au/wp-content/uploads/2022/10/PMA-logo-2020-11250X60-11.png
https://progressivemartialarts.com.au/product/inosanto-2017-australia-locks-and-controls/	https://progressivemartialarts.com.au/wp-content/uploads/2022/10/PMA-logo-2020-12.png
https://progressivemartialarts.com.au/product/inosanto-2017-australia-locks-and-controls/	https://progressivemartialarts.com.au/wp-content/uploads/2022/10/Shorts-Black-Gold.jpg
https://progressivemartialarts.com.au/product/inosanto-2017-australia-locks-and-controls/	https://progressivemartialarts.com.au/wp-content/uploads/2022/10/image_a4195139-19f7-4e88-b06d-55645ff4a91a-600x804.jpg
https://progressivemartialarts.com.au/product/inosanto-2017-australia-locks-and-controls/	https://progressivemartialarts.com.au/wp-content/uploads/2022/10/inosanto-academy-short-sleeve-rash-vest-e1778982686103.jpg
https://progressivemartialarts.com.au/product/inosanto-2017-australia-locks-and-controls/	https://progressivemartialarts.com.au/wp-content/uploads/2026/04/2017-18-Locks-and-Controls-1.jpg
https://progressivemartialarts.com.au/product/inosanto-2017-australia-maphilindo-silat/	https://firstsight.design/cherie/beauty/wp-content/uploads/2020/10/Shopping-Cart.svg
https://progressivemartialarts.com.au/product/inosanto-2017-australia-maphilindo-silat/	https://progressivemartialarts.com.au/wp-content/uploads/2022/10/2012-06-Silat-Camp.1-copy.jpg
https://progressivemartialarts.com.au/product/inosanto-2017-australia-maphilindo-silat/	https://progressivemartialarts.com.au/wp-content/uploads/2022/10/2014-15-Joint-Locking-600x989.jpg
https://progressivemartialarts.com.au/product/inosanto-2017-australia-maphilindo-silat/	https://progressivemartialarts.com.au/wp-content/uploads/2022/10/PMA-logo-2020-11250X60-11.png
https://progressivemartialarts.com.au/product/inosanto-2017-australia-maphilindo-silat/	https://progressivemartialarts.com.au/wp-content/uploads/2022/10/PMA-logo-2020-12.png
https://progressivemartialarts.com.au/product/inosanto-2017-australia-maphilindo-silat/	https://progressivemartialarts.com.au/wp-content/uploads/2022/10/dvd-bolt-wrestling_360x_2773eba6-7a00-4d66-9287-70cd0c021687.jpg
https://progressivemartialarts.com.au/product/inosanto-2017-australia-maphilindo-silat/	https://progressivemartialarts.com.au/wp-content/uploads/2026/04/2013-08-Panantukan-600x985.jpg
https://progressivemartialarts.com.au/product/inosanto-2017-australia-maphilindo-silat/	https://progressivemartialarts.com.au/wp-content/uploads/2026/04/2017-16-Maphilindo-Silat-1.jpg
https://progressivemartialarts.com.au/product/inosanto-2017-australia-mixed-arts-day-1/	https://firstsight.design/cherie/beauty/wp-content/uploads/2020/10/Shopping-Cart.svg
https://progressivemartialarts.com.au/product/inosanto-2017-australia-mixed-arts-day-1/	https://progressivemartialarts.com.au/wp-content/uploads/2022/10/2016-australian-tour-singlet-600x600.jpg
https://progressivemartialarts.com.au/product/inosanto-2017-australia-mixed-arts-day-1/	https://progressivemartialarts.com.au/wp-content/uploads/2022/10/Gi-Patch-IAMA-Large-600x572.jpg
https://progressivemartialarts.com.au/product/inosanto-2017-australia-mixed-arts-day-1/	https://progressivemartialarts.com.au/wp-content/uploads/2022/10/IAMA-Windbreaker.jpeg
https://progressivemartialarts.com.au/product/inosanto-2017-australia-mixed-arts-day-1/	https://progressivemartialarts.com.au/wp-content/uploads/2022/10/PMA-logo-2020-11250X60-11.png
https://progressivemartialarts.com.au/product/inosanto-2017-australia-mixed-arts-day-1/	https://progressivemartialarts.com.au/wp-content/uploads/2022/10/PMA-logo-2020-12.png
https://progressivemartialarts.com.au/product/inosanto-2017-australia-mixed-arts-day-1/	https://progressivemartialarts.com.au/wp-content/uploads/2022/10/inosanto-academy-long-sleeve-rash-vest.jpg
https://progressivemartialarts.com.au/product/inosanto-2017-australia-mixed-arts-day-1/	https://progressivemartialarts.com.au/wp-content/uploads/2026/04/2017-13-Mixed-day-1-1.jpg
https://progressivemartialarts.com.au/product/inosanto-2017-australia-mixed-arts-day-2/	https://firstsight.design/cherie/beauty/wp-content/uploads/2020/10/Shopping-Cart.svg
https://progressivemartialarts.com.au/product/inosanto-2017-australia-mixed-arts-day-2/	https://progressivemartialarts.com.au/wp-content/uploads/2022/10/IAMA-Hoodie-BandG-e1781059471389.jpeg
https://progressivemartialarts.com.au/product/inosanto-2017-australia-mixed-arts-day-2/	https://progressivemartialarts.com.au/wp-content/uploads/2022/10/PMA-logo-2020-11250X60-11.png
https://progressivemartialarts.com.au/product/inosanto-2017-australia-mixed-arts-day-2/	https://progressivemartialarts.com.au/wp-content/uploads/2022/10/PMA-logo-2020-12.png
https://progressivemartialarts.com.au/product/inosanto-2017-australia-mixed-arts-day-2/	https://progressivemartialarts.com.au/wp-content/uploads/2022/10/inosanto-academy-long-sleeve-rash-vest.jpg
https://progressivemartialarts.com.au/product/inosanto-2017-australia-mixed-arts-day-2/	https://progressivemartialarts.com.au/wp-content/uploads/2022/10/inosanto-kali-singlet-e1776826437760.jpg
https://progressivemartialarts.com.au/product/inosanto-2017-australia-mixed-arts-day-2/	https://progressivemartialarts.com.au/wp-content/uploads/2026/04/2017-14-Mixed-day-2-1-scaled.jpg
https://progressivemartialarts.com.au/product/inosanto-2017-australia-mixed-arts-day-2/	https://progressivemartialarts.com.au/wp-content/uploads/2026/04/2018-14-Mixed-Arts-day-2-1-600x794.jpg
https://progressivemartialarts.com.au/product/inosanto-2017-australia-thai-boxing/	https://firstsight.design/cherie/beauty/wp-content/uploads/2020/10/Shopping-Cart.svg
https://progressivemartialarts.com.au/product/inosanto-2017-australia-thai-boxing/	https://progressivemartialarts.com.au/wp-content/uploads/2022/10/2012-11-Pangamut-600x1074.jpg
https://progressivemartialarts.com.au/product/inosanto-2017-australia-thai-boxing/	https://progressivemartialarts.com.au/wp-content/uploads/2022/10/2014-14-Jun-FanJKD-600x955.jpg
https://progressivemartialarts.com.au/product/inosanto-2017-australia-thai-boxing/	https://progressivemartialarts.com.au/wp-content/uploads/2022/10/PMA-logo-2020-11250X60-11.png
https://progressivemartialarts.com.au/product/inosanto-2017-australia-thai-boxing/	https://progressivemartialarts.com.au/wp-content/uploads/2022/10/PMA-logo-2020-12.png
https://progressivemartialarts.com.au/product/inosanto-2017-australia-thai-boxing/	https://progressivemartialarts.com.au/wp-content/uploads/2026/04/2013-05-12-Areas-2-600x993.jpg
https://progressivemartialarts.com.au/product/inosanto-2017-australia-thai-boxing/	https://progressivemartialarts.com.au/wp-content/uploads/2026/04/2013-14-Jun-FanJKD-600x997.jpg
https://progressivemartialarts.com.au/product/inosanto-2017-australia-thai-boxing/	https://progressivemartialarts.com.au/wp-content/uploads/2026/04/2017-12-Thai-Boxing-1.jpg
https://progressivemartialarts.com.au/product/inosanto-2017-australia-weaponry-disarms/	https://firstsight.design/cherie/beauty/wp-content/uploads/2020/10/Shopping-Cart.svg
https://progressivemartialarts.com.au/product/inosanto-2017-australia-weaponry-disarms/	https://progressivemartialarts.com.au/wp-content/uploads/2022/10/2012-13-Mixed-Arts-2-disc-600x1002.jpg
https://progressivemartialarts.com.au/product/inosanto-2017-australia-weaponry-disarms/	https://progressivemartialarts.com.au/wp-content/uploads/2022/10/PMA-logo-2020-11250X60-11.png
https://progressivemartialarts.com.au/product/inosanto-2017-australia-weaponry-disarms/	https://progressivemartialarts.com.au/wp-content/uploads/2022/10/PMA-logo-2020-12.png
https://progressivemartialarts.com.au/product/inosanto-2017-australia-weaponry-disarms/	https://progressivemartialarts.com.au/wp-content/uploads/2022/10/blades_model_005_360x_1034b4bd-bce8-47bc-8e62-b1131184e83e.jpg
https://progressivemartialarts.com.au/product/inosanto-2017-australia-weaponry-disarms/	https://progressivemartialarts.com.au/wp-content/uploads/2022/10/image_d2a89c11-6959-4553-b418-dbe4e42924ef.png
https://progressivemartialarts.com.au/product/inosanto-2017-australia-weaponry-disarms/	https://progressivemartialarts.com.au/wp-content/uploads/2025/08/IMG_9545-2-600x800.jpeg
https://progressivemartialarts.com.au/product/inosanto-2017-australia-weaponry-disarms/	https://progressivemartialarts.com.au/wp-content/uploads/2026/04/2017-17-Weaponry-Disarms-1.jpg
https://progressivemartialarts.com.au/product/inosanto-2017-sarong-malong/	https://firstsight.design/cherie/beauty/wp-content/uploads/2020/10/Shopping-Cart.svg
https://progressivemartialarts.com.au/product/inosanto-2017-sarong-malong/	https://progressivemartialarts.com.au/wp-content/uploads/2022/10/2012-06-Silat-Camp.1-copy.jpg
https://progressivemartialarts.com.au/product/inosanto-2017-sarong-malong/	https://progressivemartialarts.com.au/wp-content/uploads/2022/10/2012-09-Stck-and-Dagger-600x986.jpg
https://progressivemartialarts.com.au/product/inosanto-2017-sarong-malong/	https://progressivemartialarts.com.au/wp-content/uploads/2022/10/2014-14-Jun-FanJKD-600x955.jpg
https://progressivemartialarts.com.au/product/inosanto-2017-sarong-malong/	https://progressivemartialarts.com.au/wp-content/uploads/2022/10/2014-15-Joint-Locking-600x989.jpg
https://progressivemartialarts.com.au/product/inosanto-2017-sarong-malong/	https://progressivemartialarts.com.au/wp-content/uploads/2022/10/PMA-logo-2020-11250X60-11.png
https://progressivemartialarts.com.au/product/inosanto-2017-sarong-malong/	https://progressivemartialarts.com.au/wp-content/uploads/2022/10/PMA-logo-2020-12.png
https://progressivemartialarts.com.au/product/inosanto-2017-sarong-malong/	https://progressivemartialarts.com.au/wp-content/uploads/2026/04/2017-05-SarongMalong-3.1.jpg
https://progressivemartialarts.com.au/product/inosanto-2017-stick-dagger-tie-ups-counters/	https://firstsight.design/cherie/beauty/wp-content/uploads/2020/10/Shopping-Cart.svg
https://progressivemartialarts.com.au/product/inosanto-2017-stick-dagger-tie-ups-counters/	https://progressivemartialarts.com.au/wp-content/uploads/2022/10/2015-17-Flexible-December.1.jpg
https://progressivemartialarts.com.au/product/inosanto-2017-stick-dagger-tie-ups-counters/	https://progressivemartialarts.com.au/wp-content/uploads/2022/10/PMA-logo-2020-11250X60-11.png
https://progressivemartialarts.com.au/product/inosanto-2017-stick-dagger-tie-ups-counters/	https://progressivemartialarts.com.au/wp-content/uploads/2022/10/PMA-logo-2020-12.png
https://progressivemartialarts.com.au/product/inosanto-2017-stick-dagger-tie-ups-counters/	https://progressivemartialarts.com.au/wp-content/uploads/2022/10/Training-Dagger-06-600x450.jpg
https://progressivemartialarts.com.au/product/inosanto-2017-stick-dagger-tie-ups-counters/	https://progressivemartialarts.com.au/wp-content/uploads/2022/10/inosanto-weapons-t-shirt-e1776906479826.jpg
https://progressivemartialarts.com.au/product/inosanto-2017-stick-dagger-tie-ups-counters/	https://progressivemartialarts.com.au/wp-content/uploads/2026/04/2017-04-Stick-Dagger-1.jpg
https://progressivemartialarts.com.au/product/inosanto-2017-stick-dagger-tie-ups-counters/	https://progressivemartialarts.com.au/wp-content/uploads/2026/04/2018-04-Weaponry-1-600x831.jpg
https://progressivemartialarts.com.au/product/inosanto-2018-australia-jun-fan-gung-fu-jkd/	https://firstsight.design/cherie/beauty/wp-content/uploads/2020/10/Shopping-Cart.svg
https://progressivemartialarts.com.au/product/inosanto-2018-australia-jun-fan-gung-fu-jkd/	https://progressivemartialarts.com.au/wp-content/uploads/2022/10/2012-11-Pangamut-600x1074.jpg
https://progressivemartialarts.com.au/product/inosanto-2018-australia-jun-fan-gung-fu-jkd/	https://progressivemartialarts.com.au/wp-content/uploads/2022/10/2012-12-Thai-Boxing-600x1056.jpg
https://progressivemartialarts.com.au/product/inosanto-2018-australia-jun-fan-gung-fu-jkd/	https://progressivemartialarts.com.au/wp-content/uploads/2022/10/PMA-logo-2020-11250X60-11.png
https://progressivemartialarts.com.au/product/inosanto-2018-australia-jun-fan-gung-fu-jkd/	https://progressivemartialarts.com.au/wp-content/uploads/2022/10/PMA-logo-2020-12.png
https://progressivemartialarts.com.au/product/inosanto-2018-australia-jun-fan-gung-fu-jkd/	https://progressivemartialarts.com.au/wp-content/uploads/2022/10/dvd-wingchun-mma_540x_3a7a76b0-19be-48e3-86fc-5b0ebd10b420.jpg
https://progressivemartialarts.com.au/product/inosanto-2018-australia-jun-fan-gung-fu-jkd/	https://progressivemartialarts.com.au/wp-content/uploads/2026/04/2013-15-Disarms-600x978.jpg
https://progressivemartialarts.com.au/product/inosanto-2018-australia-jun-fan-gung-fu-jkd/	https://progressivemartialarts.com.au/wp-content/uploads/2026/04/2018-15-JKD-1.jpg
https://progressivemartialarts.com.au/product/inosanto-2018-australia-locks-and-controls/	https://firstsight.design/cherie/beauty/wp-content/uploads/2020/10/Shopping-Cart.svg
https://progressivemartialarts.com.au/product/inosanto-2018-australia-locks-and-controls/	https://progressivemartialarts.com.au/wp-content/uploads/2022/10/PMA-logo-2020-11250X60-11.png
https://progressivemartialarts.com.au/product/inosanto-2018-australia-locks-and-controls/	https://progressivemartialarts.com.au/wp-content/uploads/2022/10/PMA-logo-2020-12.png
https://progressivemartialarts.com.au/product/inosanto-2018-australia-locks-and-controls/	https://progressivemartialarts.com.au/wp-content/uploads/2022/10/dvd_martialartsmasters_360x_5753665b-b61d-4e0d-9a21-1c791014dcd7.jpg
https://progressivemartialarts.com.au/product/inosanto-2018-australia-locks-and-controls/	https://progressivemartialarts.com.au/wp-content/uploads/2022/10/image_82fa5c0c-07d7-42de-b015-40813f3fb6bc-600x450.webp
https://progressivemartialarts.com.au/product/inosanto-2018-australia-locks-and-controls/	https://progressivemartialarts.com.au/wp-content/uploads/2022/10/revgear-thai-shorts-various-colours-2.jpg
https://progressivemartialarts.com.au/product/inosanto-2018-australia-locks-and-controls/	https://progressivemartialarts.com.au/wp-content/uploads/2026/04/2018-18-Locks-and-Controls-1.jpg
https://progressivemartialarts.com.au/product/inosanto-2018-australia-locks-and-controls/	https://progressivemartialarts.com.au/wp-content/uploads/2026/06/Rashguard-Black-wRed-600x450.webp
https://progressivemartialarts.com.au/product/inosanto-2018-australia-mixed-arts-day-1-2-disc-set/	https://firstsight.design/cherie/beauty/wp-content/uploads/2020/10/Shopping-Cart.svg
https://progressivemartialarts.com.au/product/inosanto-2018-australia-mixed-arts-day-1-2-disc-set/	https://progressivemartialarts.com.au/wp-content/uploads/2022/10/IAMA-Hoodie-BandG-e1781059471389.jpeg
https://progressivemartialarts.com.au/product/inosanto-2018-australia-mixed-arts-day-1-2-disc-set/	https://progressivemartialarts.com.au/wp-content/uploads/2022/10/PMA-logo-2020-11250X60-11.png
https://progressivemartialarts.com.au/product/inosanto-2018-australia-mixed-arts-day-1-2-disc-set/	https://progressivemartialarts.com.au/wp-content/uploads/2022/10/PMA-logo-2020-12.png
https://progressivemartialarts.com.au/product/inosanto-2018-australia-mixed-arts-day-1-2-disc-set/	https://progressivemartialarts.com.au/wp-content/uploads/2022/10/inosanto-absorb-what-is-useful-singlet-e1776830771357.jpg
https://progressivemartialarts.com.au/product/inosanto-2018-australia-mixed-arts-day-1-2-disc-set/	https://progressivemartialarts.com.au/wp-content/uploads/2022/10/inosanto-academy-long-sleeve-rash-vest.jpg
https://progressivemartialarts.com.au/product/inosanto-2018-australia-mixed-arts-day-1-2-disc-set/	https://progressivemartialarts.com.au/wp-content/uploads/2026/04/2018-13-Mixed-Arts-day-1.jpg
https://progressivemartialarts.com.au/product/inosanto-2018-australia-mixed-arts-day-1-2-disc-set/	https://progressivemartialarts.com.au/wp-content/uploads/2026/04/2018-18-Locks-and-Controls-1-600x827.jpg
https://progressivemartialarts.com.au/product/inosanto-2018-australia-mixed-arts-day-2-2-disc-set/	https://firstsight.design/cherie/beauty/wp-content/uploads/2020/10/Shopping-Cart.svg
https://progressivemartialarts.com.au/product/inosanto-2018-australia-mixed-arts-day-2-2-disc-set/	https://progressivemartialarts.com.au/wp-content/uploads/2022/10/2016-australian-tour-shirt-2.jpg
https://progressivemartialarts.com.au/product/inosanto-2018-australia-mixed-arts-day-2-2-disc-set/	https://progressivemartialarts.com.au/wp-content/uploads/2022/10/IAMA-Hoodie-BandG-e1781059471389.jpeg
https://progressivemartialarts.com.au/product/inosanto-2018-australia-mixed-arts-day-2-2-disc-set/	https://progressivemartialarts.com.au/wp-content/uploads/2022/10/PMA-logo-2020-11250X60-11.png
https://progressivemartialarts.com.au/product/inosanto-2018-australia-mixed-arts-day-2-2-disc-set/	https://progressivemartialarts.com.au/wp-content/uploads/2022/10/PMA-logo-2020-12.png
https://progressivemartialarts.com.au/product/inosanto-2018-australia-mixed-arts-day-2-2-disc-set/	https://progressivemartialarts.com.au/wp-content/uploads/2022/10/dvd_martialartsmasters_360x_5753665b-b61d-4e0d-9a21-1c791014dcd7.jpg
https://progressivemartialarts.com.au/product/inosanto-2018-australia-mixed-arts-day-2-2-disc-set/	https://progressivemartialarts.com.au/wp-content/uploads/2022/10/image_a4195139-19f7-4e88-b06d-55645ff4a91a-600x804.jpg
https://progressivemartialarts.com.au/product/inosanto-2018-australia-mixed-arts-day-2-2-disc-set/	https://progressivemartialarts.com.au/wp-content/uploads/2026/04/2018-14-Mixed-Arts-day-2-1.jpg
https://progressivemartialarts.com.au/product/inosanto-2018-australia-thai-boxing/	https://firstsight.design/cherie/beauty/wp-content/uploads/2020/10/Shopping-Cart.svg
https://progressivemartialarts.com.au/product/inosanto-2018-australia-thai-boxing/	https://progressivemartialarts.com.au/wp-content/uploads/2022/10/2012-11-Pangamut-600x1074.jpg
https://progressivemartialarts.com.au/product/inosanto-2018-australia-thai-boxing/	https://progressivemartialarts.com.au/wp-content/uploads/2022/10/2012-12-Thai-Boxing-600x1056.jpg
https://progressivemartialarts.com.au/product/inosanto-2018-australia-thai-boxing/	https://progressivemartialarts.com.au/wp-content/uploads/2022/10/PMA-logo-2020-11250X60-11.png
https://progressivemartialarts.com.au/product/inosanto-2018-australia-thai-boxing/	https://progressivemartialarts.com.au/wp-content/uploads/2022/10/PMA-logo-2020-12.png
https://progressivemartialarts.com.au/product/inosanto-2018-australia-thai-boxing/	https://progressivemartialarts.com.au/wp-content/uploads/2022/10/dvd-rhythmic-training_360x_cb6de2e8-250d-483e-ba6d-86c714d752bc.jpg
https://progressivemartialarts.com.au/product/inosanto-2018-australia-thai-boxing/	https://progressivemartialarts.com.au/wp-content/uploads/2026/04/2013-13-Mixed-Arts-4-disc-600x991.jpg
https://progressivemartialarts.com.au/product/inosanto-2018-australia-thai-boxing/	https://progressivemartialarts.com.au/wp-content/uploads/2026/04/2018-12-Thai-Boxing-1.jpg
https://progressivemartialarts.com.au/product/inosanto-2018-mixed-silat/	https://firstsight.design/cherie/beauty/wp-content/uploads/2020/10/Shopping-Cart.svg
https://progressivemartialarts.com.au/product/inosanto-2018-mixed-silat/	https://progressivemartialarts.com.au/wp-content/uploads/2022/10/2012-08-Sensitivity-600x1002.jpg
https://progressivemartialarts.com.au/product/inosanto-2018-mixed-silat/	https://progressivemartialarts.com.au/wp-content/uploads/2022/10/2012-14-Silat-600x922.jpg
https://progressivemartialarts.com.au/product/inosanto-2018-mixed-silat/	https://progressivemartialarts.com.au/wp-content/uploads/2022/10/2014-06-Silat-Camp.jpg
https://progressivemartialarts.com.au/product/inosanto-2018-mixed-silat/	https://progressivemartialarts.com.au/wp-content/uploads/2022/10/PMA-logo-2020-11250X60-11.png
https://progressivemartialarts.com.au/product/inosanto-2018-mixed-silat/	https://progressivemartialarts.com.au/wp-content/uploads/2022/10/PMA-logo-2020-12.png
https://progressivemartialarts.com.au/product/inosanto-2018-mixed-silat/	https://progressivemartialarts.com.au/wp-content/uploads/2026/04/2013-12-Thai-Boxing-600x996.jpg
https://progressivemartialarts.com.au/product/inosanto-2018-mixed-silat/	https://progressivemartialarts.com.au/wp-content/uploads/2026/04/2018-05-Mixed-Silat-1.jpg
https://progressivemartialarts.com.au/product/inosanto-2018-weaponry/	https://firstsight.design/cherie/beauty/wp-content/uploads/2020/10/Shopping-Cart.svg
https://progressivemartialarts.com.au/product/inosanto-2018-weaponry/	https://progressivemartialarts.com.au/wp-content/uploads/2022/10/2012-06-Silat-Camp.1-copy.jpg
https://progressivemartialarts.com.au/product/inosanto-2018-weaponry/	https://progressivemartialarts.com.au/wp-content/uploads/2022/10/PMA-logo-2020-11250X60-11.png
https://progressivemartialarts.com.au/product/inosanto-2018-weaponry/	https://progressivemartialarts.com.au/wp-content/uploads/2022/10/PMA-logo-2020-12.png
https://progressivemartialarts.com.au/product/inosanto-2018-weaponry/	https://progressivemartialarts.com.au/wp-content/uploads/2026/04/2015-09-Abecedario-day-2.H.1.jpg
https://progressivemartialarts.com.au/product/inosanto-2018-weaponry/	https://progressivemartialarts.com.au/wp-content/uploads/2026/04/2016-14-Mixed-Arts-Sun.1.jpg
https://progressivemartialarts.com.au/product/inosanto-2018-weaponry/	https://progressivemartialarts.com.au/wp-content/uploads/2026/04/2017-09-Staff-day-2-1-600x800.jpg
https://progressivemartialarts.com.au/product/inosanto-2018-weaponry/	https://progressivemartialarts.com.au/wp-content/uploads/2026/04/2018-04-Weaponry-1.jpg
https://progressivemartialarts.com.au/product/inosanto-2019-australia-flexible-weapons/	https://firstsight.design/cherie/beauty/wp-content/uploads/2020/10/Shopping-Cart.svg
https://progressivemartialarts.com.au/product/inosanto-2019-australia-flexible-weapons/	https://progressivemartialarts.com.au/wp-content/uploads/2022/10/2012-14-Silat-600x922.jpg
https://progressivemartialarts.com.au/product/inosanto-2019-australia-flexible-weapons/	https://progressivemartialarts.com.au/wp-content/uploads/2022/10/2014-06-Silat-Camp.jpg
https://progressivemartialarts.com.au/product/inosanto-2019-australia-flexible-weapons/	https://progressivemartialarts.com.au/wp-content/uploads/2022/10/2014-15-Joint-Locking-600x989.jpg
https://progressivemartialarts.com.au/product/inosanto-2019-australia-flexible-weapons/	https://progressivemartialarts.com.au/wp-content/uploads/2022/10/PMA-logo-2020-11250X60-11.png
https://progressivemartialarts.com.au/product/inosanto-2019-australia-flexible-weapons/	https://progressivemartialarts.com.au/wp-content/uploads/2022/10/PMA-logo-2020-12.png
https://progressivemartialarts.com.au/product/inosanto-2019-australia-flexible-weapons/	https://progressivemartialarts.com.au/wp-content/uploads/2025/04/2019-17-Flexible-1-scaled.jpg
https://progressivemartialarts.com.au/product/inosanto-2019-australia-flexible-weapons/	https://progressivemartialarts.com.au/wp-content/uploads/2026/04/2017-18-Locks-and-Controls-1-600x751.jpg
https://progressivemartialarts.com.au/product/inosanto-2019-australia-locks-and-controls/	https://firstsight.design/cherie/beauty/wp-content/uploads/2020/10/Shopping-Cart.svg
https://progressivemartialarts.com.au/product/inosanto-2019-australia-locks-and-controls/	https://progressivemartialarts.com.au/wp-content/uploads/2022/10/PMA-logo-2020-11250X60-11.png
https://progressivemartialarts.com.au/product/inosanto-2019-australia-locks-and-controls/	https://progressivemartialarts.com.au/wp-content/uploads/2022/10/PMA-logo-2020-12.png
https://progressivemartialarts.com.au/product/inosanto-2019-australia-locks-and-controls/	https://progressivemartialarts.com.au/wp-content/uploads/2022/10/inosanto-academy-long-sleeve-rash-vest.jpg
https://progressivemartialarts.com.au/product/inosanto-2019-australia-locks-and-controls/	https://progressivemartialarts.com.au/wp-content/uploads/2022/10/inosanto-academy-short-sleeve-rash-vest-e1778982686103.jpg
https://progressivemartialarts.com.au/product/inosanto-2019-australia-locks-and-controls/	https://progressivemartialarts.com.au/wp-content/uploads/2022/10/revgear-thai-shorts-various-colours-2.jpg
https://progressivemartialarts.com.au/product/inosanto-2019-australia-locks-and-controls/	https://progressivemartialarts.com.au/wp-content/uploads/2023/02/IMG2476.jpg
https://progressivemartialarts.com.au/product/inosanto-2019-australia-locks-and-controls/	https://progressivemartialarts.com.au/wp-content/uploads/2025/04/2019-18-Locks-and-Controls-1.jpg
https://progressivemartialarts.com.au/product/inosanto-2019-australia-weaponry/	https://firstsight.design/cherie/beauty/wp-content/uploads/2020/10/Shopping-Cart.svg
https://progressivemartialarts.com.au/product/inosanto-2019-australia-weaponry/	https://progressivemartialarts.com.au/wp-content/uploads/2022/10/2012-10-Abecedario-600x1009.jpg
https://progressivemartialarts.com.au/product/inosanto-2019-australia-weaponry/	https://progressivemartialarts.com.au/wp-content/uploads/2022/10/2014-05-Disarms-600x924.jpg
https://progressivemartialarts.com.au/product/inosanto-2019-australia-weaponry/	https://progressivemartialarts.com.au/wp-content/uploads/2022/10/Definitive_01_2048x2048_8f5b3c99-52db-47cc-bb4b-5d53337ceb9b-600x400.jpg
https://progressivemartialarts.com.au/product/inosanto-2019-australia-weaponry/	https://progressivemartialarts.com.au/wp-content/uploads/2022/10/PMA-logo-2020-11250X60-11.png
https://progressivemartialarts.com.au/product/inosanto-2019-australia-weaponry/	https://progressivemartialarts.com.au/wp-content/uploads/2022/10/PMA-logo-2020-12.png
https://progressivemartialarts.com.au/product/inosanto-2019-australia-weaponry/	https://progressivemartialarts.com.au/wp-content/uploads/2022/10/Training-Dagger-03-600x450.jpg
https://progressivemartialarts.com.au/product/inosanto-2019-australia-weaponry/	https://progressivemartialarts.com.au/wp-content/uploads/2026/04/2019-16-Weaponry-1.jpg
https://progressivemartialarts.com.au/product/inosanto-2019-jun-fan-gung-fu-jkd/	https://firstsight.design/cherie/beauty/wp-content/uploads/2020/10/Shopping-Cart.svg
https://progressivemartialarts.com.au/product/inosanto-2019-jun-fan-gung-fu-jkd/	https://progressivemartialarts.com.au/wp-content/uploads/2022/10/2012-10-Abecedario-600x1009.jpg
https://progressivemartialarts.com.au/product/inosanto-2019-jun-fan-gung-fu-jkd/	https://progressivemartialarts.com.au/wp-content/uploads/2022/10/2012-13-Mixed-Arts-2-disc-600x1002.jpg
https://progressivemartialarts.com.au/product/inosanto-2019-jun-fan-gung-fu-jkd/	https://progressivemartialarts.com.au/wp-content/uploads/2022/10/PMA-logo-2020-11250X60-11.png
https://progressivemartialarts.com.au/product/inosanto-2019-jun-fan-gung-fu-jkd/	https://progressivemartialarts.com.au/wp-content/uploads/2022/10/PMA-logo-2020-12.png
https://progressivemartialarts.com.au/product/inosanto-2019-jun-fan-gung-fu-jkd/	https://progressivemartialarts.com.au/wp-content/uploads/2022/10/dvd-bolt-wrestling_360x_2773eba6-7a00-4d66-9287-70cd0c021687.jpg
https://progressivemartialarts.com.au/product/inosanto-2019-jun-fan-gung-fu-jkd/	https://progressivemartialarts.com.au/wp-content/uploads/2025/04/2019-15-JKD-1.jpg
https://progressivemartialarts.com.au/product/inosanto-2019-jun-fan-gung-fu-jkd/	https://progressivemartialarts.com.au/wp-content/uploads/2026/04/2013-12-Thai-Boxing-600x996.jpg
https://progressivemartialarts.com.au/product/inosanto-2023-australia-jun-fan-gung-fu-jkd/	https://firstsight.design/cherie/beauty/wp-content/uploads/2020/10/Shopping-Cart.svg
https://progressivemartialarts.com.au/product/inosanto-2023-australia-jun-fan-gung-fu-jkd/	https://progressivemartialarts.com.au/wp-content/uploads/2022/10/2012-10-Abecedario-600x1009.jpg
https://progressivemartialarts.com.au/product/inosanto-2023-australia-jun-fan-gung-fu-jkd/	https://progressivemartialarts.com.au/wp-content/uploads/2022/10/PMA-logo-2020-11250X60-11.png
https://progressivemartialarts.com.au/product/inosanto-2023-australia-jun-fan-gung-fu-jkd/	https://progressivemartialarts.com.au/wp-content/uploads/2022/10/PMA-logo-2020-12.png
https://progressivemartialarts.com.au/product/inosanto-2023-australia-jun-fan-gung-fu-jkd/	https://progressivemartialarts.com.au/wp-content/uploads/2022/10/dvd-capoeira-active_360x_af314fdf-57e8-402e-b117-8fc1deac6fc3.jpg
https://progressivemartialarts.com.au/product/inosanto-2023-australia-jun-fan-gung-fu-jkd/	https://progressivemartialarts.com.au/wp-content/uploads/2022/10/dvd-wingchun-mma_540x_3a7a76b0-19be-48e3-86fc-5b0ebd10b420.jpg
https://progressivemartialarts.com.au/product/inosanto-2023-australia-jun-fan-gung-fu-jkd/	https://progressivemartialarts.com.au/wp-content/uploads/2026/04/2013-15-Disarms-600x978.jpg
https://progressivemartialarts.com.au/product/inosanto-2023-australia-jun-fan-gung-fu-jkd/	https://progressivemartialarts.com.au/wp-content/uploads/2026/04/2023-15-JKD-1-scaled.jpg
https://progressivemartialarts.com.au/product/inosanto-2023-australia-locks-and-controls/	https://firstsight.design/cherie/beauty/wp-content/uploads/2020/10/Shopping-Cart.svg
https://progressivemartialarts.com.au/product/inosanto-2023-australia-locks-and-controls/	https://progressivemartialarts.com.au/wp-content/uploads/2022/10/2012-06-Silat-Camp.1-copy.jpg
https://progressivemartialarts.com.au/product/inosanto-2023-australia-locks-and-controls/	https://progressivemartialarts.com.au/wp-content/uploads/2022/10/2012-10-Abecedario-600x1009.jpg
https://progressivemartialarts.com.au/product/inosanto-2023-australia-locks-and-controls/	https://progressivemartialarts.com.au/wp-content/uploads/2022/10/2012-12-Thai-Boxing-600x1056.jpg
https://progressivemartialarts.com.au/product/inosanto-2023-australia-locks-and-controls/	https://progressivemartialarts.com.au/wp-content/uploads/2022/10/PMA-logo-2020-11250X60-11.png
https://progressivemartialarts.com.au/product/inosanto-2023-australia-locks-and-controls/	https://progressivemartialarts.com.au/wp-content/uploads/2022/10/PMA-logo-2020-12.png
https://progressivemartialarts.com.au/product/inosanto-2023-australia-locks-and-controls/	https://progressivemartialarts.com.au/wp-content/uploads/2022/10/dvd-rhythmic-training_360x_cb6de2e8-250d-483e-ba6d-86c714d752bc.jpg
https://progressivemartialarts.com.au/product/inosanto-2023-australia-locks-and-controls/	https://progressivemartialarts.com.au/wp-content/uploads/2026/04/2023-18-Lock-and-Controls-1.jpg
https://progressivemartialarts.com.au/product/inosanto-2023-australia-mixed-arts-day-2/	https://firstsight.design/cherie/beauty/wp-content/uploads/2020/10/Shopping-Cart.svg
https://progressivemartialarts.com.au/product/inosanto-2023-australia-mixed-arts-day-2/	https://progressivemartialarts.com.au/wp-content/uploads/2022/10/2016-australian-tour-singlet-600x600.jpg
https://progressivemartialarts.com.au/product/inosanto-2023-australia-mixed-arts-day-2/	https://progressivemartialarts.com.au/wp-content/uploads/2022/10/PMA-logo-2020-11250X60-11.png
https://progressivemartialarts.com.au/product/inosanto-2023-australia-mixed-arts-day-2/	https://progressivemartialarts.com.au/wp-content/uploads/2022/10/PMA-logo-2020-12.png
https://progressivemartialarts.com.au/product/inosanto-2023-australia-mixed-arts-day-2/	https://progressivemartialarts.com.au/wp-content/uploads/2022/10/dvd_martialartsmasters_360x_5753665b-b61d-4e0d-9a21-1c791014dcd7.jpg
https://progressivemartialarts.com.au/product/inosanto-2023-australia-mixed-arts-day-2/	https://progressivemartialarts.com.au/wp-content/uploads/2022/10/image_a4195139-19f7-4e88-b06d-55645ff4a91a-600x804.jpg
https://progressivemartialarts.com.au/product/inosanto-2023-australia-mixed-arts-day-2/	https://progressivemartialarts.com.au/wp-content/uploads/2026/04/2018-13-Mixed-Arts-day-1-600x853.jpg
https://progressivemartialarts.com.au/product/inosanto-2023-australia-mixed-arts-day-2/	https://progressivemartialarts.com.au/wp-content/uploads/2026/04/2023-14-Mixed-day-2-1-scaled.jpg
https://progressivemartialarts.com.au/product/inosanto-2023-australia-silat/	https://firstsight.design/cherie/beauty/wp-content/uploads/2020/10/Shopping-Cart.svg
https://progressivemartialarts.com.au/product/inosanto-2023-australia-silat/	https://progressivemartialarts.com.au/wp-content/uploads/2022/10/2012-09-Stck-and-Dagger-600x986.jpg
https://progressivemartialarts.com.au/product/inosanto-2023-australia-silat/	https://progressivemartialarts.com.au/wp-content/uploads/2022/10/2012-10-Abecedario-600x1009.jpg
https://progressivemartialarts.com.au/product/inosanto-2023-australia-silat/	https://progressivemartialarts.com.au/wp-content/uploads/2022/10/PMA-logo-2020-11250X60-11.png
https://progressivemartialarts.com.au/product/inosanto-2023-australia-silat/	https://progressivemartialarts.com.au/wp-content/uploads/2022/10/PMA-logo-2020-12.png
https://progressivemartialarts.com.au/product/inosanto-2023-australia-silat/	https://progressivemartialarts.com.au/wp-content/uploads/2026/04/2013-05-12-Areas-2-600x993.jpg
https://progressivemartialarts.com.au/product/inosanto-2023-australia-silat/	https://progressivemartialarts.com.au/wp-content/uploads/2026/04/2013-15-Disarms-600x978.jpg
https://progressivemartialarts.com.au/product/inosanto-2023-australia-silat/	https://progressivemartialarts.com.au/wp-content/uploads/2026/04/2023-16-Silat-1-scaled.jpg
https://progressivemartialarts.com.au/product/inosanto-2023-australia-thai-boxing/	https://firstsight.design/cherie/beauty/wp-content/uploads/2020/10/Shopping-Cart.svg
https://progressivemartialarts.com.au/product/inosanto-2023-australia-thai-boxing/	https://progressivemartialarts.com.au/wp-content/uploads/2022/10/2012-09-Stck-and-Dagger-600x986.jpg
https://progressivemartialarts.com.au/product/inosanto-2023-australia-thai-boxing/	https://progressivemartialarts.com.au/wp-content/uploads/2022/10/2012-11-Pangamut-600x1074.jpg
https://progressivemartialarts.com.au/product/inosanto-2023-australia-thai-boxing/	https://progressivemartialarts.com.au/wp-content/uploads/2022/10/PMA-logo-2020-11250X60-11.png
https://progressivemartialarts.com.au/product/inosanto-2023-australia-thai-boxing/	https://progressivemartialarts.com.au/wp-content/uploads/2022/10/PMA-logo-2020-12.png
https://progressivemartialarts.com.au/product/inosanto-2023-australia-thai-boxing/	https://progressivemartialarts.com.au/wp-content/uploads/2026/04/2013-08-Panantukan-600x985.jpg
https://progressivemartialarts.com.au/product/inosanto-2023-australia-thai-boxing/	https://progressivemartialarts.com.au/wp-content/uploads/2026/04/2013-15-Disarms-600x978.jpg
https://progressivemartialarts.com.au/product/inosanto-2023-australia-thai-boxing/	https://progressivemartialarts.com.au/wp-content/uploads/2026/04/2023-12-Thai-Boxing-1.heic
https://progressivemartialarts.com.au/product/inosanto-2023-krabi-krabong-seama-day-1/	https://firstsight.design/cherie/beauty/wp-content/uploads/2020/10/Shopping-Cart.svg
https://progressivemartialarts.com.au/product/inosanto-2023-krabi-krabong-seama-day-1/	https://progressivemartialarts.com.au/wp-content/uploads/2022/10/2012-08-Sensitivity-600x1002.jpg
https://progressivemartialarts.com.au/product/inosanto-2023-krabi-krabong-seama-day-1/	https://progressivemartialarts.com.au/wp-content/uploads/2022/10/2012-12-Thai-Boxing-600x1056.jpg
https://progressivemartialarts.com.au/product/inosanto-2023-krabi-krabong-seama-day-1/	https://progressivemartialarts.com.au/wp-content/uploads/2022/10/PMA-logo-2020-11250X60-11.png
https://progressivemartialarts.com.au/product/inosanto-2023-krabi-krabong-seama-day-1/	https://progressivemartialarts.com.au/wp-content/uploads/2022/10/PMA-logo-2020-12.png
https://progressivemartialarts.com.au/product/inosanto-2023-krabi-krabong-seama-day-1/	https://progressivemartialarts.com.au/wp-content/uploads/2022/10/dvd-dubin-drumming_360x_77fc0434-c184-439d-bd32-9565ad9e2d65.jpg
https://progressivemartialarts.com.au/product/inosanto-2023-krabi-krabong-seama-day-1/	https://progressivemartialarts.com.au/wp-content/uploads/2025/04/2023-10-Krabi-Seama-day-1-1-1.jpg
https://progressivemartialarts.com.au/product/inosanto-2023-krabi-krabong-seama-day-1/	https://progressivemartialarts.com.au/wp-content/uploads/2026/04/2013-15-Disarms-600x978.jpg
https://progressivemartialarts.com.au/product/inosanto-2023-krabi-krabong-seama-day-2/	https://firstsight.design/cherie/beauty/wp-content/uploads/2020/10/Shopping-Cart.svg
https://progressivemartialarts.com.au/product/inosanto-2023-krabi-krabong-seama-day-2/	https://progressivemartialarts.com.au/wp-content/uploads/2022/10/2012-10-Abecedario-600x1009.jpg
https://progressivemartialarts.com.au/product/inosanto-2023-krabi-krabong-seama-day-2/	https://progressivemartialarts.com.au/wp-content/uploads/2022/10/2012-11-Pangamut-600x1074.jpg
https://progressivemartialarts.com.au/product/inosanto-2023-krabi-krabong-seama-day-2/	https://progressivemartialarts.com.au/wp-content/uploads/2022/10/2012-13-Mixed-Arts-2-disc-600x1002.jpg
https://progressivemartialarts.com.au/product/inosanto-2023-krabi-krabong-seama-day-2/	https://progressivemartialarts.com.au/wp-content/uploads/2022/10/PMA-logo-2020-11250X60-11.png
https://progressivemartialarts.com.au/product/inosanto-2023-krabi-krabong-seama-day-2/	https://progressivemartialarts.com.au/wp-content/uploads/2022/10/PMA-logo-2020-12.png
https://progressivemartialarts.com.au/product/inosanto-2023-krabi-krabong-seama-day-2/	https://progressivemartialarts.com.au/wp-content/uploads/2025/04/2023-11-Krabi-Seama-day-2-1.jpg
https://progressivemartialarts.com.au/product/inosanto-2023-krabi-krabong-seama-day-2/	https://progressivemartialarts.com.au/wp-content/uploads/2026/04/2013-15-Disarms-600x978.jpg
https://progressivemartialarts.com.au/product/inosanto-2024-legends-8-dvd-set/	https://firstsight.design/cherie/beauty/wp-content/uploads/2020/10/Shopping-Cart.svg
https://progressivemartialarts.com.au/product/inosanto-2024-legends-8-dvd-set/	https://progressivemartialarts.com.au/wp-content/uploads/2022/10/2012-11-Pangamut-600x1074.jpg
https://progressivemartialarts.com.au/product/inosanto-2024-legends-8-dvd-set/	https://progressivemartialarts.com.au/wp-content/uploads/2022/10/2012-14-Silat-600x922.jpg
https://progressivemartialarts.com.au/product/inosanto-2024-legends-8-dvd-set/	https://progressivemartialarts.com.au/wp-content/uploads/2022/10/PMA-logo-2020-11250X60-11.png
https://progressivemartialarts.com.au/product/inosanto-2024-legends-8-dvd-set/	https://progressivemartialarts.com.au/wp-content/uploads/2022/10/PMA-logo-2020-12.png
https://progressivemartialarts.com.au/product/inosanto-2024-legends-8-dvd-set/	https://progressivemartialarts.com.au/wp-content/uploads/2025/04/2024-07-Legends.1.jpg
https://progressivemartialarts.com.au/product/inosanto-2024-legends-8-dvd-set/	https://progressivemartialarts.com.au/wp-content/uploads/2026/04/2013-05-12-Areas-2-600x993.jpg
https://progressivemartialarts.com.au/product/inosanto-2024-legends-8-dvd-set/	https://progressivemartialarts.com.au/wp-content/uploads/2026/04/2013-13-Mixed-Arts-4-disc-600x991.jpg
https://progressivemartialarts.com.au/product/inosanto-academy-rattan-kali-sticks-1-pair/	https://firstsight.design/cherie/beauty/wp-content/uploads/2020/10/Shopping-Cart.svg
https://progressivemartialarts.com.au/product/inosanto-academy-rattan-kali-sticks-1-pair/	https://progressivemartialarts.com.au/wp-content/uploads/2022/10/PMA-logo-2020-11250X60-11.png
https://progressivemartialarts.com.au/product/inosanto-academy-rattan-kali-sticks-1-pair/	https://progressivemartialarts.com.au/wp-content/uploads/2022/10/PMA-logo-2020-12.png
https://progressivemartialarts.com.au/product/inosanto-academy-rattan-kali-sticks-1-pair/	https://progressivemartialarts.com.au/wp-content/uploads/2022/10/Training-Dagger-06-600x450.jpg
https://progressivemartialarts.com.au/product/inosanto-academy-rattan-kali-sticks-1-pair/	https://progressivemartialarts.com.au/wp-content/uploads/2022/10/image_fb853290-905a-4e9c-9b1c-403ca5c200c6-scaled-1-600x694.jpg
https://progressivemartialarts.com.au/product/inosanto-academy-rattan-kali-sticks-1-pair/	https://progressivemartialarts.com.au/wp-content/uploads/2023/02/2026-sticks-2-scaled.png
https://progressivemartialarts.com.au/product/inosanto-academy-rattan-kali-sticks-1-pair/	https://progressivemartialarts.com.au/wp-content/uploads/2023/02/6193C777-56C4-46A1-9420-D1B1C6FCFF80.jpeg
https://progressivemartialarts.com.au/product/inosanto-academy-rattan-kali-sticks-1-pair/	https://progressivemartialarts.com.au/wp-content/uploads/2023/02/Dagger-Bag-Gold.jpeg
https://progressivemartialarts.com.au/product/inosanto-academy-rattan-kali-sticks-1-pair/	https://progressivemartialarts.com.au/wp-content/uploads/2023/02/Sticks-2026-scaled.jpg
https://progressivemartialarts.com.au/product/inosanto-academy-windbreaker-jacket/	https://firstsight.design/cherie/beauty/wp-content/uploads/2020/10/Shopping-Cart.svg
https://progressivemartialarts.com.au/product/inosanto-academy-windbreaker-jacket/	https://progressivemartialarts.com.au/wp-content/uploads/2022/10/IAMA-Windbreaker.jpeg
https://progressivemartialarts.com.au/product/inosanto-academy-windbreaker-jacket/	https://progressivemartialarts.com.au/wp-content/uploads/2022/10/PMA-logo-2020-11250X60-11.png
https://progressivemartialarts.com.au/product/inosanto-academy-windbreaker-jacket/	https://progressivemartialarts.com.au/wp-content/uploads/2022/10/PMA-logo-2020-12.png
https://progressivemartialarts.com.au/product/inosanto-academy-windbreaker-jacket/	https://progressivemartialarts.com.au/wp-content/uploads/2022/10/image_a4195139-19f7-4e88-b06d-55645ff4a91a-600x804.jpg
https://progressivemartialarts.com.au/product/inosanto-academy-windbreaker-jacket/	https://progressivemartialarts.com.au/wp-content/uploads/2022/10/inosanto-absorb-what-is-useful-singlet-e1776830771357.jpg
https://progressivemartialarts.com.au/product/inosanto-academy-windbreaker-jacket/	https://progressivemartialarts.com.au/wp-content/uploads/2022/10/inosanto-academy-short-sleeve-rash-vest-e1778982686103.jpg
https://progressivemartialarts.com.au/product/inosanto-academy-windbreaker-jacket/	https://progressivemartialarts.com.au/wp-content/uploads/2026/04/2018-13-Mixed-Arts-day-1-600x853.jpg
https://progressivemartialarts.com.au/product/inosanto-collector-series-training-in-the-martial-arts-3-dvd-set/	https://firstsight.design/cherie/beauty/wp-content/uploads/2020/10/Shopping-Cart.svg
https://progressivemartialarts.com.au/product/inosanto-collector-series-training-in-the-martial-arts-3-dvd-set/	https://progressivemartialarts.com.au/wp-content/uploads/2022/10/2012-08-Sensitivity-600x1002.jpg
https://progressivemartialarts.com.au/product/inosanto-collector-series-training-in-the-martial-arts-3-dvd-set/	https://progressivemartialarts.com.au/wp-content/uploads/2022/10/PMA-logo-2020-11250X60-11.png
https://progressivemartialarts.com.au/product/inosanto-collector-series-training-in-the-martial-arts-3-dvd-set/	https://progressivemartialarts.com.au/wp-content/uploads/2022/10/PMA-logo-2020-12.png
https://progressivemartialarts.com.au/product/inosanto-collector-series-training-in-the-martial-arts-3-dvd-set/	https://progressivemartialarts.com.au/wp-content/uploads/2022/10/dvd-dubin-drumming_360x_77fc0434-c184-439d-bd32-9565ad9e2d65.jpg
https://progressivemartialarts.com.au/product/inosanto-collector-series-training-in-the-martial-arts-3-dvd-set/	https://progressivemartialarts.com.au/wp-content/uploads/2022/10/image_83c86b91-64b9-43db-8dfc-7858cd788faa.png
https://progressivemartialarts.com.au/product/inosanto-collector-series-training-in-the-martial-arts-3-dvd-set/	https://progressivemartialarts.com.au/wp-content/uploads/2026/04/2013-12-Thai-Boxing-600x996.jpg
https://progressivemartialarts.com.au/product/inosanto-collector-series-training-in-the-martial-arts-3-dvd-set/	https://progressivemartialarts.com.au/wp-content/uploads/2026/04/2017-18-Locks-and-Controls-1-600x751.jpg
https://progressivemartialarts.com.au/product/inosanto-definitive-collection-5-dvd-set/	https://firstsight.design/cherie/beauty/wp-content/uploads/2020/10/Shopping-Cart.svg
https://progressivemartialarts.com.au/product/inosanto-definitive-collection-5-dvd-set/	https://progressivemartialarts.com.au/wp-content/uploads/2022/10/2012-12-Thai-Boxing-600x1056.jpg
https://progressivemartialarts.com.au/product/inosanto-definitive-collection-5-dvd-set/	https://progressivemartialarts.com.au/wp-content/uploads/2022/10/Definitive_01_2048x2048_8f5b3c99-52db-47cc-bb4b-5d53337ceb9b.jpg
https://progressivemartialarts.com.au/product/inosanto-definitive-collection-5-dvd-set/	https://progressivemartialarts.com.au/wp-content/uploads/2022/10/Definitive_02_2048x2048_654e09b7-a44d-4d95-b245-340e2974395b.jpg
https://progressivemartialarts.com.au/product/inosanto-definitive-collection-5-dvd-set/	https://progressivemartialarts.com.au/wp-content/uploads/2022/10/Definitive_03_2048x2048_11a1abc1-dc80-48a4-bf67-84192168e614.jpg
https://progressivemartialarts.com.au/product/inosanto-definitive-collection-5-dvd-set/	https://progressivemartialarts.com.au/wp-content/uploads/2022/10/Definitive_04_2048x2048_89cb7bde-1c93-4ef3-9503-6acd81c47635.jpg
https://progressivemartialarts.com.au/product/inosanto-definitive-collection-5-dvd-set/	https://progressivemartialarts.com.au/wp-content/uploads/2022/10/Definitive_05_2048x2048_72335566-47e4-4843-9a19-1234b3563960.jpg
https://progressivemartialarts.com.au/product/inosanto-definitive-collection-5-dvd-set/	https://progressivemartialarts.com.au/wp-content/uploads/2022/10/PMA-logo-2020-11250X60-11.png
https://progressivemartialarts.com.au/product/inosanto-definitive-collection-5-dvd-set/	https://progressivemartialarts.com.au/wp-content/uploads/2022/10/PMA-logo-2020-12.png
https://progressivemartialarts.com.au/product/inosanto-definitive-collection-5-dvd-set/	https://progressivemartialarts.com.au/wp-content/uploads/2022/10/dvd-rhythmic-training_360x_cb6de2e8-250d-483e-ba6d-86c714d752bc.jpg
https://progressivemartialarts.com.au/product/inosanto-definitive-collection-5-dvd-set/	https://progressivemartialarts.com.au/wp-content/uploads/2026/04/2013-12-Thai-Boxing-600x996.jpg
https://progressivemartialarts.com.au/product/inosanto-definitive-collection-5-dvd-set/	https://progressivemartialarts.com.au/wp-content/uploads/2026/04/2013-15-Disarms-600x978.jpg
https://progressivemartialarts.com.au/product/inosanto-definitive-collection-9-dvd-set/	https://firstsight.design/cherie/beauty/wp-content/uploads/2020/10/Shopping-Cart.svg
https://progressivemartialarts.com.au/product/inosanto-definitive-collection-9-dvd-set/	https://progressivemartialarts.com.au/wp-content/uploads/2022/10/Definitive_01_2048x2048_8f5b3c99-52db-47cc-bb4b-5d53337ceb9b.jpg
https://progressivemartialarts.com.au/product/inosanto-definitive-collection-9-dvd-set/	https://progressivemartialarts.com.au/wp-content/uploads/2022/10/Definitive_02_2048x2048_654e09b7-a44d-4d95-b245-340e2974395b.jpg
https://progressivemartialarts.com.au/product/inosanto-definitive-collection-9-dvd-set/	https://progressivemartialarts.com.au/wp-content/uploads/2022/10/Definitive_03_2048x2048_11a1abc1-dc80-48a4-bf67-84192168e614.jpg
https://progressivemartialarts.com.au/product/inosanto-definitive-collection-9-dvd-set/	https://progressivemartialarts.com.au/wp-content/uploads/2022/10/Definitive_04_2048x2048_89cb7bde-1c93-4ef3-9503-6acd81c47635.jpg
https://progressivemartialarts.com.au/product/inosanto-definitive-collection-9-dvd-set/	https://progressivemartialarts.com.au/wp-content/uploads/2022/10/Definitive_05_2048x2048_72335566-47e4-4843-9a19-1234b3563960.jpg
https://progressivemartialarts.com.au/product/inosanto-definitive-collection-9-dvd-set/	https://progressivemartialarts.com.au/wp-content/uploads/2022/10/Definitive_06_2048x2048_e96fe386-7c89-489d-b6dc-9c105f6b18eb.jpg
https://progressivemartialarts.com.au/product/inosanto-definitive-collection-9-dvd-set/	https://progressivemartialarts.com.au/wp-content/uploads/2022/10/Definitive_07_2048x2048_2700dd68-3193-43dd-8ce4-0dbf713d57d8.jpg
https://progressivemartialarts.com.au/product/inosanto-definitive-collection-9-dvd-set/	https://progressivemartialarts.com.au/wp-content/uploads/2022/10/Definitive_08_2048x2048_d31debb9-3c44-4e27-82ce-7c063d6fe21b.jpg
https://progressivemartialarts.com.au/product/inosanto-definitive-collection-9-dvd-set/	https://progressivemartialarts.com.au/wp-content/uploads/2022/10/Definitive_09_2048x2048_b634c804-7921-4db2-b72d-a25dc861165a.jpg
https://progressivemartialarts.com.au/product/inosanto-definitive-collection-9-dvd-set/	https://progressivemartialarts.com.au/wp-content/uploads/2022/10/IAMA-Spaghetti.jpeg
https://progressivemartialarts.com.au/product/inosanto-definitive-collection-9-dvd-set/	https://progressivemartialarts.com.au/wp-content/uploads/2022/10/IAMA-Windbreaker.jpeg
https://progressivemartialarts.com.au/product/inosanto-definitive-collection-9-dvd-set/	https://progressivemartialarts.com.au/wp-content/uploads/2022/10/PMA-logo-2020-11250X60-11.png
https://progressivemartialarts.com.au/product/inosanto-definitive-collection-9-dvd-set/	https://progressivemartialarts.com.au/wp-content/uploads/2022/10/PMA-logo-2020-12.png
https://progressivemartialarts.com.au/product/inosanto-definitive-collection-9-dvd-set/	https://progressivemartialarts.com.au/wp-content/uploads/2022/10/dvd_martialartsmasters_360x_5753665b-b61d-4e0d-9a21-1c791014dcd7.jpg
https://progressivemartialarts.com.au/product/inosanto-definitive-collection-9-dvd-set/	https://progressivemartialarts.com.au/wp-content/uploads/2022/10/image_82fa5c0c-07d7-42de-b015-40813f3fb6bc-600x450.webp
https://progressivemartialarts.com.au/product/inosanto-definitive-collection-volume-1-jun-fan-kickboxing/	https://firstsight.design/cherie/beauty/wp-content/uploads/2020/10/Shopping-Cart.svg
https://progressivemartialarts.com.au/product/inosanto-definitive-collection-volume-1-jun-fan-kickboxing/	https://progressivemartialarts.com.au/wp-content/uploads/2022/10/2012-06-Silat-Camp.1-copy.jpg
https://progressivemartialarts.com.au/product/inosanto-definitive-collection-volume-1-jun-fan-kickboxing/	https://progressivemartialarts.com.au/wp-content/uploads/2022/10/Definitive_01_2048x2048_7fa1114a-03e2-4400-bf69-f9dc5fdd1f0f.jpg
https://progressivemartialarts.com.au/product/inosanto-definitive-collection-volume-1-jun-fan-kickboxing/	https://progressivemartialarts.com.au/wp-content/uploads/2022/10/PMA-logo-2020-11250X60-11.png
https://progressivemartialarts.com.au/product/inosanto-definitive-collection-volume-1-jun-fan-kickboxing/	https://progressivemartialarts.com.au/wp-content/uploads/2022/10/PMA-logo-2020-12.png
https://progressivemartialarts.com.au/product/inosanto-definitive-collection-volume-1-jun-fan-kickboxing/	https://progressivemartialarts.com.au/wp-content/uploads/2022/10/dvd-dubin-drumming_360x_77fc0434-c184-439d-bd32-9565ad9e2d65.jpg
https://progressivemartialarts.com.au/product/inosanto-definitive-collection-volume-1-jun-fan-kickboxing/	https://progressivemartialarts.com.au/wp-content/uploads/2026/04/2013-05-12-Areas-2-600x993.jpg
https://progressivemartialarts.com.au/product/inosanto-definitive-collection-volume-1-jun-fan-kickboxing/	https://progressivemartialarts.com.au/wp-content/uploads/2026/04/2013-15-Disarms-600x978.jpg
https://progressivemartialarts.com.au/product/inosanto-definitive-collection-volume-2-jun-fan-trapping/	https://firstsight.design/cherie/beauty/wp-content/uploads/2020/10/Shopping-Cart.svg
https://progressivemartialarts.com.au/product/inosanto-definitive-collection-volume-2-jun-fan-trapping/	https://progressivemartialarts.com.au/wp-content/uploads/2022/10/2012-11-Pangamut-600x1074.jpg
https://progressivemartialarts.com.au/product/inosanto-definitive-collection-volume-2-jun-fan-trapping/	https://progressivemartialarts.com.au/wp-content/uploads/2022/10/2012-14-Silat-600x922.jpg
https://progressivemartialarts.com.au/product/inosanto-definitive-collection-volume-2-jun-fan-trapping/	https://progressivemartialarts.com.au/wp-content/uploads/2022/10/Definitive_02_2048x2048_df219c76-3996-49b6-9896-66a91235e7be.jpg
https://progressivemartialarts.com.au/product/inosanto-definitive-collection-volume-2-jun-fan-trapping/	https://progressivemartialarts.com.au/wp-content/uploads/2022/10/PMA-logo-2020-11250X60-11.png
https://progressivemartialarts.com.au/product/inosanto-definitive-collection-volume-2-jun-fan-trapping/	https://progressivemartialarts.com.au/wp-content/uploads/2022/10/PMA-logo-2020-12.png
https://progressivemartialarts.com.au/product/inosanto-definitive-collection-volume-2-jun-fan-trapping/	https://progressivemartialarts.com.au/wp-content/uploads/2022/10/dvd-capoeira-active_360x_af314fdf-57e8-402e-b117-8fc1deac6fc3.jpg
https://progressivemartialarts.com.au/product/inosanto-definitive-collection-volume-2-jun-fan-trapping/	https://progressivemartialarts.com.au/wp-content/uploads/2026/04/2013-12-Thai-Boxing-600x996.jpg
https://progressivemartialarts.com.au/product/inosanto-definitive-collection-volume-3-jun-fan-grappling/	https://firstsight.design/cherie/beauty/wp-content/uploads/2020/10/Shopping-Cart.svg
https://progressivemartialarts.com.au/product/inosanto-definitive-collection-volume-3-jun-fan-grappling/	https://progressivemartialarts.com.au/wp-content/uploads/2022/10/2012-08-Sensitivity-600x1002.jpg
https://progressivemartialarts.com.au/product/inosanto-definitive-collection-volume-3-jun-fan-grappling/	https://progressivemartialarts.com.au/wp-content/uploads/2022/10/Definitive_03_2048x2048_1796fc76-3f94-4109-b5d1-d17005e65c67.jpg
https://progressivemartialarts.com.au/product/inosanto-definitive-collection-volume-3-jun-fan-grappling/	https://progressivemartialarts.com.au/wp-content/uploads/2022/10/PMA-logo-2020-11250X60-11.png
https://progressivemartialarts.com.au/product/inosanto-definitive-collection-volume-3-jun-fan-grappling/	https://progressivemartialarts.com.au/wp-content/uploads/2022/10/PMA-logo-2020-12.png
https://progressivemartialarts.com.au/product/inosanto-definitive-collection-volume-3-jun-fan-grappling/	https://progressivemartialarts.com.au/wp-content/uploads/2022/10/dvd-dubin-drumming_360x_77fc0434-c184-439d-bd32-9565ad9e2d65.jpg
https://progressivemartialarts.com.au/product/inosanto-definitive-collection-volume-3-jun-fan-grappling/	https://progressivemartialarts.com.au/wp-content/uploads/2026/04/2013-13-Mixed-Arts-4-disc-600x991.jpg
https://progressivemartialarts.com.au/product/inosanto-definitive-collection-volume-3-jun-fan-grappling/	https://progressivemartialarts.com.au/wp-content/uploads/2026/04/2013-14-Jun-FanJKD-600x997.jpg
https://progressivemartialarts.com.au/product/inosanto-definitive-collection-volume-4-panantukan/	https://firstsight.design/cherie/beauty/wp-content/uploads/2020/10/Shopping-Cart.svg
https://progressivemartialarts.com.au/product/inosanto-definitive-collection-volume-4-panantukan/	https://progressivemartialarts.com.au/wp-content/uploads/2022/10/2012-08-Sensitivity-600x1002.jpg
https://progressivemartialarts.com.au/product/inosanto-definitive-collection-volume-4-panantukan/	https://progressivemartialarts.com.au/wp-content/uploads/2022/10/2012-11-Pangamut-600x1074.jpg
https://progressivemartialarts.com.au/product/inosanto-definitive-collection-volume-4-panantukan/	https://progressivemartialarts.com.au/wp-content/uploads/2022/10/2012-14-Silat-600x922.jpg
https://progressivemartialarts.com.au/product/inosanto-definitive-collection-volume-4-panantukan/	https://progressivemartialarts.com.au/wp-content/uploads/2022/10/2014-15-Joint-Locking-600x989.jpg
https://progressivemartialarts.com.au/product/inosanto-definitive-collection-volume-4-panantukan/	https://progressivemartialarts.com.au/wp-content/uploads/2022/10/Definitive_04_2048x2048_88b92389-7fac-418a-bd3f-117108b5a316.jpg
https://progressivemartialarts.com.au/product/inosanto-definitive-collection-volume-4-panantukan/	https://progressivemartialarts.com.au/wp-content/uploads/2022/10/PMA-logo-2020-11250X60-11.png
https://progressivemartialarts.com.au/product/inosanto-definitive-collection-volume-4-panantukan/	https://progressivemartialarts.com.au/wp-content/uploads/2022/10/PMA-logo-2020-12.png
https://progressivemartialarts.com.au/product/inosanto-definitive-collection-volume-5-dumog/	https://firstsight.design/cherie/beauty/wp-content/uploads/2020/10/Shopping-Cart.svg
https://progressivemartialarts.com.au/product/inosanto-definitive-collection-volume-5-dumog/	https://progressivemartialarts.com.au/wp-content/uploads/2022/10/2012-08-Sensitivity-600x1002.jpg
https://progressivemartialarts.com.au/product/inosanto-definitive-collection-volume-5-dumog/	https://progressivemartialarts.com.au/wp-content/uploads/2022/10/2012-13-Mixed-Arts-2-disc-600x1002.jpg
https://progressivemartialarts.com.au/product/inosanto-definitive-collection-volume-5-dumog/	https://progressivemartialarts.com.au/wp-content/uploads/2022/10/2012-14-Silat-600x922.jpg
https://progressivemartialarts.com.au/product/inosanto-definitive-collection-volume-5-dumog/	https://progressivemartialarts.com.au/wp-content/uploads/2022/10/2014-06-Silat-Camp.jpg
https://progressivemartialarts.com.au/product/inosanto-definitive-collection-volume-5-dumog/	https://progressivemartialarts.com.au/wp-content/uploads/2022/10/Definitive_05_2048x2048_7c927013-427b-4a07-a897-92a6ce934b89.jpg
https://progressivemartialarts.com.au/product/inosanto-definitive-collection-volume-5-dumog/	https://progressivemartialarts.com.au/wp-content/uploads/2022/10/PMA-logo-2020-11250X60-11.png
https://progressivemartialarts.com.au/product/inosanto-definitive-collection-volume-5-dumog/	https://progressivemartialarts.com.au/wp-content/uploads/2022/10/PMA-logo-2020-12.png
https://progressivemartialarts.com.au/product/inosanto-definitive-collection-volume-6-single-stick/	https://firstsight.design/cherie/beauty/wp-content/uploads/2020/10/Shopping-Cart.svg
https://progressivemartialarts.com.au/product/inosanto-definitive-collection-volume-6-single-stick/	https://progressivemartialarts.com.au/wp-content/uploads/2022/10/2012-10-Abecedario-600x1009.jpg
https://progressivemartialarts.com.au/product/inosanto-definitive-collection-volume-6-single-stick/	https://progressivemartialarts.com.au/wp-content/uploads/2022/10/2014-14-Jun-FanJKD-600x955.jpg
https://progressivemartialarts.com.au/product/inosanto-definitive-collection-volume-6-single-stick/	https://progressivemartialarts.com.au/wp-content/uploads/2022/10/Definitive_06_2048x2048_e96fe386-7c89-489d-b6dc-9c105f6b18eb.jpg
https://progressivemartialarts.com.au/product/inosanto-definitive-collection-volume-6-single-stick/	https://progressivemartialarts.com.au/wp-content/uploads/2022/10/PMA-logo-2020-11250X60-11.png
https://progressivemartialarts.com.au/product/inosanto-definitive-collection-volume-6-single-stick/	https://progressivemartialarts.com.au/wp-content/uploads/2022/10/PMA-logo-2020-12.png
https://progressivemartialarts.com.au/product/inosanto-definitive-collection-volume-6-single-stick/	https://progressivemartialarts.com.au/wp-content/uploads/2026/04/2013-08-Panantukan-600x985.jpg
https://progressivemartialarts.com.au/product/inosanto-definitive-collection-volume-6-single-stick/	https://progressivemartialarts.com.au/wp-content/uploads/2026/04/2013-15-Disarms-600x978.jpg
https://progressivemartialarts.com.au/product/inosanto-definitive-collection-volume-7-stick-and-dagger/	https://firstsight.design/cherie/beauty/wp-content/uploads/2020/10/Shopping-Cart.svg
https://progressivemartialarts.com.au/product/inosanto-definitive-collection-volume-7-stick-and-dagger/	https://progressivemartialarts.com.au/wp-content/uploads/2022/10/2012-13-Mixed-Arts-2-disc-600x1002.jpg
https://progressivemartialarts.com.au/product/inosanto-definitive-collection-volume-7-stick-and-dagger/	https://progressivemartialarts.com.au/wp-content/uploads/2022/10/2014-06-Silat-Camp.1.jpg
https://progressivemartialarts.com.au/product/inosanto-definitive-collection-volume-7-stick-and-dagger/	https://progressivemartialarts.com.au/wp-content/uploads/2022/10/Definitive_07_2048x2048_2700dd68-3193-43dd-8ce4-0dbf713d57d8.jpg
https://progressivemartialarts.com.au/product/inosanto-definitive-collection-volume-7-stick-and-dagger/	https://progressivemartialarts.com.au/wp-content/uploads/2022/10/PMA-logo-2020-11250X60-11.png
https://progressivemartialarts.com.au/product/inosanto-definitive-collection-volume-7-stick-and-dagger/	https://progressivemartialarts.com.au/wp-content/uploads/2022/10/PMA-logo-2020-12.png
https://progressivemartialarts.com.au/product/inosanto-definitive-collection-volume-7-stick-and-dagger/	https://progressivemartialarts.com.au/wp-content/uploads/2022/10/image_c19290ca-0a86-4486-9ba2-9be9b933912a.png
https://progressivemartialarts.com.au/product/inosanto-definitive-collection-volume-7-stick-and-dagger/	https://progressivemartialarts.com.au/wp-content/uploads/2026/04/2019-16-Weaponry-1-600x858.jpg
https://progressivemartialarts.com.au/product/inosanto-definitive-collection-volume-8-edged-weapons-defense-1/	https://firstsight.design/cherie/beauty/wp-content/uploads/2020/10/Shopping-Cart.svg
https://progressivemartialarts.com.au/product/inosanto-definitive-collection-volume-8-edged-weapons-defense-1/	https://progressivemartialarts.com.au/wp-content/uploads/2022/10/2012-06-Silat-Camp.1-copy.jpg
https://progressivemartialarts.com.au/product/inosanto-definitive-collection-volume-8-edged-weapons-defense-1/	https://progressivemartialarts.com.au/wp-content/uploads/2022/10/Definitive_08_2048x2048_d31debb9-3c44-4e27-82ce-7c063d6fe21b.jpg
https://progressivemartialarts.com.au/product/inosanto-definitive-collection-volume-8-edged-weapons-defense-1/	https://progressivemartialarts.com.au/wp-content/uploads/2022/10/PMA-logo-2020-11250X60-11.png
https://progressivemartialarts.com.au/product/inosanto-definitive-collection-volume-8-edged-weapons-defense-1/	https://progressivemartialarts.com.au/wp-content/uploads/2022/10/PMA-logo-2020-12.png
https://progressivemartialarts.com.au/product/inosanto-definitive-collection-volume-8-edged-weapons-defense-1/	https://progressivemartialarts.com.au/wp-content/uploads/2022/10/blades-004_360x_a81732c8-99d6-4ee9-beb1-63dc64f0eb9c.jpg
https://progressivemartialarts.com.au/product/inosanto-definitive-collection-volume-8-edged-weapons-defense-1/	https://progressivemartialarts.com.au/wp-content/uploads/2022/10/image_c19290ca-0a86-4486-9ba2-9be9b933912a.png
https://progressivemartialarts.com.au/product/inosanto-definitive-collection-volume-8-edged-weapons-defense-1/	https://progressivemartialarts.com.au/wp-content/uploads/2026/04/2019-16-Weaponry-1-600x858.jpg
https://progressivemartialarts.com.au/product/inosanto-definitive-collection-volume-9-edged-weapons-defense-2/	https://firstsight.design/cherie/beauty/wp-content/uploads/2020/10/Shopping-Cart.svg
https://progressivemartialarts.com.au/product/inosanto-definitive-collection-volume-9-edged-weapons-defense-2/	https://progressivemartialarts.com.au/wp-content/uploads/2022/10/Definitive_09_2048x2048_b634c804-7921-4db2-b72d-a25dc861165a.jpg
https://progressivemartialarts.com.au/product/inosanto-definitive-collection-volume-9-edged-weapons-defense-2/	https://progressivemartialarts.com.au/wp-content/uploads/2022/10/PMA-logo-2020-11250X60-11.png
https://progressivemartialarts.com.au/product/inosanto-definitive-collection-volume-9-edged-weapons-defense-2/	https://progressivemartialarts.com.au/wp-content/uploads/2022/10/PMA-logo-2020-12.png
https://progressivemartialarts.com.au/product/inosanto-definitive-collection-volume-9-edged-weapons-defense-2/	https://progressivemartialarts.com.au/wp-content/uploads/2022/10/Training-Dagger-02-600x450.jpg
https://progressivemartialarts.com.au/product/inosanto-definitive-collection-volume-9-edged-weapons-defense-2/	https://progressivemartialarts.com.au/wp-content/uploads/2022/10/Training-Dagger-03-600x450.jpg
https://progressivemartialarts.com.au/product/inosanto-definitive-collection-volume-9-edged-weapons-defense-2/	https://progressivemartialarts.com.au/wp-content/uploads/2022/10/image_c19290ca-0a86-4486-9ba2-9be9b933912a.png
https://progressivemartialarts.com.au/product/inosanto-definitive-collection-volume-9-edged-weapons-defense-2/	https://progressivemartialarts.com.au/wp-content/uploads/2026/04/2023-14-Mixed-day-2-1-600x830.jpg
https://progressivemartialarts.com.au/product/journal-of-the-unknown-soldier-michael-wise/	https://firstsight.design/cherie/beauty/wp-content/uploads/2020/10/Shopping-Cart.svg
https://progressivemartialarts.com.au/product/journal-of-the-unknown-soldier-michael-wise/	https://progressivemartialarts.com.au/wp-content/uploads/2022/10/121.jpg
https://progressivemartialarts.com.au/product/journal-of-the-unknown-soldier-michael-wise/	https://progressivemartialarts.com.au/wp-content/uploads/2022/10/124-600x831.jpg
https://progressivemartialarts.com.au/product/journal-of-the-unknown-soldier-michael-wise/	https://progressivemartialarts.com.au/wp-content/uploads/2022/10/PMA-logo-2020-11250X60-11.png
https://progressivemartialarts.com.au/product/journal-of-the-unknown-soldier-michael-wise/	https://progressivemartialarts.com.au/wp-content/uploads/2022/10/PMA-logo-2020-12.png
https://progressivemartialarts.com.au/product/journal-of-the-unknown-soldier-michael-wise/	https://progressivemartialarts.com.au/wp-content/uploads/2022/10/Wise-Sheperd-cover-600x953.jpg
https://progressivemartialarts.com.au/product/journal-of-the-unknown-soldier-michael-wise/	https://progressivemartialarts.com.au/wp-content/uploads/2022/10/fong-book_360x_a71ad87f-c701-4e8e-b028-c11666e78792.jpg
https://progressivemartialarts.com.au/product/journal-of-the-unknown-soldier-michael-wise/	https://progressivemartialarts.com.au/wp-content/uploads/woocommerce-placeholder.webp
https://progressivemartialarts.com.au/product/kick-shield-dummy-for-self-defense-punch-brand/	https://firstsight.design/cherie/beauty/wp-content/uploads/2020/10/Shopping-Cart.svg
https://progressivemartialarts.com.au/product/kick-shield-dummy-for-self-defense-punch-brand/	https://progressivemartialarts.com.au/wp-content/uploads/2022/10/PMA-logo-2020-11250X60-11.png
https://progressivemartialarts.com.au/product/kick-shield-dummy-for-self-defense-punch-brand/	https://progressivemartialarts.com.au/wp-content/uploads/2022/10/PMA-logo-2020-12.png
https://progressivemartialarts.com.au/product/kick-shield-dummy-for-self-defense-punch-brand/	https://progressivemartialarts.com.au/wp-content/uploads/2022/10/image_2d3d4dd2-1b08-4aa5-8b47-ff2afbb0550c.png
https://progressivemartialarts.com.au/product/kick-shield-dummy-for-self-defense-punch-brand/	https://progressivemartialarts.com.au/wp-content/uploads/2022/10/punch-hand-wraps-e1778715967245.jpg
https://progressivemartialarts.com.au/product/kick-shield-dummy-for-self-defense-punch-brand/	https://progressivemartialarts.com.au/wp-content/uploads/2023/02/34B25B94-D443-4893-BCB2-AE38065A234A-600x732.jpeg
https://progressivemartialarts.com.au/product/kick-shield-dummy-for-self-defense-punch-brand/	https://progressivemartialarts.com.au/wp-content/uploads/2023/02/Dagger-Bag-Gold.jpeg
https://progressivemartialarts.com.au/product/kick-shield-dummy-for-self-defense-punch-brand/	https://progressivemartialarts.com.au/wp-content/uploads/2023/08/IMG_2963-scaled.jpeg
https://progressivemartialarts.com.au/product/kick-shield-dummy-for-self-defense-punch-brand/	https://progressivemartialarts.com.au/wp-content/uploads/2023/08/IMG_2969-scaled.jpeg
https://progressivemartialarts.com.au/product/lameco-hand-guard-priced-individually/	https://firstsight.design/cherie/beauty/wp-content/uploads/2020/10/Shopping-Cart.svg
https://progressivemartialarts.com.au/product/lameco-hand-guard-priced-individually/	https://progressivemartialarts.com.au/wp-content/uploads/2022/10/PMA-logo-2020-11250X60-11.png
https://progressivemartialarts.com.au/product/lameco-hand-guard-priced-individually/	https://progressivemartialarts.com.au/wp-content/uploads/2022/10/PMA-logo-2020-12.png
https://progressivemartialarts.com.au/product/lameco-hand-guard-priced-individually/	https://progressivemartialarts.com.au/wp-content/uploads/2022/10/Padded-Dagger.1-copy-600x129.jpeg
https://progressivemartialarts.com.au/product/lameco-hand-guard-priced-individually/	https://progressivemartialarts.com.au/wp-content/uploads/2022/10/image_d2a89c11-6959-4553-b418-dbe4e42924ef.png
https://progressivemartialarts.com.au/product/lameco-hand-guard-priced-individually/	https://progressivemartialarts.com.au/wp-content/uploads/2022/10/products_training_dagger_360x_22c58b36-189d-43ca-9c01-b4dad2391a20.jpg
https://progressivemartialarts.com.au/product/lameco-hand-guard-priced-individually/	https://progressivemartialarts.com.au/wp-content/uploads/2023/02/34B25B94-D443-4893-BCB2-AE38065A234A-600x732.jpeg
https://progressivemartialarts.com.au/product/lameco-hand-guard-priced-individually/	https://progressivemartialarts.com.au/wp-content/uploads/2023/02/Lameco-Hand-Black.jpg
https://progressivemartialarts.com.au/product/lameco-hand-guard-priced-individually/	https://progressivemartialarts.com.au/wp-content/uploads/2023/02/Lameco-Hand-Blue.jpg
https://progressivemartialarts.com.au/product/lameco-hand-guard-priced-individually/	https://progressivemartialarts.com.au/wp-content/uploads/2023/02/Lameco-Hand-Red.jpg
https://progressivemartialarts.com.au/product/large-spattered-knives/	https://firstsight.design/cherie/beauty/wp-content/uploads/2020/10/Shopping-Cart.svg
https://progressivemartialarts.com.au/product/large-spattered-knives/	https://progressivemartialarts.com.au/wp-content/uploads/2022/10/Definitive_01_2048x2048_8f5b3c99-52db-47cc-bb4b-5d53337ceb9b-600x400.jpg
https://progressivemartialarts.com.au/product/large-spattered-knives/	https://progressivemartialarts.com.au/wp-content/uploads/2022/10/PMA-logo-2020-11250X60-11.png
https://progressivemartialarts.com.au/product/large-spattered-knives/	https://progressivemartialarts.com.au/wp-content/uploads/2022/10/PMA-logo-2020-12.png
https://progressivemartialarts.com.au/product/large-spattered-knives/	https://progressivemartialarts.com.au/wp-content/uploads/2025/08/IMG_9526-2-scaled.jpeg
https://progressivemartialarts.com.au/product/large-spattered-knives/	https://progressivemartialarts.com.au/wp-content/uploads/2025/08/IMG_9527-2-scaled.jpeg
https://progressivemartialarts.com.au/product/large-spattered-knives/	https://progressivemartialarts.com.au/wp-content/uploads/2025/08/IMG_9530-2-scaled.jpeg
https://progressivemartialarts.com.au/product/large-spattered-knives/	https://progressivemartialarts.com.au/wp-content/uploads/2025/08/IMG_9531-2-scaled.jpeg
https://progressivemartialarts.com.au/product/large-spattered-knives/	https://progressivemartialarts.com.au/wp-content/uploads/2025/08/IMG_9543-2-scaled.jpeg
https://progressivemartialarts.com.au/product/large-spattered-knives/	https://progressivemartialarts.com.au/wp-content/uploads/2025/08/IMG_9545-2-600x800.jpeg
https://progressivemartialarts.com.au/product/large-spattered-knives/	https://progressivemartialarts.com.au/wp-content/uploads/2026/04/2017-09-Staff-day-2-1-600x800.jpg
https://progressivemartialarts.com.au/product/large-spattered-knives/	https://progressivemartialarts.com.au/wp-content/uploads/2026/04/2017-17-Weaponry-Disarms-1-600x845.jpg
https://progressivemartialarts.com.au/product/long-pants-progressive-martial-arts/	https://firstsight.design/cherie/beauty/wp-content/uploads/2020/10/Shopping-Cart.svg
https://progressivemartialarts.com.au/product/long-pants-progressive-martial-arts/	https://progressivemartialarts.com.au/wp-content/uploads/2022/10/2016-australian-tour-shirt-2.jpg
https://progressivemartialarts.com.au/product/long-pants-progressive-martial-arts/	https://progressivemartialarts.com.au/wp-content/uploads/2022/10/IAMA-Hoodie-BandG-e1781059471389.jpeg
https://progressivemartialarts.com.au/product/long-pants-progressive-martial-arts/	https://progressivemartialarts.com.au/wp-content/uploads/2022/10/IAMA-Spaghetti.jpeg
https://progressivemartialarts.com.au/product/long-pants-progressive-martial-arts/	https://progressivemartialarts.com.au/wp-content/uploads/2022/10/PMA-logo-2020-11250X60-11.png
https://progressivemartialarts.com.au/product/long-pants-progressive-martial-arts/	https://progressivemartialarts.com.au/wp-content/uploads/2022/10/PMA-logo-2020-12.png
https://progressivemartialarts.com.au/product/long-pants-progressive-martial-arts/	https://progressivemartialarts.com.au/wp-content/uploads/2022/10/Tank-Lacoste.jpeg
https://progressivemartialarts.com.au/product/long-pants-progressive-martial-arts/	https://progressivemartialarts.com.au/wp-content/uploads/2022/10/progressive-martial-arts-gi-pants-1-e1779165833537.jpg
https://progressivemartialarts.com.au/product/long-sleeve-absorb-what-is-useful-baseball-shirt-black-gray/	https://firstsight.design/cherie/beauty/wp-content/uploads/2020/10/Shopping-Cart.svg
https://progressivemartialarts.com.au/product/long-sleeve-absorb-what-is-useful-baseball-shirt-black-gray/	https://progressivemartialarts.com.au/wp-content/uploads/2022/10/PMA-logo-2020-11250X60-11.png
https://progressivemartialarts.com.au/product/long-sleeve-absorb-what-is-useful-baseball-shirt-black-gray/	https://progressivemartialarts.com.au/wp-content/uploads/2022/10/PMA-logo-2020-12.png
https://progressivemartialarts.com.au/product/long-sleeve-absorb-what-is-useful-baseball-shirt-black-gray/	https://progressivemartialarts.com.au/wp-content/uploads/2022/10/baseball-absorb-black-grey-store_360x_ffca1cc8-90ef-4233-861d-f21c71234481.jpg
https://progressivemartialarts.com.au/product/long-sleeve-absorb-what-is-useful-baseball-shirt-black-gray/	https://progressivemartialarts.com.au/wp-content/uploads/2022/10/clothing_shirt_lacoste_360x_a3833f47-f884-4561-9559-4cb5582bdfa0.jpg
https://progressivemartialarts.com.au/product/long-sleeve-absorb-what-is-useful-baseball-shirt-black-gray/	https://progressivemartialarts.com.au/wp-content/uploads/2022/10/inosanto-kali-t-shirt-e1776903428142.jpg
https://progressivemartialarts.com.au/product/long-sleeve-absorb-what-is-useful-baseball-shirt-black-gray/	https://progressivemartialarts.com.au/wp-content/uploads/2023/02/TBA-new-back.1-600x589.jpeg
https://progressivemartialarts.com.au/product/long-sleeve-absorb-what-is-useful-baseball-shirt-black-gray/	https://progressivemartialarts.com.au/wp-content/uploads/2026/04/TBA-Old-back-600x800.jpeg
https://progressivemartialarts.com.au/product/long-sleeve-absorb-what-is-useful-baseball-shirt-blue-gold/	https://firstsight.design/cherie/beauty/wp-content/uploads/2020/10/Shopping-Cart.svg
https://progressivemartialarts.com.au/product/long-sleeve-absorb-what-is-useful-baseball-shirt-blue-gold/	https://progressivemartialarts.com.au/wp-content/uploads/2022/10/PMA-logo-2020-11250X60-11.png
https://progressivemartialarts.com.au/product/long-sleeve-absorb-what-is-useful-baseball-shirt-blue-gold/	https://progressivemartialarts.com.au/wp-content/uploads/2022/10/PMA-logo-2020-12.png
https://progressivemartialarts.com.au/product/long-sleeve-absorb-what-is-useful-baseball-shirt-blue-gold/	https://progressivemartialarts.com.au/wp-content/uploads/2022/10/baseball-absorb-blue-gold-back_360x_38581d52-22ad-4913-8bb0-556736740701.jpg
https://progressivemartialarts.com.au/product/long-sleeve-absorb-what-is-useful-baseball-shirt-blue-gold/	https://progressivemartialarts.com.au/wp-content/uploads/2022/10/baseball-absorb-blue-gold-front_360x_ce6cd087-2dde-4485-ab52-685c651bf450.jpg
https://progressivemartialarts.com.au/product/long-sleeve-absorb-what-is-useful-baseball-shirt-blue-gold/	https://progressivemartialarts.com.au/wp-content/uploads/2022/10/inosanto-academy-long-sleeve-rash-vest.jpg
https://progressivemartialarts.com.au/product/long-sleeve-absorb-what-is-useful-baseball-shirt-blue-gold/	https://progressivemartialarts.com.au/wp-content/uploads/2023/02/C5ECE951-DB5E-4594-8C6A-B3E460F94CDD-600x363.jpeg
https://progressivemartialarts.com.au/product/long-sleeve-absorb-what-is-useful-baseball-shirt-blue-gold/	https://progressivemartialarts.com.au/wp-content/uploads/2023/02/IMG2472.jpg
https://progressivemartialarts.com.au/product/long-sleeve-absorb-what-is-useful-baseball-shirt-blue-gold/	https://progressivemartialarts.com.au/wp-content/uploads/2026/04/TBA-Old-back-600x800.jpeg
https://progressivemartialarts.com.au/product/long-sleeve-inosanto-academy-sport-tek-members-baseball-jersey/	https://firstsight.design/cherie/beauty/wp-content/uploads/2020/10/Shopping-Cart.svg
https://progressivemartialarts.com.au/product/long-sleeve-inosanto-academy-sport-tek-members-baseball-jersey/	https://progressivemartialarts.com.au/wp-content/uploads/2022/10/PMA-logo-2020-11250X60-11.png
https://progressivemartialarts.com.au/product/long-sleeve-inosanto-academy-sport-tek-members-baseball-jersey/	https://progressivemartialarts.com.au/wp-content/uploads/2022/10/PMA-logo-2020-12.png
https://progressivemartialarts.com.au/product/long-sleeve-inosanto-academy-sport-tek-members-baseball-jersey/	https://progressivemartialarts.com.au/wp-content/uploads/2022/10/baseball-absorb-black-grey-store_360x_ffca1cc8-90ef-4233-861d-f21c71234481.jpg
https://progressivemartialarts.com.au/product/long-sleeve-inosanto-academy-sport-tek-members-baseball-jersey/	https://progressivemartialarts.com.au/wp-content/uploads/2022/10/inosanto-weapons-t-shirt-e1776906479826.jpg
https://progressivemartialarts.com.au/product/long-sleeve-inosanto-academy-sport-tek-members-baseball-jersey/	https://progressivemartialarts.com.au/wp-content/uploads/2022/10/shirt-sporttek-baseball-silver-black-back_360x_04f5c3a6-1b58-46ec-80ce-2477f480ac48.jpg
https://progressivemartialarts.com.au/product/long-sleeve-inosanto-academy-sport-tek-members-baseball-jersey/	https://progressivemartialarts.com.au/wp-content/uploads/2022/10/shirt-sporttek-baseball-silver-black-front_360x_b0ca8d88-8f6a-499a-a75a-3dc2d79a69e0.jpg
https://progressivemartialarts.com.au/product/long-sleeve-inosanto-academy-sport-tek-members-baseball-jersey/	https://progressivemartialarts.com.au/wp-content/uploads/2022/10/tshirt-legends-15-front-250_2048x2048_b7e67ca9-27ec-4d10-b37c-79a81b72a14b_360x.jpg
https://progressivemartialarts.com.au/product/long-sleeve-inosanto-academy-sport-tek-members-baseball-jersey/	https://progressivemartialarts.com.au/wp-content/uploads/2026/04/TBA-Old-back-600x800.jpeg
https://progressivemartialarts.com.au/product/machado-5-machado-brothers-seminar-4-dvd-set/	https://firstsight.design/cherie/beauty/wp-content/uploads/2020/10/Shopping-Cart.svg
https://progressivemartialarts.com.au/product/machado-5-machado-brothers-seminar-4-dvd-set/	https://progressivemartialarts.com.au/wp-content/uploads/2022/10/2012-11-Pangamut-600x1074.jpg
https://progressivemartialarts.com.au/product/machado-5-machado-brothers-seminar-4-dvd-set/	https://progressivemartialarts.com.au/wp-content/uploads/2022/10/2012-12-Thai-Boxing-600x1056.jpg
https://progressivemartialarts.com.au/product/machado-5-machado-brothers-seminar-4-dvd-set/	https://progressivemartialarts.com.au/wp-content/uploads/2022/10/PMA-logo-2020-11250X60-11.png
https://progressivemartialarts.com.au/product/machado-5-machado-brothers-seminar-4-dvd-set/	https://progressivemartialarts.com.au/wp-content/uploads/2022/10/PMA-logo-2020-12.png
https://progressivemartialarts.com.au/product/machado-5-machado-brothers-seminar-4-dvd-set/	https://progressivemartialarts.com.au/wp-content/uploads/2022/10/dvd-bolt-wrestling_360x_2773eba6-7a00-4d66-9287-70cd0c021687.jpg
https://progressivemartialarts.com.au/product/machado-5-machado-brothers-seminar-4-dvd-set/	https://progressivemartialarts.com.au/wp-content/uploads/2022/10/dvd_machado_seminar_2008_360x_2ddbd4b2-e664-4ba9-a206-31ae86b47658.jpg
https://progressivemartialarts.com.au/product/machado-5-machado-brothers-seminar-4-dvd-set/	https://progressivemartialarts.com.au/wp-content/uploads/2026/04/2013-14-Jun-FanJKD-600x997.jpg
https://progressivemartialarts.com.au/product/martial-arts-masters-3-dvd-set/	https://firstsight.design/cherie/beauty/wp-content/uploads/2020/10/Shopping-Cart.svg
https://progressivemartialarts.com.au/product/martial-arts-masters-3-dvd-set/	https://progressivemartialarts.com.au/wp-content/uploads/2022/10/PMA-logo-2020-11250X60-11.png
https://progressivemartialarts.com.au/product/martial-arts-masters-3-dvd-set/	https://progressivemartialarts.com.au/wp-content/uploads/2022/10/PMA-logo-2020-12.png
https://progressivemartialarts.com.au/product/martial-arts-masters-3-dvd-set/	https://progressivemartialarts.com.au/wp-content/uploads/2022/10/Shorts-Black-Gold.jpg
https://progressivemartialarts.com.au/product/martial-arts-masters-3-dvd-set/	https://progressivemartialarts.com.au/wp-content/uploads/2022/10/dvd_martialartsmasters_360x_5753665b-b61d-4e0d-9a21-1c791014dcd7.jpg
https://progressivemartialarts.com.au/product/martial-arts-masters-3-dvd-set/	https://progressivemartialarts.com.au/wp-content/uploads/2022/10/image_ee55cf16-67e0-4932-b41c-cdb2860b1328-e1781059334221-600x960.jpg
https://progressivemartialarts.com.au/product/martial-arts-masters-3-dvd-set/	https://progressivemartialarts.com.au/wp-content/uploads/2026/04/2018-13-Mixed-Arts-day-1-600x853.jpg
https://progressivemartialarts.com.au/product/martial-arts-masters-3-dvd-set/	https://progressivemartialarts.com.au/wp-content/uploads/2026/06/Rashguard-Black-wRed-600x450.webp
https://progressivemartialarts.com.au/product/padded-knife-small/	https://firstsight.design/cherie/beauty/wp-content/uploads/2020/10/Shopping-Cart.svg
https://progressivemartialarts.com.au/product/padded-knife-small/	https://progressivemartialarts.com.au/wp-content/uploads/2022/10/2012-14-Silat-600x922.jpg
https://progressivemartialarts.com.au/product/padded-knife-small/	https://progressivemartialarts.com.au/wp-content/uploads/2022/10/2014-05-Disarms-600x924.jpg
https://progressivemartialarts.com.au/product/padded-knife-small/	https://progressivemartialarts.com.au/wp-content/uploads/2022/10/Definitive_01_2048x2048_8f5b3c99-52db-47cc-bb4b-5d53337ceb9b-600x400.jpg
https://progressivemartialarts.com.au/product/padded-knife-small/	https://progressivemartialarts.com.au/wp-content/uploads/2022/10/PMA-logo-2020-11250X60-11.png
https://progressivemartialarts.com.au/product/padded-knife-small/	https://progressivemartialarts.com.au/wp-content/uploads/2022/10/PMA-logo-2020-12.png
https://progressivemartialarts.com.au/product/padded-knife-small/	https://progressivemartialarts.com.au/wp-content/uploads/2022/10/Padded-Dagger.1-copy.jpeg
https://progressivemartialarts.com.au/product/padded-knife-small/	https://progressivemartialarts.com.au/wp-content/uploads/2022/10/dagger-bca_360x_895a535c-d41f-41d7-9faa-afbe3d50093b.jpg
https://progressivemartialarts.com.au/product/padded-sticks-lameco-brand/	https://firstsight.design/cherie/beauty/wp-content/uploads/2020/10/Shopping-Cart.svg
https://progressivemartialarts.com.au/product/padded-sticks-lameco-brand/	https://progressivemartialarts.com.au/wp-content/uploads/2022/10/PMA-logo-2020-11250X60-11.png
https://progressivemartialarts.com.au/product/padded-sticks-lameco-brand/	https://progressivemartialarts.com.au/wp-content/uploads/2022/10/PMA-logo-2020-12.png
https://progressivemartialarts.com.au/product/padded-sticks-lameco-brand/	https://progressivemartialarts.com.au/wp-content/uploads/2022/10/Padded-Sticks-all-3-scaled.jpg
https://progressivemartialarts.com.au/product/padded-sticks-lameco-brand/	https://progressivemartialarts.com.au/wp-content/uploads/2022/10/duffel_bag_360x_1a306b9c-f46f-491b-9d77-8ad7fe888763.jpg
https://progressivemartialarts.com.au/product/padded-sticks-lameco-brand/	https://progressivemartialarts.com.au/wp-content/uploads/2022/10/products_training_dagger_360x_22c58b36-189d-43ca-9c01-b4dad2391a20.jpg
https://progressivemartialarts.com.au/product/padded-sticks-lameco-brand/	https://progressivemartialarts.com.au/wp-content/uploads/2023/02/34B25B94-D443-4893-BCB2-AE38065A234A-600x732.jpeg
https://progressivemartialarts.com.au/product/padded-sticks-lameco-brand/	https://progressivemartialarts.com.au/wp-content/uploads/2025/04/IMG_1254-600x800.jpg
https://progressivemartialarts.com.au/product/punch-deluxe-thai-style-anklets/	https://firstsight.design/cherie/beauty/wp-content/uploads/2020/10/Shopping-Cart.svg
https://progressivemartialarts.com.au/product/punch-deluxe-thai-style-anklets/	https://progressivemartialarts.com.au/wp-content/uploads/2022/10/2016-australian-tour-singlet-600x600.jpg
https://progressivemartialarts.com.au/product/punch-deluxe-thai-style-anklets/	https://progressivemartialarts.com.au/wp-content/uploads/2022/10/Gi-Patch-IAMA-Large-600x572.jpg
https://progressivemartialarts.com.au/product/punch-deluxe-thai-style-anklets/	https://progressivemartialarts.com.au/wp-content/uploads/2022/10/IAMA-Hoodie-BandG-e1781059471389.jpeg
https://progressivemartialarts.com.au/product/punch-deluxe-thai-style-anklets/	https://progressivemartialarts.com.au/wp-content/uploads/2022/10/PMA-logo-2020-11250X60-11.png
https://progressivemartialarts.com.au/product/punch-deluxe-thai-style-anklets/	https://progressivemartialarts.com.au/wp-content/uploads/2022/10/PMA-logo-2020-12.png
https://progressivemartialarts.com.au/product/punch-deluxe-thai-style-anklets/	https://progressivemartialarts.com.au/wp-content/uploads/2022/10/punch-ankle-support.jpg
https://progressivemartialarts.com.au/product/punch-deluxe-thai-style-anklets/	https://progressivemartialarts.com.au/wp-content/uploads/2026/06/Rashguard-Black-wRed-600x450.webp
https://progressivemartialarts.com.au/product/rash-guard-inosanto-academy-long-sleeve/	https://firstsight.design/cherie/beauty/wp-content/uploads/2020/10/Shopping-Cart.svg
https://progressivemartialarts.com.au/product/rash-guard-inosanto-academy-long-sleeve/	https://progressivemartialarts.com.au/wp-content/uploads/2022/10/PMA-logo-2020-11250X60-11.png
https://progressivemartialarts.com.au/product/rash-guard-inosanto-academy-long-sleeve/	https://progressivemartialarts.com.au/wp-content/uploads/2022/10/PMA-logo-2020-12.png
https://progressivemartialarts.com.au/product/rash-guard-inosanto-academy-long-sleeve/	https://progressivemartialarts.com.au/wp-content/uploads/2022/10/inosanto-academy-long-sleeve-rash-vest.jpg
https://progressivemartialarts.com.au/product/rash-guard-inosanto-academy-long-sleeve/	https://progressivemartialarts.com.au/wp-content/uploads/2022/10/shirt-sporttek-baseball-silver-black-front_360x_b0ca8d88-8f6a-499a-a75a-3dc2d79a69e0.jpg
https://progressivemartialarts.com.au/product/rash-guard-inosanto-academy-long-sleeve/	https://progressivemartialarts.com.au/wp-content/uploads/2023/02/C65AF0D5-9470-4E7D-BF2B-2298FA8A4EFD_1_105_c-600x821.jpeg
https://progressivemartialarts.com.au/product/rash-guard-inosanto-academy-long-sleeve/	https://progressivemartialarts.com.au/wp-content/uploads/2023/02/IMG2476.jpg
https://progressivemartialarts.com.au/product/rash-guard-inosanto-academy-long-sleeve/	https://progressivemartialarts.com.au/wp-content/uploads/2026/06/Rashguard-Black-wRed-600x450.webp
https://progressivemartialarts.com.au/product/rash-guard-inosanto-academy-short-sleeve/	https://firstsight.design/cherie/beauty/wp-content/uploads/2020/10/Shopping-Cart.svg
https://progressivemartialarts.com.au/product/rash-guard-inosanto-academy-short-sleeve/	https://progressivemartialarts.com.au/wp-content/uploads/2022/10/PMA-logo-2020-11250X60-11.png
https://progressivemartialarts.com.au/product/rash-guard-inosanto-academy-short-sleeve/	https://progressivemartialarts.com.au/wp-content/uploads/2022/10/PMA-logo-2020-12.png
https://progressivemartialarts.com.au/product/rash-guard-inosanto-academy-short-sleeve/	https://progressivemartialarts.com.au/wp-content/uploads/2022/10/Training-Dagger-02-600x450.jpg
https://progressivemartialarts.com.au/product/rash-guard-inosanto-academy-short-sleeve/	https://progressivemartialarts.com.au/wp-content/uploads/2022/10/image_101cf205-3dba-4154-921f-ca5465f14fc7-600x722.jpg
https://progressivemartialarts.com.au/product/rash-guard-inosanto-academy-short-sleeve/	https://progressivemartialarts.com.au/wp-content/uploads/2022/10/inosanto-academy-short-sleeve-rash-vest-e1778982686103.jpg
https://progressivemartialarts.com.au/product/rash-guard-inosanto-academy-short-sleeve/	https://progressivemartialarts.com.au/wp-content/uploads/2023/02/C5ECE951-DB5E-4594-8C6A-B3E460F94CDD-600x363.jpeg
https://progressivemartialarts.com.au/product/rash-guard-inosanto-academy-short-sleeve/	https://progressivemartialarts.com.au/wp-content/uploads/2026/06/IMG_4782-600x715.jpg
https://progressivemartialarts.com.au/product/rash-guard-jean-jacques-machado-short-sleeve/	https://firstsight.design/cherie/beauty/wp-content/uploads/2020/10/Shopping-Cart.svg
https://progressivemartialarts.com.au/product/rash-guard-jean-jacques-machado-short-sleeve/	https://progressivemartialarts.com.au/wp-content/uploads/2022/10/PMA-logo-2020-11250X60-11.png
https://progressivemartialarts.com.au/product/rash-guard-jean-jacques-machado-short-sleeve/	https://progressivemartialarts.com.au/wp-content/uploads/2022/10/PMA-logo-2020-12.png
https://progressivemartialarts.com.au/product/rash-guard-jean-jacques-machado-short-sleeve/	https://progressivemartialarts.com.au/wp-content/uploads/2022/10/baseball-absorb-blue-gold-front_360x_ce6cd087-2dde-4485-ab52-685c651bf450.jpg
https://progressivemartialarts.com.au/product/rash-guard-jean-jacques-machado-short-sleeve/	https://progressivemartialarts.com.au/wp-content/uploads/2022/10/inosanto-academy-long-sleeve-rash-vest.jpg
https://progressivemartialarts.com.au/product/rash-guard-jean-jacques-machado-short-sleeve/	https://progressivemartialarts.com.au/wp-content/uploads/2023/02/University-T-Black-white-600x823.jpg
https://progressivemartialarts.com.au/product/rash-guard-jean-jacques-machado-short-sleeve/	https://progressivemartialarts.com.au/wp-content/uploads/2026/06/IMG_4787-600x1065.jpg
https://progressivemartialarts.com.au/product/rash-guard-jean-jacques-machado-short-sleeve/	https://progressivemartialarts.com.au/wp-content/uploads/2026/06/Rashguard-Black-wRed.webp
https://progressivemartialarts.com.au/product/revgear-shorts/	https://firstsight.design/cherie/beauty/wp-content/uploads/2020/10/Shopping-Cart.svg
https://progressivemartialarts.com.au/product/revgear-shorts/	https://progressivemartialarts.com.au/wp-content/uploads/2022/10/IAMA-Spaghetti.jpeg
https://progressivemartialarts.com.au/product/revgear-shorts/	https://progressivemartialarts.com.au/wp-content/uploads/2022/10/PMA-logo-2020-11250X60-11.png
https://progressivemartialarts.com.au/product/revgear-shorts/	https://progressivemartialarts.com.au/wp-content/uploads/2022/10/PMA-logo-2020-12.png
https://progressivemartialarts.com.au/product/revgear-shorts/	https://progressivemartialarts.com.au/wp-content/uploads/2022/10/Shorts-Black-Red-Gold.jpg.jpeg
https://progressivemartialarts.com.au/product/revgear-shorts/	https://progressivemartialarts.com.au/wp-content/uploads/2022/10/inosanto-weapons-t-shirt-e1776906479826.jpg
https://progressivemartialarts.com.au/product/revgear-shorts/	https://progressivemartialarts.com.au/wp-content/uploads/2023/02/IMG2488.jpg
https://progressivemartialarts.com.au/product/revgear-shorts/	https://progressivemartialarts.com.au/wp-content/uploads/2026/04/2018-13-Mixed-Arts-day-1-600x853.jpg
https://progressivemartialarts.com.au/product/sharkee-open-folder-plastic-training-knife/	https://firstsight.design/cherie/beauty/wp-content/uploads/2020/10/Shopping-Cart.svg
https://progressivemartialarts.com.au/product/sharkee-open-folder-plastic-training-knife/	https://progressivemartialarts.com.au/wp-content/uploads/2022/10/2012-10-Abecedario-600x1009.jpg
https://progressivemartialarts.com.au/product/sharkee-open-folder-plastic-training-knife/	https://progressivemartialarts.com.au/wp-content/uploads/2022/10/PMA-logo-2020-11250X60-11.png
https://progressivemartialarts.com.au/product/sharkee-open-folder-plastic-training-knife/	https://progressivemartialarts.com.au/wp-content/uploads/2022/10/PMA-logo-2020-12.png
https://progressivemartialarts.com.au/product/sharkee-open-folder-plastic-training-knife/	https://progressivemartialarts.com.au/wp-content/uploads/2022/10/image_c19290ca-0a86-4486-9ba2-9be9b933912a.png
https://progressivemartialarts.com.au/product/sharkee-open-folder-plastic-training-knife/	https://progressivemartialarts.com.au/wp-content/uploads/2022/10/products_training_dagger_360x_22c58b36-189d-43ca-9c01-b4dad2391a20.jpg
https://progressivemartialarts.com.au/product/sharkee-open-folder-plastic-training-knife/	https://progressivemartialarts.com.au/wp-content/uploads/2023/02/45234D57-5E37-4B14-81B1-61BBEB33CCD9-600x453.jpeg
https://progressivemartialarts.com.au/product/sharkee-open-folder-plastic-training-knife/	https://progressivemartialarts.com.au/wp-content/uploads/2026/04/2019-16-Weaponry-1-600x858.jpg
https://progressivemartialarts.com.au/product/sharkee-plastic-sparring-dagger/	https://firstsight.design/cherie/beauty/wp-content/uploads/2020/10/Shopping-Cart.svg
https://progressivemartialarts.com.au/product/sharkee-plastic-sparring-dagger/	https://progressivemartialarts.com.au/wp-content/uploads/2022/10/2012-13-Mixed-Arts-2-disc-600x1002.jpg
https://progressivemartialarts.com.au/product/sharkee-plastic-sparring-dagger/	https://progressivemartialarts.com.au/wp-content/uploads/2022/10/2015-08-ABC-3inch.jpg
https://progressivemartialarts.com.au/product/sharkee-plastic-sparring-dagger/	https://progressivemartialarts.com.au/wp-content/uploads/2022/10/PMA-logo-2020-11250X60-11.png
https://progressivemartialarts.com.au/product/sharkee-plastic-sparring-dagger/	https://progressivemartialarts.com.au/wp-content/uploads/2022/10/PMA-logo-2020-12.png
https://progressivemartialarts.com.au/product/sharkee-plastic-sparring-dagger/	https://progressivemartialarts.com.au/wp-content/uploads/2022/10/dagger-bca_360x_895a535c-d41f-41d7-9faa-afbe3d50093b.jpg
https://progressivemartialarts.com.au/product/sharkee-plastic-sparring-dagger/	https://progressivemartialarts.com.au/wp-content/uploads/2022/10/image_d2a89c11-6959-4553-b418-dbe4e42924ef.png
https://progressivemartialarts.com.au/product/sharkee-plastic-sparring-dagger/	https://progressivemartialarts.com.au/wp-content/uploads/2022/10/products_training_dagger_360x_22c58b36-189d-43ca-9c01-b4dad2391a20.jpg
https://progressivemartialarts.com.au/product/shorts-inosanto-academy-black-with-gold-logo/	https://firstsight.design/cherie/beauty/wp-content/uploads/2020/10/Shopping-Cart.svg
https://progressivemartialarts.com.au/product/shorts-inosanto-academy-black-with-gold-logo/	https://progressivemartialarts.com.au/wp-content/uploads/2022/10/PMA-logo-2020-11250X60-11.png
https://progressivemartialarts.com.au/product/shorts-inosanto-academy-black-with-gold-logo/	https://progressivemartialarts.com.au/wp-content/uploads/2022/10/PMA-logo-2020-12.png
https://progressivemartialarts.com.au/product/shorts-inosanto-academy-black-with-gold-logo/	https://progressivemartialarts.com.au/wp-content/uploads/2022/10/Shorts-Black-Gold.jpg
https://progressivemartialarts.com.au/product/shorts-inosanto-academy-black-with-gold-logo/	https://progressivemartialarts.com.au/wp-content/uploads/2022/10/Shorts-Black-Red-Gold.jpg.jpeg
https://progressivemartialarts.com.au/product/shorts-inosanto-academy-black-with-gold-logo/	https://progressivemartialarts.com.au/wp-content/uploads/2022/10/baseball-absorb-black-grey-store_360x_ffca1cc8-90ef-4233-861d-f21c71234481.jpg
https://progressivemartialarts.com.au/product/shorts-inosanto-academy-black-with-gold-logo/	https://progressivemartialarts.com.au/wp-content/uploads/2022/10/image_ee55cf16-67e0-4932-b41c-cdb2860b1328-e1781059334221-600x960.jpg
https://progressivemartialarts.com.au/product/shorts-inosanto-academy-black-with-gold-logo/	https://progressivemartialarts.com.au/wp-content/uploads/2022/10/inosanto-kali-singlet-e1776826437760.jpg
https://progressivemartialarts.com.au/product/shorts-inosanto-academy-black-with-red-and-gold-logo/	https://firstsight.design/cherie/beauty/wp-content/uploads/2020/10/Shopping-Cart.svg
https://progressivemartialarts.com.au/product/shorts-inosanto-academy-black-with-red-and-gold-logo/	https://progressivemartialarts.com.au/wp-content/uploads/2022/10/PMA-logo-2020-11250X60-11.png
https://progressivemartialarts.com.au/product/shorts-inosanto-academy-black-with-red-and-gold-logo/	https://progressivemartialarts.com.au/wp-content/uploads/2022/10/PMA-logo-2020-12.png
https://progressivemartialarts.com.au/product/shorts-inosanto-academy-black-with-red-and-gold-logo/	https://progressivemartialarts.com.au/wp-content/uploads/2022/10/Shorts-Black-Red-Gold.jpg.jpeg
https://progressivemartialarts.com.au/product/shorts-inosanto-academy-black-with-red-and-gold-logo/	https://progressivemartialarts.com.au/wp-content/uploads/2022/10/image_82fa5c0c-07d7-42de-b015-40813f3fb6bc-600x450.webp
https://progressivemartialarts.com.au/product/shorts-inosanto-academy-black-with-red-and-gold-logo/	https://progressivemartialarts.com.au/wp-content/uploads/2022/10/image_a4195139-19f7-4e88-b06d-55645ff4a91a-600x804.jpg
https://progressivemartialarts.com.au/product/shorts-inosanto-academy-black-with-red-and-gold-logo/	https://progressivemartialarts.com.au/wp-content/uploads/2022/10/inosanto-academy-long-sleeve-rash-vest.jpg
https://progressivemartialarts.com.au/product/shorts-inosanto-academy-black-with-red-and-gold-logo/	https://progressivemartialarts.com.au/wp-content/uploads/2022/10/progressive-martial-arts-gi-pants-1-e1779165833537.jpg
https://progressivemartialarts.com.au/product/shorts-inosanto-academy-black-with-white-logo/	https://firstsight.design/cherie/beauty/wp-content/uploads/2020/10/Shopping-Cart.svg
https://progressivemartialarts.com.au/product/shorts-inosanto-academy-black-with-white-logo/	https://progressivemartialarts.com.au/wp-content/uploads/2022/10/PMA-logo-2020-11250X60-11.png
https://progressivemartialarts.com.au/product/shorts-inosanto-academy-black-with-white-logo/	https://progressivemartialarts.com.au/wp-content/uploads/2022/10/PMA-logo-2020-12.png
https://progressivemartialarts.com.au/product/shorts-inosanto-academy-black-with-white-logo/	https://progressivemartialarts.com.au/wp-content/uploads/2022/10/image_ee55cf16-67e0-4932-b41c-cdb2860b1328-e1781059334221-600x960.jpg
https://progressivemartialarts.com.au/product/shorts-inosanto-academy-black-with-white-logo/	https://progressivemartialarts.com.au/wp-content/uploads/2023/02/Dagger-Bag-Gold.jpeg
https://progressivemartialarts.com.au/product/shorts-inosanto-academy-black-with-white-logo/	https://progressivemartialarts.com.au/wp-content/uploads/2025/12/Shorts-MMA-White.jpeg
https://progressivemartialarts.com.au/product/shorts-inosanto-academy-black-with-white-logo/	https://progressivemartialarts.com.au/wp-content/uploads/2026/04/2023-14-Mixed-day-2-1-600x830.jpg
https://progressivemartialarts.com.au/product/shorts-inosanto-academy-black-with-white-logo/	https://progressivemartialarts.com.au/wp-content/uploads/2026/04/2023-16-Silat-1-600x809.jpg
https://progressivemartialarts.com.au/product/shorts-inosanto-academy-board-shorts/	https://firstsight.design/cherie/beauty/wp-content/uploads/2020/10/Shopping-Cart.svg
https://progressivemartialarts.com.au/product/shorts-inosanto-academy-board-shorts/	https://progressivemartialarts.com.au/wp-content/uploads/2022/10/PMA-logo-2020-11250X60-11.png
https://progressivemartialarts.com.au/product/shorts-inosanto-academy-board-shorts/	https://progressivemartialarts.com.au/wp-content/uploads/2022/10/PMA-logo-2020-12.png
https://progressivemartialarts.com.au/product/shorts-inosanto-academy-board-shorts/	https://progressivemartialarts.com.au/wp-content/uploads/2022/10/Shorts-Black-Red-Gold.jpg.jpeg
https://progressivemartialarts.com.au/product/shorts-inosanto-academy-board-shorts/	https://progressivemartialarts.com.au/wp-content/uploads/2022/10/Shorts-MMA-Black-Gold.jpg.jpeg
https://progressivemartialarts.com.au/product/shorts-inosanto-academy-board-shorts/	https://progressivemartialarts.com.au/wp-content/uploads/2022/10/image_2c9cad20-3667-4fe1-81ae-4db152855d22-600x859.jpg
https://progressivemartialarts.com.au/product/shorts-inosanto-academy-board-shorts/	https://progressivemartialarts.com.au/wp-content/uploads/2022/10/image_ee55cf16-67e0-4932-b41c-cdb2860b1328-e1781059334221-600x960.jpg
https://progressivemartialarts.com.au/product/shorts-inosanto-academy-board-shorts/	https://progressivemartialarts.com.au/wp-content/uploads/2022/10/revgear-thai-shorts-various-colours-2.jpg
https://progressivemartialarts.com.au/product/shorts-thai-boxing-association-classic-logo/	https://firstsight.design/cherie/beauty/wp-content/uploads/2020/10/Shopping-Cart.svg
https://progressivemartialarts.com.au/product/shorts-thai-boxing-association-classic-logo/	https://progressivemartialarts.com.au/wp-content/uploads/2022/10/PMA-logo-2020-11250X60-11.png
https://progressivemartialarts.com.au/product/shorts-thai-boxing-association-classic-logo/	https://progressivemartialarts.com.au/wp-content/uploads/2022/10/PMA-logo-2020-12.png
https://progressivemartialarts.com.au/product/shorts-thai-boxing-association-classic-logo/	https://progressivemartialarts.com.au/wp-content/uploads/2022/10/Shorts-Black-Gold.jpg
https://progressivemartialarts.com.au/product/shorts-thai-boxing-association-classic-logo/	https://progressivemartialarts.com.au/wp-content/uploads/2022/10/WTBA-Shorts-classic.jpeg
https://progressivemartialarts.com.au/product/shorts-thai-boxing-association-classic-logo/	https://progressivemartialarts.com.au/wp-content/uploads/2023/08/IMG_2969-scaled-600x948.jpeg
https://progressivemartialarts.com.au/product/shorts-thai-boxing-association-classic-logo/	https://progressivemartialarts.com.au/wp-content/uploads/2026/04/2015-12-Thai-Boxing.1.jpg
https://progressivemartialarts.com.au/product/shorts-thai-boxing-association-classic-logo/	https://progressivemartialarts.com.au/wp-content/uploads/2026/04/2018-14-Mixed-Arts-day-2-1-600x794.jpg
https://progressivemartialarts.com.au/product/shorts-thai-boxing-shorts-revgear-various-colours/	https://firstsight.design/cherie/beauty/wp-content/uploads/2020/10/Shopping-Cart.svg
https://progressivemartialarts.com.au/product/shorts-thai-boxing-shorts-revgear-various-colours/	https://progressivemartialarts.com.au/wp-content/uploads/2022/10/2016-australian-tour-shirt-2.jpg
https://progressivemartialarts.com.au/product/shorts-thai-boxing-shorts-revgear-various-colours/	https://progressivemartialarts.com.au/wp-content/uploads/2022/10/Gi-Patch-IAMA-Large-600x572.jpg
https://progressivemartialarts.com.au/product/shorts-thai-boxing-shorts-revgear-various-colours/	https://progressivemartialarts.com.au/wp-content/uploads/2022/10/PMA-logo-2020-11250X60-11.png
https://progressivemartialarts.com.au/product/shorts-thai-boxing-shorts-revgear-various-colours/	https://progressivemartialarts.com.au/wp-content/uploads/2022/10/PMA-logo-2020-12.png
https://progressivemartialarts.com.au/product/shorts-thai-boxing-shorts-revgear-various-colours/	https://progressivemartialarts.com.au/wp-content/uploads/2022/10/image_ee55cf16-67e0-4932-b41c-cdb2860b1328-e1781059334221-600x960.jpg
https://progressivemartialarts.com.au/product/shorts-thai-boxing-shorts-revgear-various-colours/	https://progressivemartialarts.com.au/wp-content/uploads/2022/10/progressive-martial-arts-gi-pants-1-e1779165833537.jpg
https://progressivemartialarts.com.au/product/shorts-thai-boxing-shorts-revgear-various-colours/	https://progressivemartialarts.com.au/wp-content/uploads/2022/10/revgear-thai-shorts-various-colours-1.jpg
https://progressivemartialarts.com.au/product/shorts-thai-boxing-shorts-revgear-various-colours/	https://progressivemartialarts.com.au/wp-content/uploads/2022/10/revgear-thai-shorts-various-colours-2.jpg
https://progressivemartialarts.com.au/product/shorts-thai-boxing-shorts-revgear-various-colours/	https://progressivemartialarts.com.au/wp-content/uploads/2022/10/revgear-thai-shorts-various-colours-3.jpg
https://progressivemartialarts.com.au/product/shorts-thai-boxing-shorts-revgear-various-colours/	https://progressivemartialarts.com.au/wp-content/uploads/2022/10/revgear-thai-shorts-various-colours.jpg
https://progressivemartialarts.com.au/product/sifu-francis-fong-2014-train-with-the-masters/	https://firstsight.design/cherie/beauty/wp-content/uploads/2020/10/Shopping-Cart.svg
https://progressivemartialarts.com.au/product/sifu-francis-fong-2014-train-with-the-masters/	https://progressivemartialarts.com.au/wp-content/uploads/2022/10/2012-14-Silat-600x922.jpg
https://progressivemartialarts.com.au/product/sifu-francis-fong-2014-train-with-the-masters/	https://progressivemartialarts.com.au/wp-content/uploads/2022/10/2014-06-Silat-Camp.jpg
https://progressivemartialarts.com.au/product/sifu-francis-fong-2014-train-with-the-masters/	https://progressivemartialarts.com.au/wp-content/uploads/2022/10/PMA-logo-2020-11250X60-11.png
https://progressivemartialarts.com.au/product/sifu-francis-fong-2014-train-with-the-masters/	https://progressivemartialarts.com.au/wp-content/uploads/2022/10/PMA-logo-2020-12.png
https://progressivemartialarts.com.au/product/sifu-francis-fong-2014-train-with-the-masters/	https://progressivemartialarts.com.au/wp-content/uploads/2022/10/dvd-wingchun-mma_540x_3a7a76b0-19be-48e3-86fc-5b0ebd10b420.jpg
https://progressivemartialarts.com.au/product/sifu-francis-fong-2014-train-with-the-masters/	https://progressivemartialarts.com.au/wp-content/uploads/2026/04/2013-08-Panantukan-600x985.jpg
https://progressivemartialarts.com.au/product/sifu-francis-fong-2014-train-with-the-masters/	https://progressivemartialarts.com.au/wp-content/uploads/2026/08/fong_DVD_masters.jpg
https://progressivemartialarts.com.au/product/sifu-francis-fong-australia-seminars-november-2026/	https://firstsight.design/cherie/beauty/wp-content/uploads/2020/10/Shopping-Cart.svg
https://progressivemartialarts.com.au/product/sifu-francis-fong-australia-seminars-november-2026/	https://progressivemartialarts.com.au/wp-content/uploads/2022/10/PMA-logo-2020-11250X60-11.png
https://progressivemartialarts.com.au/product/sifu-francis-fong-australia-seminars-november-2026/	https://progressivemartialarts.com.au/wp-content/uploads/2022/10/PMA-logo-2020-12.png
https://progressivemartialarts.com.au/product/sifu-francis-fong-australia-seminars-november-2026/	https://progressivemartialarts.com.au/wp-content/uploads/2022/10/fong-book_360x_a71ad87f-c701-4e8e-b028-c11666e78792.jpg
https://progressivemartialarts.com.au/product/sifu-francis-fong-australia-seminars-november-2026/	https://progressivemartialarts.com.au/wp-content/uploads/2022/10/tshirt-legends-15-front-250_2048x2048_b7e67ca9-27ec-4d10-b37c-79a81b72a14b_360x.jpg
https://progressivemartialarts.com.au/product/sifu-francis-fong-australia-seminars-november-2026/	https://progressivemartialarts.com.au/wp-content/uploads/2026/04/2026-11-20-Australia-Tour3.1-600x776.jpeg
https://progressivemartialarts.com.au/product/sifu-francis-fong-australia-seminars-november-2026/	https://progressivemartialarts.com.au/wp-content/uploads/2026/04/2026-11-Sifu-Fong-Australia.1-2.jpeg
https://progressivemartialarts.com.au/product/sifu-francis-fong-australia-seminars-november-2026/	https://progressivemartialarts.com.au/wp-content/uploads/2026/08/fong_DVD_masters.jpg
https://progressivemartialarts.com.au/product/sifu-francis-fong-wing-chun-for-mma/	https://firstsight.design/cherie/beauty/wp-content/uploads/2020/10/Shopping-Cart.svg
https://progressivemartialarts.com.au/product/sifu-francis-fong-wing-chun-for-mma/	https://progressivemartialarts.com.au/wp-content/uploads/2022/10/Gi-Patch-IAMA-Large-600x572.jpg
https://progressivemartialarts.com.au/product/sifu-francis-fong-wing-chun-for-mma/	https://progressivemartialarts.com.au/wp-content/uploads/2022/10/PMA-logo-2020-11250X60-11.png
https://progressivemartialarts.com.au/product/sifu-francis-fong-wing-chun-for-mma/	https://progressivemartialarts.com.au/wp-content/uploads/2022/10/PMA-logo-2020-12.png
https://progressivemartialarts.com.au/product/sifu-francis-fong-wing-chun-for-mma/	https://progressivemartialarts.com.au/wp-content/uploads/2022/10/dvd-wingchun-mma_540x_3a7a76b0-19be-48e3-86fc-5b0ebd10b420.jpg
https://progressivemartialarts.com.au/product/sifu-francis-fong-wing-chun-for-mma/	https://progressivemartialarts.com.au/wp-content/uploads/2022/10/image_82fa5c0c-07d7-42de-b015-40813f3fb6bc-600x450.webp
https://progressivemartialarts.com.au/product/sifu-francis-fong-wing-chun-for-mma/	https://progressivemartialarts.com.au/wp-content/uploads/2022/10/progressive-martial-arts-gi-pants-1-e1779165833537.jpg
https://progressivemartialarts.com.au/product/sifu-francis-fong-wing-chun-for-mma/	https://progressivemartialarts.com.au/wp-content/uploads/2026/04/2018-13-Mixed-Arts-day-1-600x853.jpg
https://progressivemartialarts.com.au/product/singlet-guro-dan-inosanto-australian-tour-2016/	https://firstsight.design/cherie/beauty/wp-content/uploads/2020/10/Shopping-Cart.svg
https://progressivemartialarts.com.au/product/singlet-guro-dan-inosanto-australian-tour-2016/	https://progressivemartialarts.com.au/wp-content/uploads/2022/10/2016-australian-tour-singlet-1.jpg
https://progressivemartialarts.com.au/product/singlet-guro-dan-inosanto-australian-tour-2016/	https://progressivemartialarts.com.au/wp-content/uploads/2022/10/2016-australian-tour-singlet.jpg
https://progressivemartialarts.com.au/product/singlet-guro-dan-inosanto-australian-tour-2016/	https://progressivemartialarts.com.au/wp-content/uploads/2022/10/IAMA-Hoodie-BandG-e1781059471389.jpeg
https://progressivemartialarts.com.au/product/singlet-guro-dan-inosanto-australian-tour-2016/	https://progressivemartialarts.com.au/wp-content/uploads/2022/10/PMA-logo-2020-11250X60-11.png
https://progressivemartialarts.com.au/product/singlet-guro-dan-inosanto-australian-tour-2016/	https://progressivemartialarts.com.au/wp-content/uploads/2022/10/PMA-logo-2020-12.png
https://progressivemartialarts.com.au/product/singlet-guro-dan-inosanto-australian-tour-2016/	https://progressivemartialarts.com.au/wp-content/uploads/2022/10/baseball-absorb-black-grey-store_360x_ffca1cc8-90ef-4233-861d-f21c71234481.jpg
https://progressivemartialarts.com.au/product/singlet-guro-dan-inosanto-australian-tour-2016/	https://progressivemartialarts.com.au/wp-content/uploads/2022/10/inosanto-academy-short-sleeve-rash-vest-e1778982686103.jpg
https://progressivemartialarts.com.au/product/singlet-guro-dan-inosanto-australian-tour-2016/	https://progressivemartialarts.com.au/wp-content/uploads/2023/02/IMG2476.jpg
https://progressivemartialarts.com.au/product/singlet-guro-dan-inosanto-australian-tour-2019/	https://firstsight.design/cherie/beauty/wp-content/uploads/2020/10/Shopping-Cart.svg
https://progressivemartialarts.com.au/product/singlet-guro-dan-inosanto-australian-tour-2019/	https://progressivemartialarts.com.au/wp-content/uploads/2022/10/2016-australian-tour-singlet-600x600.jpg
https://progressivemartialarts.com.au/product/singlet-guro-dan-inosanto-australian-tour-2019/	https://progressivemartialarts.com.au/wp-content/uploads/2022/10/20191213_101956_d3c6ffd4-faca-473e-80a4-5bf6fa0dcfb8.jpg
https://progressivemartialarts.com.au/product/singlet-guro-dan-inosanto-australian-tour-2019/	https://progressivemartialarts.com.au/wp-content/uploads/2022/10/20191213_102934.jpg
https://progressivemartialarts.com.au/product/singlet-guro-dan-inosanto-australian-tour-2019/	https://progressivemartialarts.com.au/wp-content/uploads/2022/10/20191213_103249.jpg
https://progressivemartialarts.com.au/product/singlet-guro-dan-inosanto-australian-tour-2019/	https://progressivemartialarts.com.au/wp-content/uploads/2022/10/IAMA-Hoodie-BandG-e1781059471389.jpeg
https://progressivemartialarts.com.au/product/singlet-guro-dan-inosanto-australian-tour-2019/	https://progressivemartialarts.com.au/wp-content/uploads/2022/10/PMA-logo-2020-11250X60-11.png
https://progressivemartialarts.com.au/product/singlet-guro-dan-inosanto-australian-tour-2019/	https://progressivemartialarts.com.au/wp-content/uploads/2022/10/PMA-logo-2020-12.png
https://progressivemartialarts.com.au/product/singlet-guro-dan-inosanto-australian-tour-2019/	https://progressivemartialarts.com.au/wp-content/uploads/2022/10/WTBA-Tanktop-classic.jpeg
https://progressivemartialarts.com.au/product/singlet-guro-dan-inosanto-australian-tour-2019/	https://progressivemartialarts.com.au/wp-content/uploads/2023/02/IMG2476.jpg
https://progressivemartialarts.com.au/product/singlet-inosanto-academy-12-spot/	https://firstsight.design/cherie/beauty/wp-content/uploads/2020/10/Shopping-Cart.svg
https://progressivemartialarts.com.au/product/singlet-inosanto-academy-12-spot/	https://progressivemartialarts.com.au/wp-content/uploads/2022/10/2015-08-ABC-3inch.jpg
https://progressivemartialarts.com.au/product/singlet-inosanto-academy-12-spot/	https://progressivemartialarts.com.au/wp-content/uploads/2022/10/PMA-logo-2020-11250X60-11.png
https://progressivemartialarts.com.au/product/singlet-inosanto-academy-12-spot/	https://progressivemartialarts.com.au/wp-content/uploads/2022/10/PMA-logo-2020-12.png
https://progressivemartialarts.com.au/product/singlet-inosanto-academy-12-spot/	https://progressivemartialarts.com.au/wp-content/uploads/2022/10/Tank-IAMA-scaled.jpg
https://progressivemartialarts.com.au/product/singlet-inosanto-academy-12-spot/	https://progressivemartialarts.com.au/wp-content/uploads/2022/10/Training-Dagger-02-600x450.jpg
https://progressivemartialarts.com.au/product/singlet-inosanto-academy-12-spot/	https://progressivemartialarts.com.au/wp-content/uploads/2022/10/iama_tanktop_360x_839c4b19-c0df-474e-8eb3-a0031b2aafdc.jpg
https://progressivemartialarts.com.au/product/singlet-inosanto-academy-12-spot/	https://progressivemartialarts.com.au/wp-content/uploads/2026/04/2015-09-Abecedario-day-2.H.1.jpg
https://progressivemartialarts.com.au/product/singlet-inosanto-academy-12-spot/	https://progressivemartialarts.com.au/wp-content/uploads/2026/04/2017-13-Mixed-day-1-1-600x793.jpg
https://progressivemartialarts.com.au/product/singlet-inosanto-academy-absorb-what-is-useful/	https://firstsight.design/cherie/beauty/wp-content/uploads/2020/10/Shopping-Cart.svg
https://progressivemartialarts.com.au/product/singlet-inosanto-academy-absorb-what-is-useful/	https://progressivemartialarts.com.au/wp-content/uploads/2022/10/IAMA-Windbreaker.jpeg
https://progressivemartialarts.com.au/product/singlet-inosanto-academy-absorb-what-is-useful/	https://progressivemartialarts.com.au/wp-content/uploads/2022/10/PMA-logo-2020-11250X60-11.png
https://progressivemartialarts.com.au/product/singlet-inosanto-academy-absorb-what-is-useful/	https://progressivemartialarts.com.au/wp-content/uploads/2022/10/PMA-logo-2020-12.png
https://progressivemartialarts.com.au/product/singlet-inosanto-academy-absorb-what-is-useful/	https://progressivemartialarts.com.au/wp-content/uploads/2022/10/WTBA-Tanktop-classic.jpeg
https://progressivemartialarts.com.au/product/singlet-inosanto-academy-absorb-what-is-useful/	https://progressivemartialarts.com.au/wp-content/uploads/2022/10/image_ee55cf16-67e0-4932-b41c-cdb2860b1328-e1781059334221-600x960.jpg
https://progressivemartialarts.com.au/product/singlet-inosanto-academy-absorb-what-is-useful/	https://progressivemartialarts.com.au/wp-content/uploads/2022/10/inosanto-absorb-what-is-useful-singlet-e1776830771357.jpg
https://progressivemartialarts.com.au/product/singlet-inosanto-academy-absorb-what-is-useful/	https://progressivemartialarts.com.au/wp-content/uploads/2022/10/inosanto-academy-short-sleeve-rash-vest-e1778982686103.jpg
https://progressivemartialarts.com.au/product/singlet-inosanto-academy-kali/	https://firstsight.design/cherie/beauty/wp-content/uploads/2020/10/Shopping-Cart.svg
https://progressivemartialarts.com.au/product/singlet-inosanto-academy-kali/	https://progressivemartialarts.com.au/wp-content/uploads/2022/10/PMA-logo-2020-11250X60-11.png
https://progressivemartialarts.com.au/product/singlet-inosanto-academy-kali/	https://progressivemartialarts.com.au/wp-content/uploads/2022/10/PMA-logo-2020-12.png
https://progressivemartialarts.com.au/product/singlet-inosanto-academy-kali/	https://progressivemartialarts.com.au/wp-content/uploads/2022/10/baseball-absorb-black-grey-store_360x_ffca1cc8-90ef-4233-861d-f21c71234481.jpg
https://progressivemartialarts.com.au/product/singlet-inosanto-academy-kali/	https://progressivemartialarts.com.au/wp-content/uploads/2022/10/image_ee55cf16-67e0-4932-b41c-cdb2860b1328-e1781059334221-600x960.jpg
https://progressivemartialarts.com.au/product/singlet-inosanto-academy-kali/	https://progressivemartialarts.com.au/wp-content/uploads/2022/10/inosanto-academy-long-sleeve-rash-vest.jpg
https://progressivemartialarts.com.au/product/singlet-inosanto-academy-kali/	https://progressivemartialarts.com.au/wp-content/uploads/2022/10/inosanto-kali-singlet-e1776826437760.jpg
https://progressivemartialarts.com.au/product/singlet-inosanto-academy-kali/	https://progressivemartialarts.com.au/wp-content/uploads/2022/10/inosanto-kali-t-shirt-e1776903428142.jpg
https://progressivemartialarts.com.au/product/singlet-inosanto-academy-lacoste-inosanto-weapons/	https://firstsight.design/cherie/beauty/wp-content/uploads/2020/10/Shopping-Cart.svg
https://progressivemartialarts.com.au/product/singlet-inosanto-academy-lacoste-inosanto-weapons/	https://progressivemartialarts.com.au/wp-content/uploads/2022/10/IAMA-Hoodie-BandG-e1781059471389.jpeg
https://progressivemartialarts.com.au/product/singlet-inosanto-academy-lacoste-inosanto-weapons/	https://progressivemartialarts.com.au/wp-content/uploads/2022/10/IAMA-Windbreaker.jpeg
https://progressivemartialarts.com.au/product/singlet-inosanto-academy-lacoste-inosanto-weapons/	https://progressivemartialarts.com.au/wp-content/uploads/2022/10/PMA-logo-2020-11250X60-11.png
https://progressivemartialarts.com.au/product/singlet-inosanto-academy-lacoste-inosanto-weapons/	https://progressivemartialarts.com.au/wp-content/uploads/2022/10/PMA-logo-2020-12.png
https://progressivemartialarts.com.au/product/singlet-inosanto-academy-lacoste-inosanto-weapons/	https://progressivemartialarts.com.au/wp-content/uploads/2022/10/Tank-Lacoste.jpeg
https://progressivemartialarts.com.au/product/singlet-inosanto-academy-lacoste-inosanto-weapons/	https://progressivemartialarts.com.au/wp-content/uploads/2022/10/inosanto-academy-long-sleeve-rash-vest.jpg
https://progressivemartialarts.com.au/product/singlet-inosanto-academy-lacoste-inosanto-weapons/	https://progressivemartialarts.com.au/wp-content/uploads/2022/10/inosanto-academy-short-sleeve-rash-vest-e1778982686103.jpg
https://progressivemartialarts.com.au/product/singlet-inosanto-academy-ladies-racerback/	https://firstsight.design/cherie/beauty/wp-content/uploads/2020/10/Shopping-Cart.svg
https://progressivemartialarts.com.au/product/singlet-inosanto-academy-ladies-racerback/	https://progressivemartialarts.com.au/wp-content/uploads/2022/10/2016-australian-tour-shirt-2.jpg
https://progressivemartialarts.com.au/product/singlet-inosanto-academy-ladies-racerback/	https://progressivemartialarts.com.au/wp-content/uploads/2022/10/IAMA-Windbreaker.jpeg
https://progressivemartialarts.com.au/product/singlet-inosanto-academy-ladies-racerback/	https://progressivemartialarts.com.au/wp-content/uploads/2022/10/PMA-logo-2020-11250X60-11.png
https://progressivemartialarts.com.au/product/singlet-inosanto-academy-ladies-racerback/	https://progressivemartialarts.com.au/wp-content/uploads/2022/10/PMA-logo-2020-12.png
https://progressivemartialarts.com.au/product/singlet-inosanto-academy-ladies-racerback/	https://progressivemartialarts.com.au/wp-content/uploads/2022/10/clothing_racerback_tank_back_360x_90aeaa1f-6b3c-44c6-9c4e-96a4c6c6a12d.jpg
https://progressivemartialarts.com.au/product/singlet-inosanto-academy-ladies-racerback/	https://progressivemartialarts.com.au/wp-content/uploads/2022/10/clothing_racerback_tank_front_360x_cfef6fbb-c3e3-481a-88f1-a367e363f01e.jpg
https://progressivemartialarts.com.au/product/singlet-inosanto-academy-ladies-racerback/	https://progressivemartialarts.com.au/wp-content/uploads/2022/10/inosanto-kali-singlet-e1776826437760.jpg
https://progressivemartialarts.com.au/product/singlet-inosanto-academy-ladies-racerback/	https://progressivemartialarts.com.au/wp-content/uploads/2023/02/Dagger-Bag-Gold.jpeg
https://progressivemartialarts.com.au/product/singlet-inosanto-academy-ladies-spaghetti-strap-gold/	https://firstsight.design/cherie/beauty/wp-content/uploads/2020/10/Shopping-Cart.svg
https://progressivemartialarts.com.au/product/singlet-inosanto-academy-ladies-spaghetti-strap-gold/	https://progressivemartialarts.com.au/wp-content/uploads/2022/10/IAMA-Spaghetti.jpeg
https://progressivemartialarts.com.au/product/singlet-inosanto-academy-ladies-spaghetti-strap-gold/	https://progressivemartialarts.com.au/wp-content/uploads/2022/10/PMA-logo-2020-11250X60-11.png
https://progressivemartialarts.com.au/product/singlet-inosanto-academy-ladies-spaghetti-strap-gold/	https://progressivemartialarts.com.au/wp-content/uploads/2022/10/PMA-logo-2020-12.png
https://progressivemartialarts.com.au/product/singlet-inosanto-academy-ladies-spaghetti-strap-gold/	https://progressivemartialarts.com.au/wp-content/uploads/2022/10/Tank-Lacoste.jpeg
https://progressivemartialarts.com.au/product/singlet-inosanto-academy-ladies-spaghetti-strap-gold/	https://progressivemartialarts.com.au/wp-content/uploads/2022/10/image_82fa5c0c-07d7-42de-b015-40813f3fb6bc-600x450.webp
https://progressivemartialarts.com.au/product/singlet-inosanto-academy-ladies-spaghetti-strap-gold/	https://progressivemartialarts.com.au/wp-content/uploads/2022/10/inosanto-academy-short-sleeve-rash-vest-e1778982686103.jpg
https://progressivemartialarts.com.au/product/singlet-inosanto-academy-ladies-spaghetti-strap-gold/	https://progressivemartialarts.com.au/wp-content/uploads/2023/02/IMG2476.jpg
https://progressivemartialarts.com.au/product/singlet-ladies-progressive-martial-arts/	https://firstsight.design/cherie/beauty/wp-content/uploads/2020/10/Shopping-Cart.svg
https://progressivemartialarts.com.au/product/singlet-ladies-progressive-martial-arts/	https://progressivemartialarts.com.au/wp-content/uploads/2022/10/IAMA-Spaghetti.jpeg
https://progressivemartialarts.com.au/product/singlet-ladies-progressive-martial-arts/	https://progressivemartialarts.com.au/wp-content/uploads/2022/10/PMA-logo-2020-11250X60-11.png
https://progressivemartialarts.com.au/product/singlet-ladies-progressive-martial-arts/	https://progressivemartialarts.com.au/wp-content/uploads/2022/10/PMA-logo-2020-12.png
https://progressivemartialarts.com.au/product/singlet-ladies-progressive-martial-arts/	https://progressivemartialarts.com.au/wp-content/uploads/2022/10/image_a4195139-19f7-4e88-b06d-55645ff4a91a-600x804.jpg
https://progressivemartialarts.com.au/product/singlet-ladies-progressive-martial-arts/	https://progressivemartialarts.com.au/wp-content/uploads/2023/02/34B25B94-D443-4893-BCB2-AE38065A234A-600x732.jpeg
https://progressivemartialarts.com.au/product/singlet-ladies-progressive-martial-arts/	https://progressivemartialarts.com.au/wp-content/uploads/2023/02/IMG2485.jpg
https://progressivemartialarts.com.au/product/singlet-ladies-progressive-martial-arts/	https://progressivemartialarts.com.au/wp-content/uploads/2023/02/IMG2486.jpg.jpg
https://progressivemartialarts.com.au/product/singlet-ladies-progressive-martial-arts/	https://progressivemartialarts.com.au/wp-content/uploads/2026/06/Rashguard-Black-wRed-600x450.webp
https://progressivemartialarts.com.au/product/singlet-thai-boxing-association-classic/	https://firstsight.design/cherie/beauty/wp-content/uploads/2020/10/Shopping-Cart.svg
https://progressivemartialarts.com.au/product/singlet-thai-boxing-association-classic/	https://progressivemartialarts.com.au/wp-content/uploads/2022/10/IAMA-Spaghetti.jpeg
https://progressivemartialarts.com.au/product/singlet-thai-boxing-association-classic/	https://progressivemartialarts.com.au/wp-content/uploads/2022/10/PMA-logo-2020-11250X60-11.png
https://progressivemartialarts.com.au/product/singlet-thai-boxing-association-classic/	https://progressivemartialarts.com.au/wp-content/uploads/2022/10/PMA-logo-2020-12.png
https://progressivemartialarts.com.au/product/singlet-thai-boxing-association-classic/	https://progressivemartialarts.com.au/wp-content/uploads/2022/10/TBA-Tanktop-front.jpg
https://progressivemartialarts.com.au/product/singlet-thai-boxing-association-classic/	https://progressivemartialarts.com.au/wp-content/uploads/2022/10/WTBA-Tanktop-classic.jpeg
https://progressivemartialarts.com.au/product/singlet-thai-boxing-association-classic/	https://progressivemartialarts.com.au/wp-content/uploads/2022/10/revgear-thai-shorts-various-colours-2.jpg
https://progressivemartialarts.com.au/product/singlet-thai-boxing-association-classic/	https://progressivemartialarts.com.au/wp-content/uploads/2023/02/IMG2476.jpg
https://progressivemartialarts.com.au/product/singlet-thai-boxing-association-classic/	https://progressivemartialarts.com.au/wp-content/uploads/2026/04/2018-18-Locks-and-Controls-1-600x827.jpg
https://progressivemartialarts.com.au/product/spezzano-introduction-to-madjapahit-silat-2-disc-set/	https://firstsight.design/cherie/beauty/wp-content/uploads/2020/10/Shopping-Cart.svg
https://progressivemartialarts.com.au/product/spezzano-introduction-to-madjapahit-silat-2-disc-set/	https://progressivemartialarts.com.au/wp-content/uploads/2022/10/2012-09-Stck-and-Dagger-600x986.jpg
https://progressivemartialarts.com.au/product/spezzano-introduction-to-madjapahit-silat-2-disc-set/	https://progressivemartialarts.com.au/wp-content/uploads/2022/10/PMA-logo-2020-11250X60-11.png
https://progressivemartialarts.com.au/product/spezzano-introduction-to-madjapahit-silat-2-disc-set/	https://progressivemartialarts.com.au/wp-content/uploads/2022/10/PMA-logo-2020-12.png
https://progressivemartialarts.com.au/product/spezzano-introduction-to-madjapahit-silat-2-disc-set/	https://progressivemartialarts.com.au/wp-content/uploads/2022/10/dvd-capoeira-active_360x_af314fdf-57e8-402e-b117-8fc1deac6fc3.jpg
https://progressivemartialarts.com.au/product/spezzano-introduction-to-madjapahit-silat-2-disc-set/	https://progressivemartialarts.com.au/wp-content/uploads/2022/10/dvd-spezzano-silat-01_360x_f852eb83-7dbe-48b8-b0fe-e0c48aaf2a5d.jpg
https://progressivemartialarts.com.au/product/spezzano-introduction-to-madjapahit-silat-2-disc-set/	https://progressivemartialarts.com.au/wp-content/uploads/2026/04/2013-13-Mixed-Arts-4-disc-600x991.jpg
https://progressivemartialarts.com.au/product/spezzano-introduction-to-madjapahit-silat-2-disc-set/	https://progressivemartialarts.com.au/wp-content/uploads/2026/04/2013-15-Disarms-600x978.jpg
https://progressivemartialarts.com.au/product/spezzano-madjapahit-silat-2/	https://firstsight.design/cherie/beauty/wp-content/uploads/2020/10/Shopping-Cart.svg
https://progressivemartialarts.com.au/product/spezzano-madjapahit-silat-2/	https://progressivemartialarts.com.au/wp-content/uploads/2022/10/2012-13-Mixed-Arts-2-disc-600x1002.jpg
https://progressivemartialarts.com.au/product/spezzano-madjapahit-silat-2/	https://progressivemartialarts.com.au/wp-content/uploads/2022/10/2012-14-Silat-600x922.jpg
https://progressivemartialarts.com.au/product/spezzano-madjapahit-silat-2/	https://progressivemartialarts.com.au/wp-content/uploads/2022/10/PMA-logo-2020-11250X60-11.png
https://progressivemartialarts.com.au/product/spezzano-madjapahit-silat-2/	https://progressivemartialarts.com.au/wp-content/uploads/2022/10/PMA-logo-2020-12.png
https://progressivemartialarts.com.au/product/spezzano-madjapahit-silat-2/	https://progressivemartialarts.com.au/wp-content/uploads/2022/10/dvd-spezzano-silat-02_360x_151093c8-7a66-43a2-b4a4-7123a8a92af0.jpg
https://progressivemartialarts.com.au/product/spezzano-madjapahit-silat-2/	https://progressivemartialarts.com.au/wp-content/uploads/2026/04/2013-14-Jun-FanJKD-600x997.jpg
https://progressivemartialarts.com.au/product/spezzano-madjapahit-silat-2/	https://progressivemartialarts.com.au/wp-content/uploads/2026/04/2017-18-Locks-and-Controls-1-600x751.jpg
https://progressivemartialarts.com.au/product/stick-bag-inosanto-academy-medium/	https://firstsight.design/cherie/beauty/wp-content/uploads/2020/10/Shopping-Cart.svg
https://progressivemartialarts.com.au/product/stick-bag-inosanto-academy-medium/	https://progressivemartialarts.com.au/wp-content/uploads/2022/10/PMA-logo-2020-11250X60-11.png
https://progressivemartialarts.com.au/product/stick-bag-inosanto-academy-medium/	https://progressivemartialarts.com.au/wp-content/uploads/2022/10/PMA-logo-2020-12.png
https://progressivemartialarts.com.au/product/stick-bag-inosanto-academy-medium/	https://progressivemartialarts.com.au/wp-content/uploads/2022/10/image_82fa5c0c-07d7-42de-b015-40813f3fb6bc-600x450.webp
https://progressivemartialarts.com.au/product/stick-bag-inosanto-academy-medium/	https://progressivemartialarts.com.au/wp-content/uploads/2022/10/image_c90c2037-bad6-4fba-a9e7-50d47fb919d4.png
https://progressivemartialarts.com.au/product/stick-bag-inosanto-academy-medium/	https://progressivemartialarts.com.au/wp-content/uploads/2022/10/image_d2a89c11-6959-4553-b418-dbe4e42924ef.png
https://progressivemartialarts.com.au/product/stick-bag-inosanto-academy-medium/	https://progressivemartialarts.com.au/wp-content/uploads/2023/02/56A36E49-581B-4CC6-BF6C-A19F76266461-600x831.jpeg
https://progressivemartialarts.com.au/product/stick-bag-inosanto-academy-medium/	https://progressivemartialarts.com.au/wp-content/uploads/2025/12/IMG_4582-2-600x800.jpg
https://progressivemartialarts.com.au/product/stick-bag-inosanto-academy-small/	https://firstsight.design/cherie/beauty/wp-content/uploads/2020/10/Shopping-Cart.svg
https://progressivemartialarts.com.au/product/stick-bag-inosanto-academy-small/	https://progressivemartialarts.com.au/wp-content/uploads/2022/10/2012-14-Silat-600x922.jpg
https://progressivemartialarts.com.au/product/stick-bag-inosanto-academy-small/	https://progressivemartialarts.com.au/wp-content/uploads/2022/10/2014-05-Disarms-600x924.jpg
https://progressivemartialarts.com.au/product/stick-bag-inosanto-academy-small/	https://progressivemartialarts.com.au/wp-content/uploads/2022/10/PMA-logo-2020-11250X60-11.png
https://progressivemartialarts.com.au/product/stick-bag-inosanto-academy-small/	https://progressivemartialarts.com.au/wp-content/uploads/2022/10/PMA-logo-2020-12.png
https://progressivemartialarts.com.au/product/stick-bag-inosanto-academy-small/	https://progressivemartialarts.com.au/wp-content/uploads/2022/10/image_c19290ca-0a86-4486-9ba2-9be9b933912a.png
https://progressivemartialarts.com.au/product/stick-bag-inosanto-academy-small/	https://progressivemartialarts.com.au/wp-content/uploads/2022/10/image_ccd4135b-3637-42c0-8805-49a53190de04.png
https://progressivemartialarts.com.au/product/stick-bag-inosanto-academy-small/	https://progressivemartialarts.com.au/wp-content/uploads/2026/04/2017-08-Staff-day-1-1-600x767.jpg
https://progressivemartialarts.com.au/product/sulite-lameco-eskrima-advanced-laban-laro-volume-1/	https://firstsight.design/cherie/beauty/wp-content/uploads/2020/10/Shopping-Cart.svg
https://progressivemartialarts.com.au/product/sulite-lameco-eskrima-advanced-laban-laro-volume-1/	https://progressivemartialarts.com.au/wp-content/uploads/2022/10/2012-10-Abecedario-600x1009.jpg
https://progressivemartialarts.com.au/product/sulite-lameco-eskrima-advanced-laban-laro-volume-1/	https://progressivemartialarts.com.au/wp-content/uploads/2022/10/2012-14-Silat-600x922.jpg
https://progressivemartialarts.com.au/product/sulite-lameco-eskrima-advanced-laban-laro-volume-1/	https://progressivemartialarts.com.au/wp-content/uploads/2022/10/2014-15-Joint-Locking-600x989.jpg
https://progressivemartialarts.com.au/product/sulite-lameco-eskrima-advanced-laban-laro-volume-1/	https://progressivemartialarts.com.au/wp-content/uploads/2022/10/PMA-logo-2020-11250X60-11.png
https://progressivemartialarts.com.au/product/sulite-lameco-eskrima-advanced-laban-laro-volume-1/	https://progressivemartialarts.com.au/wp-content/uploads/2022/10/PMA-logo-2020-12.png
https://progressivemartialarts.com.au/product/sulite-lameco-eskrima-advanced-laban-laro-volume-1/	https://progressivemartialarts.com.au/wp-content/uploads/2022/10/laban-laro-01_360x_2a3b2d00-6a71-43fd-8a29-aba6f5d7ee2b.png
https://progressivemartialarts.com.au/product/sulite-lameco-eskrima-advanced-laban-laro-volume-1/	https://progressivemartialarts.com.au/wp-content/uploads/2026/04/2017-18-Locks-and-Controls-1-600x751.jpg
https://progressivemartialarts.com.au/product/sulite-lameco-eskrima-advanced-laban-laro-volume-2/	https://firstsight.design/cherie/beauty/wp-content/uploads/2020/10/Shopping-Cart.svg
https://progressivemartialarts.com.au/product/sulite-lameco-eskrima-advanced-laban-laro-volume-2/	https://progressivemartialarts.com.au/wp-content/uploads/2022/10/2012-08-Sensitivity-600x1002.jpg
https://progressivemartialarts.com.au/product/sulite-lameco-eskrima-advanced-laban-laro-volume-2/	https://progressivemartialarts.com.au/wp-content/uploads/2022/10/2014-14-Jun-FanJKD-600x955.jpg
https://progressivemartialarts.com.au/product/sulite-lameco-eskrima-advanced-laban-laro-volume-2/	https://progressivemartialarts.com.au/wp-content/uploads/2022/10/PMA-logo-2020-11250X60-11.png
https://progressivemartialarts.com.au/product/sulite-lameco-eskrima-advanced-laban-laro-volume-2/	https://progressivemartialarts.com.au/wp-content/uploads/2022/10/PMA-logo-2020-12.png
https://progressivemartialarts.com.au/product/sulite-lameco-eskrima-advanced-laban-laro-volume-2/	https://progressivemartialarts.com.au/wp-content/uploads/2022/10/dvd-wingchun-mma_540x_3a7a76b0-19be-48e3-86fc-5b0ebd10b420.jpg
https://progressivemartialarts.com.au/product/sulite-lameco-eskrima-advanced-laban-laro-volume-2/	https://progressivemartialarts.com.au/wp-content/uploads/2022/10/laban-laro-02_360x_d7adccce-35f0-472f-974c-1132eb007a23.png
https://progressivemartialarts.com.au/product/sulite-lameco-eskrima-advanced-laban-laro-volume-2/	https://progressivemartialarts.com.au/wp-content/uploads/2026/04/2013-12-Thai-Boxing-600x996.jpg
https://progressivemartialarts.com.au/product/sulite-lameco-eskrima-at-the-vortex/	https://firstsight.design/cherie/beauty/wp-content/uploads/2020/10/Shopping-Cart.svg
https://progressivemartialarts.com.au/product/sulite-lameco-eskrima-at-the-vortex/	https://progressivemartialarts.com.au/wp-content/uploads/2022/10/2012-08-Sensitivity-600x1002.jpg
https://progressivemartialarts.com.au/product/sulite-lameco-eskrima-at-the-vortex/	https://progressivemartialarts.com.au/wp-content/uploads/2022/10/2012-09-Stck-and-Dagger-600x986.jpg
https://progressivemartialarts.com.au/product/sulite-lameco-eskrima-at-the-vortex/	https://progressivemartialarts.com.au/wp-content/uploads/2022/10/2012-10-Abecedario-600x1009.jpg
https://progressivemartialarts.com.au/product/sulite-lameco-eskrima-at-the-vortex/	https://progressivemartialarts.com.au/wp-content/uploads/2022/10/PMA-logo-2020-11250X60-11.png
https://progressivemartialarts.com.au/product/sulite-lameco-eskrima-at-the-vortex/	https://progressivemartialarts.com.au/wp-content/uploads/2022/10/PMA-logo-2020-12.png
https://progressivemartialarts.com.au/product/sulite-lameco-eskrima-at-the-vortex/	https://progressivemartialarts.com.au/wp-content/uploads/2022/10/dvd-rhythmic-training_360x_cb6de2e8-250d-483e-ba6d-86c714d752bc.jpg
https://progressivemartialarts.com.au/product/sulite-lameco-eskrima-at-the-vortex/	https://progressivemartialarts.com.au/wp-content/uploads/2022/10/lameco-vortex_360x_773f8f2d-fdea-4041-9ec3-dfc76a6b7c8b.png
https://progressivemartialarts.com.au/product/sulite-lameco-eskrima-espada-y-daga/	https://firstsight.design/cherie/beauty/wp-content/uploads/2020/10/Shopping-Cart.svg
https://progressivemartialarts.com.au/product/sulite-lameco-eskrima-espada-y-daga/	https://progressivemartialarts.com.au/wp-content/uploads/2022/10/2012-13-Mixed-Arts-2-disc-600x1002.jpg
https://progressivemartialarts.com.au/product/sulite-lameco-eskrima-espada-y-daga/	https://progressivemartialarts.com.au/wp-content/uploads/2022/10/2014-06-Silat-Camp.jpg
https://progressivemartialarts.com.au/product/sulite-lameco-eskrima-espada-y-daga/	https://progressivemartialarts.com.au/wp-content/uploads/2022/10/PMA-logo-2020-11250X60-11.png
https://progressivemartialarts.com.au/product/sulite-lameco-eskrima-espada-y-daga/	https://progressivemartialarts.com.au/wp-content/uploads/2022/10/PMA-logo-2020-12.png
https://progressivemartialarts.com.au/product/sulite-lameco-eskrima-espada-y-daga/	https://progressivemartialarts.com.au/wp-content/uploads/2022/10/dvd-bolt-wrestling_360x_2773eba6-7a00-4d66-9287-70cd0c021687.jpg
https://progressivemartialarts.com.au/product/sulite-lameco-eskrima-espada-y-daga/	https://progressivemartialarts.com.au/wp-content/uploads/2022/10/sulite-espada-daga_360x_ac5bce2c-f066-4376-adec-8ec221a90339.jpg
https://progressivemartialarts.com.au/product/sulite-lameco-eskrima-espada-y-daga/	https://progressivemartialarts.com.au/wp-content/uploads/2026/04/2013-12-Thai-Boxing-600x996.jpg
https://progressivemartialarts.com.au/product/sulite-lameco-eskrima-essential-single-stick-skills-volume-1/	https://firstsight.design/cherie/beauty/wp-content/uploads/2020/10/Shopping-Cart.svg
https://progressivemartialarts.com.au/product/sulite-lameco-eskrima-essential-single-stick-skills-volume-1/	https://progressivemartialarts.com.au/wp-content/uploads/2022/10/2012-10-Abecedario-600x1009.jpg
https://progressivemartialarts.com.au/product/sulite-lameco-eskrima-essential-single-stick-skills-volume-1/	https://progressivemartialarts.com.au/wp-content/uploads/2022/10/2014-06-Silat-Camp.jpg
https://progressivemartialarts.com.au/product/sulite-lameco-eskrima-essential-single-stick-skills-volume-1/	https://progressivemartialarts.com.au/wp-content/uploads/2022/10/PMA-logo-2020-11250X60-11.png
https://progressivemartialarts.com.au/product/sulite-lameco-eskrima-essential-single-stick-skills-volume-1/	https://progressivemartialarts.com.au/wp-content/uploads/2022/10/PMA-logo-2020-12.png
https://progressivemartialarts.com.au/product/sulite-lameco-eskrima-essential-single-stick-skills-volume-1/	https://progressivemartialarts.com.au/wp-content/uploads/2022/10/sulite-essential-single-stick-skills-volume-01_360x_228f0228-b181-4957-a820-b46200079345.jpg
https://progressivemartialarts.com.au/product/sulite-lameco-eskrima-essential-single-stick-skills-volume-1/	https://progressivemartialarts.com.au/wp-content/uploads/2026/04/2013-05-12-Areas-2-600x993.jpg
https://progressivemartialarts.com.au/product/sulite-lameco-eskrima-essential-single-stick-skills-volume-1/	https://progressivemartialarts.com.au/wp-content/uploads/2026/04/2013-15-Disarms-600x978.jpg
https://progressivemartialarts.com.au/product/sulite-lameco-eskrima-essential-single-stick-skills-volume-2/	https://firstsight.design/cherie/beauty/wp-content/uploads/2020/10/Shopping-Cart.svg
https://progressivemartialarts.com.au/product/sulite-lameco-eskrima-essential-single-stick-skills-volume-2/	https://progressivemartialarts.com.au/wp-content/uploads/2022/10/2014-14-Jun-FanJKD-600x955.jpg
https://progressivemartialarts.com.au/product/sulite-lameco-eskrima-essential-single-stick-skills-volume-2/	https://progressivemartialarts.com.au/wp-content/uploads/2022/10/PMA-logo-2020-11250X60-11.png
https://progressivemartialarts.com.au/product/sulite-lameco-eskrima-essential-single-stick-skills-volume-2/	https://progressivemartialarts.com.au/wp-content/uploads/2022/10/PMA-logo-2020-12.png
https://progressivemartialarts.com.au/product/sulite-lameco-eskrima-essential-single-stick-skills-volume-2/	https://progressivemartialarts.com.au/wp-content/uploads/2022/10/sulite-essential-single-stick-skills-volume-02_360x_fe6ab255-33b9-47a2-9350-2df2b4049a8e.jpg
https://progressivemartialarts.com.au/product/sulite-lameco-eskrima-essential-single-stick-skills-volume-2/	https://progressivemartialarts.com.au/wp-content/uploads/2026/04/2013-05-12-Areas-2-600x993.jpg
https://progressivemartialarts.com.au/product/sulite-lameco-eskrima-essential-single-stick-skills-volume-2/	https://progressivemartialarts.com.au/wp-content/uploads/2026/04/2013-09-Dumog-600x1013.jpg
https://progressivemartialarts.com.au/product/sulite-lameco-eskrima-essential-single-stick-skills-volume-2/	https://progressivemartialarts.com.au/wp-content/uploads/2026/04/2013-14-Jun-FanJKD-600x997.jpg
https://progressivemartialarts.com.au/product/sulite-lameco-eskrima-practical-self-defense-volume-1/	https://firstsight.design/cherie/beauty/wp-content/uploads/2020/10/Shopping-Cart.svg
https://progressivemartialarts.com.au/product/sulite-lameco-eskrima-practical-self-defense-volume-1/	https://progressivemartialarts.com.au/wp-content/uploads/2022/10/PMA-logo-2020-11250X60-11.png
https://progressivemartialarts.com.au/product/sulite-lameco-eskrima-practical-self-defense-volume-1/	https://progressivemartialarts.com.au/wp-content/uploads/2022/10/PMA-logo-2020-12.png
https://progressivemartialarts.com.au/product/sulite-lameco-eskrima-practical-self-defense-volume-1/	https://progressivemartialarts.com.au/wp-content/uploads/2022/10/dvd-dubin-drumming_360x_77fc0434-c184-439d-bd32-9565ad9e2d65.jpg
https://progressivemartialarts.com.au/product/sulite-lameco-eskrima-practical-self-defense-volume-1/	https://progressivemartialarts.com.au/wp-content/uploads/2022/10/dvd-rhythmic-training_360x_cb6de2e8-250d-483e-ba6d-86c714d752bc.jpg
https://progressivemartialarts.com.au/product/sulite-lameco-eskrima-practical-self-defense-volume-1/	https://progressivemartialarts.com.au/wp-content/uploads/2022/10/sulite-self-defense-01_360x_18b8bd27-16c7-4f1a-9e0b-42c2299769f0.jpg
https://progressivemartialarts.com.au/product/sulite-lameco-eskrima-practical-self-defense-volume-1/	https://progressivemartialarts.com.au/wp-content/uploads/2026/04/2013-12-Thai-Boxing-600x996.jpg
https://progressivemartialarts.com.au/product/sulite-lameco-eskrima-practical-self-defense-volume-1/	https://progressivemartialarts.com.au/wp-content/uploads/2026/04/2013-14-Jun-FanJKD-600x997.jpg
https://progressivemartialarts.com.au/product/sulite-lameco-eskrima-practical-self-defense-volume-2/	https://firstsight.design/cherie/beauty/wp-content/uploads/2020/10/Shopping-Cart.svg
https://progressivemartialarts.com.au/product/sulite-lameco-eskrima-practical-self-defense-volume-2/	https://progressivemartialarts.com.au/wp-content/uploads/2022/10/2012-08-Sensitivity-600x1002.jpg
https://progressivemartialarts.com.au/product/sulite-lameco-eskrima-practical-self-defense-volume-2/	https://progressivemartialarts.com.au/wp-content/uploads/2022/10/2012-12-Thai-Boxing-600x1056.jpg
https://progressivemartialarts.com.au/product/sulite-lameco-eskrima-practical-self-defense-volume-2/	https://progressivemartialarts.com.au/wp-content/uploads/2022/10/PMA-logo-2020-11250X60-11.png
https://progressivemartialarts.com.au/product/sulite-lameco-eskrima-practical-self-defense-volume-2/	https://progressivemartialarts.com.au/wp-content/uploads/2022/10/PMA-logo-2020-12.png
https://progressivemartialarts.com.au/product/sulite-lameco-eskrima-practical-self-defense-volume-2/	https://progressivemartialarts.com.au/wp-content/uploads/2022/10/dvd-bolt-wrestling_360x_2773eba6-7a00-4d66-9287-70cd0c021687.jpg
https://progressivemartialarts.com.au/product/sulite-lameco-eskrima-practical-self-defense-volume-2/	https://progressivemartialarts.com.au/wp-content/uploads/2022/10/dvd-dubin-drumming_360x_77fc0434-c184-439d-bd32-9565ad9e2d65.jpg
https://progressivemartialarts.com.au/product/sulite-lameco-eskrima-practical-self-defense-volume-2/	https://progressivemartialarts.com.au/wp-content/uploads/2026/04/Sulite-Self-Defense-2-scaled.png
https://progressivemartialarts.com.au/product/sulite-lameco-eskrima-secrets-of-double-stick-fighting-volume-1/	https://firstsight.design/cherie/beauty/wp-content/uploads/2020/10/Shopping-Cart.svg
https://progressivemartialarts.com.au/product/sulite-lameco-eskrima-secrets-of-double-stick-fighting-volume-1/	https://progressivemartialarts.com.au/wp-content/uploads/2022/10/2012-12-Thai-Boxing-600x1056.jpg
https://progressivemartialarts.com.au/product/sulite-lameco-eskrima-secrets-of-double-stick-fighting-volume-1/	https://progressivemartialarts.com.au/wp-content/uploads/2022/10/PMA-logo-2020-11250X60-11.png
https://progressivemartialarts.com.au/product/sulite-lameco-eskrima-secrets-of-double-stick-fighting-volume-1/	https://progressivemartialarts.com.au/wp-content/uploads/2022/10/PMA-logo-2020-12.png
https://progressivemartialarts.com.au/product/sulite-lameco-eskrima-secrets-of-double-stick-fighting-volume-1/	https://progressivemartialarts.com.au/wp-content/uploads/2022/10/dvd-wingchun-mma_540x_3a7a76b0-19be-48e3-86fc-5b0ebd10b420.jpg
https://progressivemartialarts.com.au/product/sulite-lameco-eskrima-secrets-of-double-stick-fighting-volume-1/	https://progressivemartialarts.com.au/wp-content/uploads/2022/10/sulite-secrets-of-double-stick-fighting-volume-01_360x_7a45745c-f0f3-40cb-9623-f8dabddb2210.jpg
https://progressivemartialarts.com.au/product/sulite-lameco-eskrima-secrets-of-double-stick-fighting-volume-1/	https://progressivemartialarts.com.au/wp-content/uploads/2026/04/2013-08-Panantukan-600x985.jpg
https://progressivemartialarts.com.au/product/sulite-lameco-eskrima-secrets-of-double-stick-fighting-volume-1/	https://progressivemartialarts.com.au/wp-content/uploads/2026/04/2013-09-Dumog-600x1013.jpg
https://progressivemartialarts.com.au/product/sulite-lameco-eskrima-secrets-of-double-stick-fighting-volume-2/	https://firstsight.design/cherie/beauty/wp-content/uploads/2020/10/Shopping-Cart.svg
https://progressivemartialarts.com.au/product/sulite-lameco-eskrima-secrets-of-double-stick-fighting-volume-2/	https://progressivemartialarts.com.au/wp-content/uploads/2022/10/2012-13-Mixed-Arts-2-disc-600x1002.jpg
https://progressivemartialarts.com.au/product/sulite-lameco-eskrima-secrets-of-double-stick-fighting-volume-2/	https://progressivemartialarts.com.au/wp-content/uploads/2022/10/PMA-logo-2020-11250X60-11.png
https://progressivemartialarts.com.au/product/sulite-lameco-eskrima-secrets-of-double-stick-fighting-volume-2/	https://progressivemartialarts.com.au/wp-content/uploads/2022/10/PMA-logo-2020-12.png
https://progressivemartialarts.com.au/product/sulite-lameco-eskrima-secrets-of-double-stick-fighting-volume-2/	https://progressivemartialarts.com.au/wp-content/uploads/2022/10/dvd-bolt-wrestling_360x_2773eba6-7a00-4d66-9287-70cd0c021687.jpg
https://progressivemartialarts.com.au/product/sulite-lameco-eskrima-secrets-of-double-stick-fighting-volume-2/	https://progressivemartialarts.com.au/wp-content/uploads/2022/10/dvd-wingchun-mma_540x_3a7a76b0-19be-48e3-86fc-5b0ebd10b420.jpg
https://progressivemartialarts.com.au/product/sulite-lameco-eskrima-secrets-of-double-stick-fighting-volume-2/	https://progressivemartialarts.com.au/wp-content/uploads/2022/10/sulite-secrets-of-double-stick-fighting-volume-02_360x_e7d37162-259a-4b0c-9085-1dd083109841.jpg
https://progressivemartialarts.com.au/product/sulite-lameco-eskrima-secrets-of-double-stick-fighting-volume-2/	https://progressivemartialarts.com.au/wp-content/uploads/2026/04/2013-15-Disarms-600x978.jpg
https://progressivemartialarts.com.au/product/suwanda-sarong-system-advanced-techniques-volume-3/	https://firstsight.design/cherie/beauty/wp-content/uploads/2020/10/Shopping-Cart.svg
https://progressivemartialarts.com.au/product/suwanda-sarong-system-advanced-techniques-volume-3/	https://progressivemartialarts.com.au/wp-content/uploads/2022/10/2012-08-Sensitivity-600x1002.jpg
https://progressivemartialarts.com.au/product/suwanda-sarong-system-advanced-techniques-volume-3/	https://progressivemartialarts.com.au/wp-content/uploads/2022/10/2012-14-Silat-600x922.jpg
https://progressivemartialarts.com.au/product/suwanda-sarong-system-advanced-techniques-volume-3/	https://progressivemartialarts.com.au/wp-content/uploads/2022/10/PMA-logo-2020-11250X60-11.png
https://progressivemartialarts.com.au/product/suwanda-sarong-system-advanced-techniques-volume-3/	https://progressivemartialarts.com.au/wp-content/uploads/2022/10/PMA-logo-2020-12.png
https://progressivemartialarts.com.au/product/suwanda-sarong-system-advanced-techniques-volume-3/	https://progressivemartialarts.com.au/wp-content/uploads/2022/10/Suwanda-Sarung-3.jpg
https://progressivemartialarts.com.au/product/suwanda-sarong-system-advanced-techniques-volume-3/	https://progressivemartialarts.com.au/wp-content/uploads/2022/10/dvd-bolt-wrestling_360x_2773eba6-7a00-4d66-9287-70cd0c021687.jpg
https://progressivemartialarts.com.au/product/suwanda-sarong-system-advanced-techniques-volume-3/	https://progressivemartialarts.com.au/wp-content/uploads/2026/04/2013-05-12-Areas-2-600x993.jpg
https://progressivemartialarts.com.au/product/sweatpants-inosanto-academy-black-with-gold-logos/	https://firstsight.design/cherie/beauty/wp-content/uploads/2020/10/Shopping-Cart.svg
https://progressivemartialarts.com.au/product/sweatpants-inosanto-academy-black-with-gold-logos/	https://progressivemartialarts.com.au/wp-content/uploads/2022/10/2016-australian-tour-shirt-2.jpg
https://progressivemartialarts.com.au/product/sweatpants-inosanto-academy-black-with-gold-logos/	https://progressivemartialarts.com.au/wp-content/uploads/2022/10/PMA-logo-2020-11250X60-11.png
https://progressivemartialarts.com.au/product/sweatpants-inosanto-academy-black-with-gold-logos/	https://progressivemartialarts.com.au/wp-content/uploads/2022/10/PMA-logo-2020-12.png
https://progressivemartialarts.com.au/product/sweatpants-inosanto-academy-black-with-gold-logos/	https://progressivemartialarts.com.au/wp-content/uploads/2022/10/image_01a9aa74-bc85-4984-b5a9-a186008dafea.jpg
https://progressivemartialarts.com.au/product/sweatpants-inosanto-academy-black-with-gold-logos/	https://progressivemartialarts.com.au/wp-content/uploads/2022/10/image_82fa5c0c-07d7-42de-b015-40813f3fb6bc-600x450.webp
https://progressivemartialarts.com.au/product/sweatpants-inosanto-academy-black-with-gold-logos/	https://progressivemartialarts.com.au/wp-content/uploads/2022/10/image_a4195139-19f7-4e88-b06d-55645ff4a91a.jpg
https://progressivemartialarts.com.au/product/sweatpants-inosanto-academy-black-with-gold-logos/	https://progressivemartialarts.com.au/wp-content/uploads/2023/02/IMG2476.jpg
https://progressivemartialarts.com.au/product/sweatpants-inosanto-academy-black-with-gold-logos/	https://progressivemartialarts.com.au/wp-content/uploads/2026/06/Rashguard-Black-wRed-600x450.webp
https://progressivemartialarts.com.au/product/sweatpants-inosanto-academy-black-with-red-and-gold-logos/	https://firstsight.design/cherie/beauty/wp-content/uploads/2020/10/Shopping-Cart.svg
https://progressivemartialarts.com.au/product/sweatpants-inosanto-academy-black-with-red-and-gold-logos/	https://progressivemartialarts.com.au/wp-content/uploads/2022/10/2016-07-Legends.1.jpg
https://progressivemartialarts.com.au/product/sweatpants-inosanto-academy-black-with-red-and-gold-logos/	https://progressivemartialarts.com.au/wp-content/uploads/2022/10/PMA-logo-2020-11250X60-11.png
https://progressivemartialarts.com.au/product/sweatpants-inosanto-academy-black-with-red-and-gold-logos/	https://progressivemartialarts.com.au/wp-content/uploads/2022/10/PMA-logo-2020-12.png
https://progressivemartialarts.com.au/product/sweatpants-inosanto-academy-black-with-red-and-gold-logos/	https://progressivemartialarts.com.au/wp-content/uploads/2022/10/image_2c9cad20-3667-4fe1-81ae-4db152855d22-600x859.jpg
https://progressivemartialarts.com.au/product/sweatpants-inosanto-academy-black-with-red-and-gold-logos/	https://progressivemartialarts.com.au/wp-content/uploads/2022/10/image_83c86b91-64b9-43db-8dfc-7858cd788faa.png
https://progressivemartialarts.com.au/product/sweatpants-inosanto-academy-black-with-red-and-gold-logos/	https://progressivemartialarts.com.au/wp-content/uploads/2022/10/image_bee9c134-4a13-4084-a500-a312d46ba099.jpg
https://progressivemartialarts.com.au/product/sweatpants-inosanto-academy-black-with-red-and-gold-logos/	https://progressivemartialarts.com.au/wp-content/uploads/2022/10/image_bf23717d-7002-4baf-905e-61f5b79cae37.jpg
https://progressivemartialarts.com.au/product/sweatpants-inosanto-academy-black-with-red-and-gold-logos/	https://progressivemartialarts.com.au/wp-content/uploads/2022/10/inosanto-weapons-t-shirt-e1776906479826.jpg
https://progressivemartialarts.com.au/product/sweatpants-inosanto-academy-black-with-red-and-white-logos/	https://firstsight.design/cherie/beauty/wp-content/uploads/2020/10/Shopping-Cart.svg
https://progressivemartialarts.com.au/product/sweatpants-inosanto-academy-black-with-red-and-white-logos/	https://progressivemartialarts.com.au/wp-content/uploads/2022/10/PMA-logo-2020-11250X60-11.png
https://progressivemartialarts.com.au/product/sweatpants-inosanto-academy-black-with-red-and-white-logos/	https://progressivemartialarts.com.au/wp-content/uploads/2022/10/PMA-logo-2020-12.png
https://progressivemartialarts.com.au/product/sweatpants-inosanto-academy-black-with-red-and-white-logos/	https://progressivemartialarts.com.au/wp-content/uploads/2022/10/image_2c9cad20-3667-4fe1-81ae-4db152855d22-600x859.jpg
https://progressivemartialarts.com.au/product/sweatpants-inosanto-academy-black-with-red-and-white-logos/	https://progressivemartialarts.com.au/wp-content/uploads/2022/10/image_31f7987b-a2a9-497e-97a9-8d49da69be15.jpg
https://progressivemartialarts.com.au/product/sweatpants-inosanto-academy-black-with-red-and-white-logos/	https://progressivemartialarts.com.au/wp-content/uploads/2022/10/image_3a3e7362-11d7-42e0-a131-68cdfb7f90be.jpg
https://progressivemartialarts.com.au/product/sweatpants-inosanto-academy-black-with-red-and-white-logos/	https://progressivemartialarts.com.au/wp-content/uploads/2022/10/progressive-martial-arts-gi-pants-1-e1779165833537.jpg
https://progressivemartialarts.com.au/product/sweatpants-inosanto-academy-black-with-red-and-white-logos/	https://progressivemartialarts.com.au/wp-content/uploads/2022/10/revgear-thai-shorts-various-colours-2.jpg
https://progressivemartialarts.com.au/product/sweatpants-inosanto-academy-black-with-red-and-white-logos/	https://progressivemartialarts.com.au/wp-content/uploads/2025/04/2024-07-Legends.1.jpg
https://progressivemartialarts.com.au/product/sweatpants-thai-boxing-association-classic-logo/	https://firstsight.design/cherie/beauty/wp-content/uploads/2020/10/Shopping-Cart.svg
https://progressivemartialarts.com.au/product/sweatpants-thai-boxing-association-classic-logo/	https://progressivemartialarts.com.au/wp-content/uploads/2022/10/PMA-logo-2020-11250X60-11.png
https://progressivemartialarts.com.au/product/sweatpants-thai-boxing-association-classic-logo/	https://progressivemartialarts.com.au/wp-content/uploads/2022/10/PMA-logo-2020-12.png
https://progressivemartialarts.com.au/product/sweatpants-thai-boxing-association-classic-logo/	https://progressivemartialarts.com.au/wp-content/uploads/2022/10/image_c89111d6-0b78-4333-a4f3-5467be4a45f0.jpg
https://progressivemartialarts.com.au/product/sweatpants-thai-boxing-association-classic-logo/	https://progressivemartialarts.com.au/wp-content/uploads/2022/10/image_fda0ecf4-c59a-4f4e-98a0-610560700311.jpg
https://progressivemartialarts.com.au/product/sweatpants-thai-boxing-association-classic-logo/	https://progressivemartialarts.com.au/wp-content/uploads/2022/10/progressive-martial-arts-gi-pants-1-e1779165833537.jpg
https://progressivemartialarts.com.au/product/sweatpants-thai-boxing-association-classic-logo/	https://progressivemartialarts.com.au/wp-content/uploads/2026/04/2017-12-Thai-Boxing-1-600x823.jpg
https://progressivemartialarts.com.au/product/sweatpants-thai-boxing-association-classic-logo/	https://progressivemartialarts.com.au/wp-content/uploads/2026/04/2018-13-Mixed-Arts-day-1-600x853.jpg
https://progressivemartialarts.com.au/product/sweatpants-thai-boxing-association-classic-logo/	https://progressivemartialarts.com.au/wp-content/uploads/2026/04/2023-14-Mixed-day-2-1-600x830.jpg
https://progressivemartialarts.com.au/product/t-shirt-15-year-anniversary-train-with-the-legends-2013/	https://firstsight.design/cherie/beauty/wp-content/uploads/2020/10/Shopping-Cart.svg
https://progressivemartialarts.com.au/product/t-shirt-15-year-anniversary-train-with-the-legends-2013/	https://progressivemartialarts.com.au/wp-content/uploads/2022/10/20191213_103249-600x668.jpg
https://progressivemartialarts.com.au/product/t-shirt-15-year-anniversary-train-with-the-legends-2013/	https://progressivemartialarts.com.au/wp-content/uploads/2022/10/PMA-logo-2020-11250X60-11.png
https://progressivemartialarts.com.au/product/t-shirt-15-year-anniversary-train-with-the-legends-2013/	https://progressivemartialarts.com.au/wp-content/uploads/2022/10/PMA-logo-2020-12.png
https://progressivemartialarts.com.au/product/t-shirt-15-year-anniversary-train-with-the-legends-2013/	https://progressivemartialarts.com.au/wp-content/uploads/2022/10/T-shirt-legends-15-back.jpg
https://progressivemartialarts.com.au/product/t-shirt-15-year-anniversary-train-with-the-legends-2013/	https://progressivemartialarts.com.au/wp-content/uploads/2022/10/baseball-absorb-black-grey-store_360x_ffca1cc8-90ef-4233-861d-f21c71234481.jpg
https://progressivemartialarts.com.au/product/t-shirt-15-year-anniversary-train-with-the-legends-2013/	https://progressivemartialarts.com.au/wp-content/uploads/2022/10/clothing_shirt_lacoste_360x_a3833f47-f884-4561-9559-4cb5582bdfa0.jpg
https://progressivemartialarts.com.au/product/t-shirt-15-year-anniversary-train-with-the-legends-2013/	https://progressivemartialarts.com.au/wp-content/uploads/2022/10/shirt-sporttek-baseball-silver-black-front_360x_b0ca8d88-8f6a-499a-a75a-3dc2d79a69e0.jpg
https://progressivemartialarts.com.au/product/t-shirt-15-year-anniversary-train-with-the-legends-2013/	https://progressivemartialarts.com.au/wp-content/uploads/2022/10/tshirt-legends-15-front-250_2048x2048_b7e67ca9-27ec-4d10-b37c-79a81b72a14b_360x.jpg
https://progressivemartialarts.com.au/product/t-shirt-guro-dan-inosanto-2016-australian-tour/	https://firstsight.design/cherie/beauty/wp-content/uploads/2020/10/Shopping-Cart.svg
https://progressivemartialarts.com.au/product/t-shirt-guro-dan-inosanto-2016-australian-tour/	https://progressivemartialarts.com.au/wp-content/uploads/2022/10/2016-australian-tour-shirt-1.jpg
https://progressivemartialarts.com.au/product/t-shirt-guro-dan-inosanto-2016-australian-tour/	https://progressivemartialarts.com.au/wp-content/uploads/2022/10/2016-australian-tour-shirt-2.jpg
https://progressivemartialarts.com.au/product/t-shirt-guro-dan-inosanto-2016-australian-tour/	https://progressivemartialarts.com.au/wp-content/uploads/2022/10/PMA-logo-2020-11250X60-11.png
https://progressivemartialarts.com.au/product/t-shirt-guro-dan-inosanto-2016-australian-tour/	https://progressivemartialarts.com.au/wp-content/uploads/2022/10/PMA-logo-2020-12.png
https://progressivemartialarts.com.au/product/t-shirt-guro-dan-inosanto-2016-australian-tour/	https://progressivemartialarts.com.au/wp-content/uploads/2022/10/baseball-absorb-black-grey-store_360x_ffca1cc8-90ef-4233-861d-f21c71234481.jpg
https://progressivemartialarts.com.au/product/t-shirt-guro-dan-inosanto-2016-australian-tour/	https://progressivemartialarts.com.au/wp-content/uploads/2022/10/image_101cf205-3dba-4154-921f-ca5465f14fc7-600x722.jpg
https://progressivemartialarts.com.au/product/t-shirt-guro-dan-inosanto-2016-australian-tour/	https://progressivemartialarts.com.au/wp-content/uploads/2022/10/tshirt-legends-15-front-250_2048x2048_b7e67ca9-27ec-4d10-b37c-79a81b72a14b_360x.jpg
https://progressivemartialarts.com.au/product/t-shirt-guro-dan-inosanto-2016-australian-tour/	https://progressivemartialarts.com.au/wp-content/uploads/2023/02/TBA-new-back.1-600x589.jpeg
https://progressivemartialarts.com.au/product/t-shirt-guro-dan-inosanto-2019-australian-tour/	https://firstsight.design/cherie/beauty/wp-content/uploads/2020/10/Shopping-Cart.svg
https://progressivemartialarts.com.au/product/t-shirt-guro-dan-inosanto-2019-australian-tour/	https://progressivemartialarts.com.au/wp-content/uploads/2022/10/20191213_102934.jpg
https://progressivemartialarts.com.au/product/t-shirt-guro-dan-inosanto-2019-australian-tour/	https://progressivemartialarts.com.au/wp-content/uploads/2022/10/20191213_103249.jpg
https://progressivemartialarts.com.au/product/t-shirt-guro-dan-inosanto-2019-australian-tour/	https://progressivemartialarts.com.au/wp-content/uploads/2022/10/PMA-logo-2020-11250X60-11.png
https://progressivemartialarts.com.au/product/t-shirt-guro-dan-inosanto-2019-australian-tour/	https://progressivemartialarts.com.au/wp-content/uploads/2022/10/PMA-logo-2020-12.png
https://progressivemartialarts.com.au/product/t-shirt-guro-dan-inosanto-2019-australian-tour/	https://progressivemartialarts.com.au/wp-content/uploads/2022/10/baseball-absorb-blue-gold-front_360x_ce6cd087-2dde-4485-ab52-685c651bf450.jpg
https://progressivemartialarts.com.au/product/t-shirt-guro-dan-inosanto-2019-australian-tour/	https://progressivemartialarts.com.au/wp-content/uploads/2022/10/inosanto-kali-t-shirt-e1776903428142.jpg
https://progressivemartialarts.com.au/product/t-shirt-guro-dan-inosanto-2019-australian-tour/	https://progressivemartialarts.com.au/wp-content/uploads/2022/10/tshirt-legends-15-front-250_2048x2048_b7e67ca9-27ec-4d10-b37c-79a81b72a14b_360x.jpg
https://progressivemartialarts.com.au/product/t-shirt-guro-dan-inosanto-2019-australian-tour/	https://progressivemartialarts.com.au/wp-content/uploads/2023/02/TBA-new-back.1-600x589.jpeg
https://progressivemartialarts.com.au/product/t-shirt-inosanto-absorb-what-is-useful/	https://firstsight.design/cherie/beauty/wp-content/uploads/2020/10/Shopping-Cart.svg
https://progressivemartialarts.com.au/product/t-shirt-inosanto-absorb-what-is-useful/	https://progressivemartialarts.com.au/wp-content/uploads/2022/10/2016-australian-tour-shirt-2.jpg
https://progressivemartialarts.com.au/product/t-shirt-inosanto-absorb-what-is-useful/	https://progressivemartialarts.com.au/wp-content/uploads/2022/10/PMA-logo-2020-11250X60-11.png
https://progressivemartialarts.com.au/product/t-shirt-inosanto-absorb-what-is-useful/	https://progressivemartialarts.com.au/wp-content/uploads/2022/10/PMA-logo-2020-12.png
https://progressivemartialarts.com.au/product/t-shirt-inosanto-absorb-what-is-useful/	https://progressivemartialarts.com.au/wp-content/uploads/2022/10/shirt-sporttek-baseball-silver-black-front_360x_b0ca8d88-8f6a-499a-a75a-3dc2d79a69e0.jpg
https://progressivemartialarts.com.au/product/t-shirt-inosanto-absorb-what-is-useful/	https://progressivemartialarts.com.au/wp-content/uploads/2023/02/IMG2472.jpg
https://progressivemartialarts.com.au/product/t-shirt-inosanto-absorb-what-is-useful/	https://progressivemartialarts.com.au/wp-content/uploads/2023/02/T-Shirt-Absorb-back-2-1.jpeg
https://progressivemartialarts.com.au/product/t-shirt-inosanto-absorb-what-is-useful/	https://progressivemartialarts.com.au/wp-content/uploads/2023/02/T-Shirt-Absorb-back.jpg
https://progressivemartialarts.com.au/product/t-shirt-inosanto-absorb-what-is-useful/	https://progressivemartialarts.com.au/wp-content/uploads/2023/02/TBA-new-back.1-600x589.jpeg
https://progressivemartialarts.com.au/product/t-shirt-inosanto-absorb-what-is-useful/	https://progressivemartialarts.com.au/wp-content/uploads/2026/06/IMG_4782-600x715.jpg
https://progressivemartialarts.com.au/product/t-shirt-inosanto-academy-12-spot/	https://firstsight.design/cherie/beauty/wp-content/uploads/2020/10/Shopping-Cart.svg
https://progressivemartialarts.com.au/product/t-shirt-inosanto-academy-12-spot/	https://progressivemartialarts.com.au/wp-content/uploads/2022/10/PMA-logo-2020-11250X60-11.png
https://progressivemartialarts.com.au/product/t-shirt-inosanto-academy-12-spot/	https://progressivemartialarts.com.au/wp-content/uploads/2022/10/PMA-logo-2020-12.png
https://progressivemartialarts.com.au/product/t-shirt-inosanto-academy-12-spot/	https://progressivemartialarts.com.au/wp-content/uploads/2022/10/baseball-absorb-black-grey-store_360x_ffca1cc8-90ef-4233-861d-f21c71234481.jpg
https://progressivemartialarts.com.au/product/t-shirt-inosanto-academy-12-spot/	https://progressivemartialarts.com.au/wp-content/uploads/2022/10/clothing_shirt_lacoste_360x_a3833f47-f884-4561-9559-4cb5582bdfa0.jpg
https://progressivemartialarts.com.au/product/t-shirt-inosanto-academy-12-spot/	https://progressivemartialarts.com.au/wp-content/uploads/2022/10/image_d1b25912-066b-49db-b6b0-6574212a98fd.jpg
https://progressivemartialarts.com.au/product/t-shirt-inosanto-academy-12-spot/	https://progressivemartialarts.com.au/wp-content/uploads/2023/02/3B424D99-4528-44E6-A7D6-92D618223FA2_1_105_c.jpeg
https://progressivemartialarts.com.au/product/t-shirt-inosanto-academy-12-spot/	https://progressivemartialarts.com.au/wp-content/uploads/2023/02/5C5527BF-6391-409F-97CA-C50801AD4777_1_105_c.jpeg
https://progressivemartialarts.com.au/product/t-shirt-inosanto-academy-12-spot/	https://progressivemartialarts.com.au/wp-content/uploads/2023/02/680D5F5E-0914-4628-8944-4F942A208572.heic
https://progressivemartialarts.com.au/product/t-shirt-inosanto-academy-12-spot/	https://progressivemartialarts.com.au/wp-content/uploads/2023/02/6A57A52E-5627-4EAC-956F-94253286EE7D.heic
https://progressivemartialarts.com.au/product/t-shirt-inosanto-academy-12-spot/	https://progressivemartialarts.com.au/wp-content/uploads/2023/02/IMG2476.jpg
https://progressivemartialarts.com.au/product/t-shirt-inosanto-academy-12-spot/	https://progressivemartialarts.com.au/wp-content/uploads/2023/02/TBA-new-back.1-600x589.jpeg
https://progressivemartialarts.com.au/product/t-shirt-inosanto-academy-12-spot/	https://progressivemartialarts.com.au/wp-content/uploads/2026/04/TBA-Old-back-600x800.jpeg
https://progressivemartialarts.com.au/product/t-shirt-inosanto-academy-angel-necklace/	https://firstsight.design/cherie/beauty/wp-content/uploads/2020/10/Shopping-Cart.svg
https://progressivemartialarts.com.au/product/t-shirt-inosanto-academy-angel-necklace/	https://progressivemartialarts.com.au/wp-content/uploads/2022/10/IAMA-Spaghetti.jpeg
https://progressivemartialarts.com.au/product/t-shirt-inosanto-academy-angel-necklace/	https://progressivemartialarts.com.au/wp-content/uploads/2022/10/PMA-logo-2020-11250X60-11.png
https://progressivemartialarts.com.au/product/t-shirt-inosanto-academy-angel-necklace/	https://progressivemartialarts.com.au/wp-content/uploads/2022/10/PMA-logo-2020-12.png
https://progressivemartialarts.com.au/product/t-shirt-inosanto-academy-angel-necklace/	https://progressivemartialarts.com.au/wp-content/uploads/2022/10/image_101cf205-3dba-4154-921f-ca5465f14fc7.jpg
https://progressivemartialarts.com.au/product/t-shirt-inosanto-academy-angel-necklace/	https://progressivemartialarts.com.au/wp-content/uploads/2022/10/image_d1b25912-066b-49db-b6b0-6574212a98fd.jpg
https://progressivemartialarts.com.au/product/t-shirt-inosanto-academy-angel-necklace/	https://progressivemartialarts.com.au/wp-content/uploads/2023/02/IMG2471.jpg
https://progressivemartialarts.com.au/product/t-shirt-inosanto-academy-angel-necklace/	https://progressivemartialarts.com.au/wp-content/uploads/2023/02/IMG2472.jpg
https://progressivemartialarts.com.au/product/t-shirt-inosanto-academy-angel-necklace/	https://progressivemartialarts.com.au/wp-content/uploads/2026/06/IMG_4782-600x715.jpg
https://progressivemartialarts.com.au/product/t-shirt-inosanto-academy-angel-necklace/	https://progressivemartialarts.com.au/wp-content/uploads/2026/06/IMG_4787-600x1065.jpg
https://progressivemartialarts.com.au/product/t-shirt-inosanto-academy-angel-sash-blue-with-gold/	https://firstsight.design/cherie/beauty/wp-content/uploads/2020/10/Shopping-Cart.svg
https://progressivemartialarts.com.au/product/t-shirt-inosanto-academy-angel-sash-blue-with-gold/	https://progressivemartialarts.com.au/wp-content/uploads/2022/10/PMA-logo-2020-11250X60-11.png
https://progressivemartialarts.com.au/product/t-shirt-inosanto-academy-angel-sash-blue-with-gold/	https://progressivemartialarts.com.au/wp-content/uploads/2022/10/PMA-logo-2020-12.png
https://progressivemartialarts.com.au/product/t-shirt-inosanto-academy-angel-sash-blue-with-gold/	https://progressivemartialarts.com.au/wp-content/uploads/2022/10/baseball-absorb-blue-gold-front_360x_ce6cd087-2dde-4485-ab52-685c651bf450.jpg
https://progressivemartialarts.com.au/product/t-shirt-inosanto-academy-angel-sash-blue-with-gold/	https://progressivemartialarts.com.au/wp-content/uploads/2022/10/image_1d7e1836-fcce-40e7-86b0-86dd1f0716d6.jpg
https://progressivemartialarts.com.au/product/t-shirt-inosanto-academy-angel-sash-blue-with-gold/	https://progressivemartialarts.com.au/wp-content/uploads/2022/10/image_2c9cad20-3667-4fe1-81ae-4db152855d22.jpg
https://progressivemartialarts.com.au/product/t-shirt-inosanto-academy-angel-sash-blue-with-gold/	https://progressivemartialarts.com.au/wp-content/uploads/2022/10/inosanto-kali-t-shirt-e1776903428142.jpg
https://progressivemartialarts.com.au/product/t-shirt-inosanto-academy-angel-sash-blue-with-gold/	https://progressivemartialarts.com.au/wp-content/uploads/2022/10/shirt-sporttek-baseball-silver-black-front_360x_b0ca8d88-8f6a-499a-a75a-3dc2d79a69e0.jpg
https://progressivemartialarts.com.au/product/t-shirt-inosanto-academy-angel-sash-blue-with-gold/	https://progressivemartialarts.com.au/wp-content/uploads/2023/02/IMG2476.jpg
https://progressivemartialarts.com.au/product/t-shirt-inosanto-academy-university-t/	https://firstsight.design/cherie/beauty/wp-content/uploads/2020/10/Shopping-Cart.svg
https://progressivemartialarts.com.au/product/t-shirt-inosanto-academy-university-t/	https://progressivemartialarts.com.au/wp-content/uploads/2022/10/20191213_103249-600x668.jpg
https://progressivemartialarts.com.au/product/t-shirt-inosanto-academy-university-t/	https://progressivemartialarts.com.au/wp-content/uploads/2022/10/PMA-logo-2020-11250X60-11.png
https://progressivemartialarts.com.au/product/t-shirt-inosanto-academy-university-t/	https://progressivemartialarts.com.au/wp-content/uploads/2022/10/PMA-logo-2020-12.png
https://progressivemartialarts.com.au/product/t-shirt-inosanto-academy-university-t/	https://progressivemartialarts.com.au/wp-content/uploads/2022/10/inosanto-academy-long-sleeve-rash-vest.jpg
https://progressivemartialarts.com.au/product/t-shirt-inosanto-academy-university-t/	https://progressivemartialarts.com.au/wp-content/uploads/2022/10/shirt-sporttek-baseball-silver-black-front_360x_b0ca8d88-8f6a-499a-a75a-3dc2d79a69e0.jpg
https://progressivemartialarts.com.au/product/t-shirt-inosanto-academy-university-t/	https://progressivemartialarts.com.au/wp-content/uploads/2023/02/IMG2479.jpg
https://progressivemartialarts.com.au/product/t-shirt-inosanto-academy-university-t/	https://progressivemartialarts.com.au/wp-content/uploads/2023/02/University-T-Black-white.jpg
https://progressivemartialarts.com.au/product/t-shirt-inosanto-academy-university-t/	https://progressivemartialarts.com.au/wp-content/uploads/2023/02/University-T-grey-Black-.jpg
https://progressivemartialarts.com.au/product/t-shirt-inosanto-academy-university-t/	https://progressivemartialarts.com.au/wp-content/uploads/2023/02/University-T-grey-Black.jpg
https://progressivemartialarts.com.au/product/t-shirt-inosanto-academy-university-t/	https://progressivemartialarts.com.au/wp-content/uploads/2026/06/IMG_4782-600x715.jpg
https://progressivemartialarts.com.au/product/t-shirt-inosanto-academy-weapons-of-the-southern-philippines/	https://firstsight.design/cherie/beauty/wp-content/uploads/2020/10/Shopping-Cart.svg
https://progressivemartialarts.com.au/product/t-shirt-inosanto-academy-weapons-of-the-southern-philippines/	https://progressivemartialarts.com.au/wp-content/uploads/2022/10/20191213_103249-600x668.jpg
https://progressivemartialarts.com.au/product/t-shirt-inosanto-academy-weapons-of-the-southern-philippines/	https://progressivemartialarts.com.au/wp-content/uploads/2022/10/PMA-logo-2020-11250X60-11.png
https://progressivemartialarts.com.au/product/t-shirt-inosanto-academy-weapons-of-the-southern-philippines/	https://progressivemartialarts.com.au/wp-content/uploads/2022/10/PMA-logo-2020-12.png
https://progressivemartialarts.com.au/product/t-shirt-inosanto-academy-weapons-of-the-southern-philippines/	https://progressivemartialarts.com.au/wp-content/uploads/2022/10/baseball-absorb-black-grey-store_360x_ffca1cc8-90ef-4233-861d-f21c71234481.jpg
https://progressivemartialarts.com.au/product/t-shirt-inosanto-academy-weapons-of-the-southern-philippines/	https://progressivemartialarts.com.au/wp-content/uploads/2022/10/inosanto-weapons-t-shirt-e1776906479826.jpg
https://progressivemartialarts.com.au/product/t-shirt-inosanto-academy-weapons-of-the-southern-philippines/	https://progressivemartialarts.com.au/wp-content/uploads/2023/02/C5ECE951-DB5E-4594-8C6A-B3E460F94CDD-600x363.jpeg
https://progressivemartialarts.com.au/product/t-shirt-inosanto-academy-weapons-of-the-southern-philippines/	https://progressivemartialarts.com.au/wp-content/uploads/2023/02/TBA-new-back.1-600x589.jpeg
https://progressivemartialarts.com.au/product/t-shirt-inosanto-academy-womens-bella-top/	https://firstsight.design/cherie/beauty/wp-content/uploads/2020/10/Shopping-Cart.svg
https://progressivemartialarts.com.au/product/t-shirt-inosanto-academy-womens-bella-top/	https://progressivemartialarts.com.au/wp-content/uploads/2022/10/PMA-logo-2020-11250X60-11.png
https://progressivemartialarts.com.au/product/t-shirt-inosanto-academy-womens-bella-top/	https://progressivemartialarts.com.au/wp-content/uploads/2022/10/PMA-logo-2020-12.png
https://progressivemartialarts.com.au/product/t-shirt-inosanto-academy-womens-bella-top/	https://progressivemartialarts.com.au/wp-content/uploads/2022/10/image_101cf205-3dba-4154-921f-ca5465f14fc7-600x722.jpg
https://progressivemartialarts.com.au/product/t-shirt-inosanto-academy-womens-bella-top/	https://progressivemartialarts.com.au/wp-content/uploads/2022/10/inosanto-academy-short-sleeve-rash-vest-e1778982686103.jpg
https://progressivemartialarts.com.au/product/t-shirt-inosanto-academy-womens-bella-top/	https://progressivemartialarts.com.au/wp-content/uploads/2023/02/C65AF0D5-9470-4E7D-BF2B-2298FA8A4EFD_1_105_c.jpeg
https://progressivemartialarts.com.au/product/t-shirt-inosanto-academy-womens-bella-top/	https://progressivemartialarts.com.au/wp-content/uploads/2023/02/IMG2486.jpg
https://progressivemartialarts.com.au/product/t-shirt-inosanto-academy-womens-bella-top/	https://progressivemartialarts.com.au/wp-content/uploads/2023/02/TBA-new-back.1-600x589.jpeg
https://progressivemartialarts.com.au/product/t-shirt-inosanto-academy-womens-bella-top/	https://progressivemartialarts.com.au/wp-content/uploads/2023/02/University-T-Black-white-600x823.jpg
https://progressivemartialarts.com.au/product/t-shirt-inosanto-kali/	https://firstsight.design/cherie/beauty/wp-content/uploads/2020/10/Shopping-Cart.svg
https://progressivemartialarts.com.au/product/t-shirt-inosanto-kali/	https://progressivemartialarts.com.au/wp-content/uploads/2022/10/PMA-logo-2020-11250X60-11.png
https://progressivemartialarts.com.au/product/t-shirt-inosanto-kali/	https://progressivemartialarts.com.au/wp-content/uploads/2022/10/PMA-logo-2020-12.png
https://progressivemartialarts.com.au/product/t-shirt-inosanto-kali/	https://progressivemartialarts.com.au/wp-content/uploads/2022/10/inosanto-kali-t-shirt-e1776903428142.jpg
https://progressivemartialarts.com.au/product/t-shirt-inosanto-kali/	https://progressivemartialarts.com.au/wp-content/uploads/2022/10/inosanto-weapons-t-shirt-e1776906479826.jpg
https://progressivemartialarts.com.au/product/t-shirt-inosanto-kali/	https://progressivemartialarts.com.au/wp-content/uploads/2023/02/8433F7D5-A92A-45D7-B8AE-845690B90426_1_105_c-600x657.jpeg
https://progressivemartialarts.com.au/product/t-shirt-inosanto-kali/	https://progressivemartialarts.com.au/wp-content/uploads/2023/02/C5ECE951-DB5E-4594-8C6A-B3E460F94CDD-600x363.jpeg
https://progressivemartialarts.com.au/product/t-shirt-inosanto-kali/	https://progressivemartialarts.com.au/wp-content/uploads/2023/02/IMG2472.jpg
https://progressivemartialarts.com.au/product/t-shirt-jean-jacques-machado-academia-de-jiu-jitsu-2/	https://firstsight.design/cherie/beauty/wp-content/uploads/2020/10/Shopping-Cart.svg
https://progressivemartialarts.com.au/product/t-shirt-jean-jacques-machado-academia-de-jiu-jitsu-2/	https://progressivemartialarts.com.au/wp-content/uploads/2022/10/PMA-logo-2020-11250X60-11.png
https://progressivemartialarts.com.au/product/t-shirt-jean-jacques-machado-academia-de-jiu-jitsu-2/	https://progressivemartialarts.com.au/wp-content/uploads/2022/10/PMA-logo-2020-12.png
https://progressivemartialarts.com.au/product/t-shirt-jean-jacques-machado-academia-de-jiu-jitsu-2/	https://progressivemartialarts.com.au/wp-content/uploads/2022/10/baseball-absorb-black-grey-store_360x_ffca1cc8-90ef-4233-861d-f21c71234481.jpg
https://progressivemartialarts.com.au/product/t-shirt-jean-jacques-machado-academia-de-jiu-jitsu-2/	https://progressivemartialarts.com.au/wp-content/uploads/2022/10/inosanto-kali-t-shirt-e1776903428142.jpg
https://progressivemartialarts.com.au/product/t-shirt-jean-jacques-machado-academia-de-jiu-jitsu-2/	https://progressivemartialarts.com.au/wp-content/uploads/2022/10/inosanto-weapons-t-shirt-e1776906479826.jpg
https://progressivemartialarts.com.au/product/t-shirt-jean-jacques-machado-academia-de-jiu-jitsu-2/	https://progressivemartialarts.com.au/wp-content/uploads/2026/04/TBA-Old-back-600x800.jpeg
https://progressivemartialarts.com.au/product/t-shirt-jean-jacques-machado-academia-de-jiu-jitsu-2/	https://progressivemartialarts.com.au/wp-content/uploads/2026/06/Academia-De-Jiu-Jitsu-Black-Back.webp
https://progressivemartialarts.com.au/product/t-shirt-jean-jacques-machado-academia-de-jiu-jitsu-2/	https://progressivemartialarts.com.au/wp-content/uploads/2026/06/Academia-De-Jiu-Jitsu-Black.jpg
https://progressivemartialarts.com.au/product/t-shirt-jean-jacques-machado-academia-de-jiu-jitsu-2/	https://progressivemartialarts.com.au/wp-content/uploads/2026/06/Academia-De-Jiu-Jitsu-IceBlue.webp
https://progressivemartialarts.com.au/product/t-shirt-jean-jacques-machado-academia-de-jiu-jitsu-2/	https://progressivemartialarts.com.au/wp-content/uploads/2026/06/Academia-De-Jiu-Jitsu-MintGreen.webp
https://progressivemartialarts.com.au/product/t-shirt-jean-jacques-machado-academia-de-jiu-jitsu-2/	https://progressivemartialarts.com.au/wp-content/uploads/2026/06/Academia-De-Jiu-Jitsu-Red.webp
https://progressivemartialarts.com.au/product/t-shirt-jean-jacques-machado-academia-de-jiu-jitsu-2/	https://progressivemartialarts.com.au/wp-content/uploads/2026/06/Academia-De-Jiu-Jitsu-Vint-Lilac.webp
https://progressivemartialarts.com.au/product/t-shirt-jean-jacques-machado-academia-de-jiu-jitsu-2/	https://progressivemartialarts.com.au/wp-content/uploads/2026/06/Academia-De-Jiu-Jitsu-Vint-Yellow.webp
https://progressivemartialarts.com.au/product/t-shirt-jean-jacques-machado-academia-de-jiu-jitsu-2/	https://progressivemartialarts.com.au/wp-content/uploads/2026/06/IMG_4782.jpg
https://progressivemartialarts.com.au/product/t-shirt-jean-jacques-machado-academia-de-jiu-jitsu-small-logo/	https://firstsight.design/cherie/beauty/wp-content/uploads/2020/10/Shopping-Cart.svg
https://progressivemartialarts.com.au/product/t-shirt-jean-jacques-machado-academia-de-jiu-jitsu-small-logo/	https://progressivemartialarts.com.au/wp-content/uploads/2022/10/PMA-logo-2020-11250X60-11.png
https://progressivemartialarts.com.au/product/t-shirt-jean-jacques-machado-academia-de-jiu-jitsu-small-logo/	https://progressivemartialarts.com.au/wp-content/uploads/2022/10/PMA-logo-2020-12.png
https://progressivemartialarts.com.au/product/t-shirt-jean-jacques-machado-academia-de-jiu-jitsu-small-logo/	https://progressivemartialarts.com.au/wp-content/uploads/2022/10/inosanto-academy-short-sleeve-rash-vest-e1778982686103.jpg
https://progressivemartialarts.com.au/product/t-shirt-jean-jacques-machado-academia-de-jiu-jitsu-small-logo/	https://progressivemartialarts.com.au/wp-content/uploads/2022/10/shirt-sporttek-baseball-silver-black-front_360x_b0ca8d88-8f6a-499a-a75a-3dc2d79a69e0.jpg
https://progressivemartialarts.com.au/product/t-shirt-jean-jacques-machado-academia-de-jiu-jitsu-small-logo/	https://progressivemartialarts.com.au/wp-content/uploads/2023/02/C65AF0D5-9470-4E7D-BF2B-2298FA8A4EFD_1_105_c-600x821.jpeg
https://progressivemartialarts.com.au/product/t-shirt-jean-jacques-machado-academia-de-jiu-jitsu-small-logo/	https://progressivemartialarts.com.au/wp-content/uploads/2023/02/University-T-Black-white-600x823.jpg
https://progressivemartialarts.com.au/product/t-shirt-jean-jacques-machado-academia-de-jiu-jitsu-small-logo/	https://progressivemartialarts.com.au/wp-content/uploads/2026/06/IMG_4787.jpg
https://progressivemartialarts.com.au/product/t-shirt-lacoste-inosanto-system/	https://firstsight.design/cherie/beauty/wp-content/uploads/2020/10/Shopping-Cart.svg
https://progressivemartialarts.com.au/product/t-shirt-lacoste-inosanto-system/	https://progressivemartialarts.com.au/wp-content/uploads/2022/10/PMA-logo-2020-11250X60-11.png
https://progressivemartialarts.com.au/product/t-shirt-lacoste-inosanto-system/	https://progressivemartialarts.com.au/wp-content/uploads/2022/10/PMA-logo-2020-12.png
https://progressivemartialarts.com.au/product/t-shirt-lacoste-inosanto-system/	https://progressivemartialarts.com.au/wp-content/uploads/2022/10/clothing_shirt_lacoste_360x_a3833f47-f884-4561-9559-4cb5582bdfa0.jpg
https://progressivemartialarts.com.au/product/t-shirt-lacoste-inosanto-system/	https://progressivemartialarts.com.au/wp-content/uploads/2022/10/image_2c9cad20-3667-4fe1-81ae-4db152855d22-600x859.jpg
https://progressivemartialarts.com.au/product/t-shirt-lacoste-inosanto-system/	https://progressivemartialarts.com.au/wp-content/uploads/2022/10/inosanto-academy-long-sleeve-rash-vest.jpg
https://progressivemartialarts.com.au/product/t-shirt-lacoste-inosanto-system/	https://progressivemartialarts.com.au/wp-content/uploads/2022/10/inosanto-academy-short-sleeve-rash-vest-e1778982686103.jpg
https://progressivemartialarts.com.au/product/t-shirt-lacoste-inosanto-system/	https://progressivemartialarts.com.au/wp-content/uploads/2023/02/C65AF0D5-9470-4E7D-BF2B-2298FA8A4EFD_1_105_c-600x821.jpeg
https://progressivemartialarts.com.au/product/t-shirt-mini-muscles/	https://firstsight.design/cherie/beauty/wp-content/uploads/2020/10/Shopping-Cart.svg
https://progressivemartialarts.com.au/product/t-shirt-mini-muscles/	https://progressivemartialarts.com.au/wp-content/uploads/2022/10/2016-australian-tour-shirt-2.jpg
https://progressivemartialarts.com.au/product/t-shirt-mini-muscles/	https://progressivemartialarts.com.au/wp-content/uploads/2022/10/PMA-logo-2020-11250X60-11.png
https://progressivemartialarts.com.au/product/t-shirt-mini-muscles/	https://progressivemartialarts.com.au/wp-content/uploads/2022/10/PMA-logo-2020-12.png
https://progressivemartialarts.com.au/product/t-shirt-mini-muscles/	https://progressivemartialarts.com.au/wp-content/uploads/2022/10/inosanto-academy-long-sleeve-rash-vest.jpg
https://progressivemartialarts.com.au/product/t-shirt-mini-muscles/	https://progressivemartialarts.com.au/wp-content/uploads/2023/02/C5ECE951-DB5E-4594-8C6A-B3E460F94CDD.jpeg
https://progressivemartialarts.com.au/product/t-shirt-mini-muscles/	https://progressivemartialarts.com.au/wp-content/uploads/2023/02/IMG2476.jpg
https://progressivemartialarts.com.au/product/t-shirt-mini-muscles/	https://progressivemartialarts.com.au/wp-content/uploads/2026/04/TBA-Old-back-600x800.jpeg
https://progressivemartialarts.com.au/product/t-shirt-progressive-martial-arts/	https://firstsight.design/cherie/beauty/wp-content/uploads/2020/10/Shopping-Cart.svg
https://progressivemartialarts.com.au/product/t-shirt-progressive-martial-arts/	https://progressivemartialarts.com.au/wp-content/uploads/2022/10/2016-australian-tour-shirt-2.jpg
https://progressivemartialarts.com.au/product/t-shirt-progressive-martial-arts/	https://progressivemartialarts.com.au/wp-content/uploads/2022/10/PMA-logo-2020-11250X60-11.png
https://progressivemartialarts.com.au/product/t-shirt-progressive-martial-arts/	https://progressivemartialarts.com.au/wp-content/uploads/2022/10/PMA-logo-2020-12.png
https://progressivemartialarts.com.au/product/t-shirt-progressive-martial-arts/	https://progressivemartialarts.com.au/wp-content/uploads/2022/10/image_101cf205-3dba-4154-921f-ca5465f14fc7-600x722.jpg
https://progressivemartialarts.com.au/product/t-shirt-progressive-martial-arts/	https://progressivemartialarts.com.au/wp-content/uploads/2023/02/2C206BDF-C2DA-4A86-8F31-BC8CB37A36E5-600x493.jpeg
https://progressivemartialarts.com.au/product/t-shirt-progressive-martial-arts/	https://progressivemartialarts.com.au/wp-content/uploads/2023/02/8433F7D5-A92A-45D7-B8AE-845690B90426_1_105_c.jpeg
https://progressivemartialarts.com.au/product/t-shirt-progressive-martial-arts/	https://progressivemartialarts.com.au/wp-content/uploads/2023/02/C5ECE951-DB5E-4594-8C6A-B3E460F94CDD-600x363.jpeg
https://progressivemartialarts.com.au/product/t-shirt-progressive-martial-arts/	https://progressivemartialarts.com.au/wp-content/uploads/2023/02/F844EF66-E194-478B-B822-F0C3336F8871_1_105_c.jpeg
https://progressivemartialarts.com.au/product/t-shirt-thai-boxing-association-classic/	https://firstsight.design/cherie/beauty/wp-content/uploads/2020/10/Shopping-Cart.svg
https://progressivemartialarts.com.au/product/t-shirt-thai-boxing-association-classic/	https://progressivemartialarts.com.au/wp-content/uploads/2022/10/PMA-logo-2020-11250X60-11.png
https://progressivemartialarts.com.au/product/t-shirt-thai-boxing-association-classic/	https://progressivemartialarts.com.au/wp-content/uploads/2022/10/PMA-logo-2020-12.png
https://progressivemartialarts.com.au/product/t-shirt-thai-boxing-association-classic/	https://progressivemartialarts.com.au/wp-content/uploads/2022/10/inosanto-weapons-t-shirt-e1776906479826.jpg
https://progressivemartialarts.com.au/product/t-shirt-thai-boxing-association-classic/	https://progressivemartialarts.com.au/wp-content/uploads/2022/10/tshirt-legends-15-front-250_2048x2048_b7e67ca9-27ec-4d10-b37c-79a81b72a14b_360x.jpg
https://progressivemartialarts.com.au/product/t-shirt-thai-boxing-association-classic/	https://progressivemartialarts.com.au/wp-content/uploads/2023/02/TBA-New-front-scaled.jpeg
https://progressivemartialarts.com.au/product/t-shirt-thai-boxing-association-classic/	https://progressivemartialarts.com.au/wp-content/uploads/2023/02/TBA-new-back.1-600x589.jpeg
https://progressivemartialarts.com.au/product/t-shirt-thai-boxing-association-classic/	https://progressivemartialarts.com.au/wp-content/uploads/2026/04/TBA-Old-back.jpeg
https://progressivemartialarts.com.au/product/t-shirt-thai-boxing-association-classic/	https://progressivemartialarts.com.au/wp-content/uploads/2026/06/IMG_4787-600x1065.jpg
https://progressivemartialarts.com.au/product/t-shirt-world-thai-boxing-association-new/	https://firstsight.design/cherie/beauty/wp-content/uploads/2020/10/Shopping-Cart.svg
https://progressivemartialarts.com.au/product/t-shirt-world-thai-boxing-association-new/	https://progressivemartialarts.com.au/wp-content/uploads/2022/10/PMA-logo-2020-11250X60-11.png
https://progressivemartialarts.com.au/product/t-shirt-world-thai-boxing-association-new/	https://progressivemartialarts.com.au/wp-content/uploads/2022/10/PMA-logo-2020-12.png
https://progressivemartialarts.com.au/product/t-shirt-world-thai-boxing-association-new/	https://progressivemartialarts.com.au/wp-content/uploads/2022/10/image_101cf205-3dba-4154-921f-ca5465f14fc7-600x722.jpg
https://progressivemartialarts.com.au/product/t-shirt-world-thai-boxing-association-new/	https://progressivemartialarts.com.au/wp-content/uploads/2023/02/C5ECE951-DB5E-4594-8C6A-B3E460F94CDD-600x363.jpeg
https://progressivemartialarts.com.au/product/t-shirt-world-thai-boxing-association-new/	https://progressivemartialarts.com.au/wp-content/uploads/2023/02/TBA-New-front-scaled.jpeg
https://progressivemartialarts.com.au/product/t-shirt-world-thai-boxing-association-new/	https://progressivemartialarts.com.au/wp-content/uploads/2023/02/TBA-new-back.1.jpeg
https://progressivemartialarts.com.au/product/t-shirt-world-thai-boxing-association-new/	https://progressivemartialarts.com.au/wp-content/uploads/2026/06/IMG_4782-600x715.jpg
https://progressivemartialarts.com.au/product/t-shirt-world-thai-boxing-association-new/	https://progressivemartialarts.com.au/wp-content/uploads/2026/06/Rashguard-Black-wRed-600x450.webp
https://progressivemartialarts.com.au/product/thai-pads-curved-punch-brand/	https://firstsight.design/cherie/beauty/wp-content/uploads/2020/10/Shopping-Cart.svg
https://progressivemartialarts.com.au/product/thai-pads-curved-punch-brand/	https://progressivemartialarts.com.au/wp-content/uploads/2022/10/PMA-logo-2020-11250X60-11.png
https://progressivemartialarts.com.au/product/thai-pads-curved-punch-brand/	https://progressivemartialarts.com.au/wp-content/uploads/2022/10/PMA-logo-2020-12.png
https://progressivemartialarts.com.au/product/thai-pads-curved-punch-brand/	https://progressivemartialarts.com.au/wp-content/uploads/2022/10/Padded-Sticks-all-3-600x454.jpg
https://progressivemartialarts.com.au/product/thai-pads-curved-punch-brand/	https://progressivemartialarts.com.au/wp-content/uploads/2022/10/Thai-Pads-Punch-Red-2.webp
https://progressivemartialarts.com.au/product/thai-pads-curved-punch-brand/	https://progressivemartialarts.com.au/wp-content/uploads/2022/10/Thai-Pads-Punch-Red.webp
https://progressivemartialarts.com.au/product/thai-pads-curved-punch-brand/	https://progressivemartialarts.com.au/wp-content/uploads/2022/10/Thai-Pads-Punch-White.jpg.webp
https://progressivemartialarts.com.au/product/thai-pads-curved-punch-brand/	https://progressivemartialarts.com.au/wp-content/uploads/2023/02/45234D57-5E37-4B14-81B1-61BBEB33CCD9-600x453.jpeg
https://progressivemartialarts.com.au/product/thai-pads-curved-punch-brand/	https://progressivemartialarts.com.au/wp-content/uploads/2023/02/Dagger-Bag-Gold.jpeg
https://progressivemartialarts.com.au/product/thai-pads-curved-punch-brand/	https://progressivemartialarts.com.au/wp-content/uploads/2025/04/IMG_1254-600x800.jpg
https://progressivemartialarts.com.au/product/the-lord-is-my-shepherd-by-chaplain-michael-wise/	https://firstsight.design/cherie/beauty/wp-content/uploads/2020/10/Shopping-Cart.svg
https://progressivemartialarts.com.au/product/the-lord-is-my-shepherd-by-chaplain-michael-wise/	https://progressivemartialarts.com.au/wp-content/uploads/2022/10/121.jpg
https://progressivemartialarts.com.au/product/the-lord-is-my-shepherd-by-chaplain-michael-wise/	https://progressivemartialarts.com.au/wp-content/uploads/2022/10/124-600x831.jpg
https://progressivemartialarts.com.au/product/the-lord-is-my-shepherd-by-chaplain-michael-wise/	https://progressivemartialarts.com.au/wp-content/uploads/2022/10/2010_calendar_360x_f12e80dc-3edf-4d16-83e4-eb93056880eb.jpg
https://progressivemartialarts.com.au/product/the-lord-is-my-shepherd-by-chaplain-michael-wise/	https://progressivemartialarts.com.au/wp-content/uploads/2022/10/PMA-logo-2020-11250X60-11.png
https://progressivemartialarts.com.au/product/the-lord-is-my-shepherd-by-chaplain-michael-wise/	https://progressivemartialarts.com.au/wp-content/uploads/2022/10/PMA-logo-2020-12.png
https://progressivemartialarts.com.au/product/the-lord-is-my-shepherd-by-chaplain-michael-wise/	https://progressivemartialarts.com.au/wp-content/uploads/2022/10/Wise-Sheperd-cover-scaled.jpg
https://progressivemartialarts.com.au/product/the-lord-is-my-shepherd-by-chaplain-michael-wise/	https://progressivemartialarts.com.au/wp-content/uploads/2022/10/fong-book_360x_a71ad87f-c701-4e8e-b028-c11666e78792.jpg
https://progressivemartialarts.com.au/product/the-winning-mindset-jim-brault-and-kevin-seamen/	https://firstsight.design/cherie/beauty/wp-content/uploads/2020/10/Shopping-Cart.svg
https://progressivemartialarts.com.au/product/the-winning-mindset-jim-brault-and-kevin-seamen/	https://progressivemartialarts.com.au/wp-content/uploads/2022/10/122-600x400.jpg
https://progressivemartialarts.com.au/product/the-winning-mindset-jim-brault-and-kevin-seamen/	https://progressivemartialarts.com.au/wp-content/uploads/2022/10/124-600x831.jpg
https://progressivemartialarts.com.au/product/the-winning-mindset-jim-brault-and-kevin-seamen/	https://progressivemartialarts.com.au/wp-content/uploads/2022/10/2010_calendar_360x_f12e80dc-3edf-4d16-83e4-eb93056880eb.jpg
https://progressivemartialarts.com.au/product/the-winning-mindset-jim-brault-and-kevin-seamen/	https://progressivemartialarts.com.au/wp-content/uploads/2022/10/PMA-logo-2020-11250X60-11.png
https://progressivemartialarts.com.au/product/the-winning-mindset-jim-brault-and-kevin-seamen/	https://progressivemartialarts.com.au/wp-content/uploads/2022/10/PMA-logo-2020-12.png
https://progressivemartialarts.com.au/product/the-winning-mindset-jim-brault-and-kevin-seamen/	https://progressivemartialarts.com.au/wp-content/uploads/2022/10/Winning-Mindset-Back-copy.jpg
https://progressivemartialarts.com.au/product/the-winning-mindset-jim-brault-and-kevin-seamen/	https://progressivemartialarts.com.au/wp-content/uploads/2022/10/Winning-Mindset-Front.jpg
https://progressivemartialarts.com.au/product/the-winning-mindset-jim-brault-and-kevin-seamen/	https://progressivemartialarts.com.au/wp-content/uploads/woocommerce-placeholder.webp
https://progressivemartialarts.com.au/product/towels-progressive-martial-arts-body-towels/	https://firstsight.design/cherie/beauty/wp-content/uploads/2020/10/Shopping-Cart.svg
https://progressivemartialarts.com.au/product/towels-progressive-martial-arts-body-towels/	https://progressivemartialarts.com.au/wp-content/uploads/2022/10/PMA-logo-2020-11250X60-11.png
https://progressivemartialarts.com.au/product/towels-progressive-martial-arts-body-towels/	https://progressivemartialarts.com.au/wp-content/uploads/2022/10/PMA-logo-2020-12.png
https://progressivemartialarts.com.au/product/towels-progressive-martial-arts-body-towels/	https://progressivemartialarts.com.au/wp-content/uploads/2022/10/Thai-Pads-Punch-Red-600x600.webp
https://progressivemartialarts.com.au/product/towels-progressive-martial-arts-body-towels/	https://progressivemartialarts.com.au/wp-content/uploads/2022/10/Training-Dagger-06-600x450.jpg
https://progressivemartialarts.com.au/product/towels-progressive-martial-arts-body-towels/	https://progressivemartialarts.com.au/wp-content/uploads/2022/10/image_2d3d4dd2-1b08-4aa5-8b47-ff2afbb0550c.png
https://progressivemartialarts.com.au/product/towels-progressive-martial-arts-body-towels/	https://progressivemartialarts.com.au/wp-content/uploads/2022/10/image_82fa5c0c-07d7-42de-b015-40813f3fb6bc-600x450.webp
https://progressivemartialarts.com.au/product/towels-progressive-martial-arts-body-towels/	https://progressivemartialarts.com.au/wp-content/uploads/2023/02/2C206BDF-C2DA-4A86-8F31-BC8CB37A36E5.jpeg
https://progressivemartialarts.com.au/product/towels-progressive-martial-arts-large-bath-towel/	https://firstsight.design/cherie/beauty/wp-content/uploads/2020/10/Shopping-Cart.svg
https://progressivemartialarts.com.au/product/towels-progressive-martial-arts-large-bath-towel/	https://progressivemartialarts.com.au/wp-content/uploads/2022/10/PMA-logo-2020-11250X60-11.png
https://progressivemartialarts.com.au/product/towels-progressive-martial-arts-large-bath-towel/	https://progressivemartialarts.com.au/wp-content/uploads/2022/10/PMA-logo-2020-12.png
https://progressivemartialarts.com.au/product/towels-progressive-martial-arts-large-bath-towel/	https://progressivemartialarts.com.au/wp-content/uploads/2022/10/Thai-Pads-Punch-Red-600x600.webp
https://progressivemartialarts.com.au/product/towels-progressive-martial-arts-large-bath-towel/	https://progressivemartialarts.com.au/wp-content/uploads/2022/10/image_2d3d4dd2-1b08-4aa5-8b47-ff2afbb0550c.png
https://progressivemartialarts.com.au/product/towels-progressive-martial-arts-large-bath-towel/	https://progressivemartialarts.com.au/wp-content/uploads/2022/10/image_48c8722f-d65f-4a59-b8f9-e5a1bfa64fc2-scaled-1.jpg
https://progressivemartialarts.com.au/product/towels-progressive-martial-arts-large-bath-towel/	https://progressivemartialarts.com.au/wp-content/uploads/2022/10/image_a8c15e09-8369-4915-91fb-44c7ce7518a7-scaled-1.jpg
https://progressivemartialarts.com.au/product/towels-progressive-martial-arts-large-bath-towel/	https://progressivemartialarts.com.au/wp-content/uploads/2022/10/image_fb853290-905a-4e9c-9b1c-403ca5c200c6-scaled-1.jpg
https://progressivemartialarts.com.au/product/towels-progressive-martial-arts-large-bath-towel/	https://progressivemartialarts.com.au/wp-content/uploads/2023/02/Lameco-Hand-Black-600x552.jpg
https://progressivemartialarts.com.au/product/towels-progressive-martial-arts-large-bath-towel/	https://progressivemartialarts.com.au/wp-content/uploads/2023/02/Sticks-2026-600x145.jpg
https://progressivemartialarts.com.au/product/viking-shorts/	https://firstsight.design/cherie/beauty/wp-content/uploads/2020/10/Shopping-Cart.svg
https://progressivemartialarts.com.au/product/viking-shorts/	https://progressivemartialarts.com.au/wp-content/uploads/2022/10/PMA-logo-2020-11250X60-11.png
https://progressivemartialarts.com.au/product/viking-shorts/	https://progressivemartialarts.com.au/wp-content/uploads/2022/10/PMA-logo-2020-12.png
https://progressivemartialarts.com.au/product/viking-shorts/	https://progressivemartialarts.com.au/wp-content/uploads/2022/10/Shorts-Black-Red-Gold.jpg.jpeg
https://progressivemartialarts.com.au/product/viking-shorts/	https://progressivemartialarts.com.au/wp-content/uploads/2022/10/Shorts-MMA-Black-Gold.jpg.jpeg
https://progressivemartialarts.com.au/product/viking-shorts/	https://progressivemartialarts.com.au/wp-content/uploads/2022/10/revgear-thai-shorts-various-colours-2.jpg
https://progressivemartialarts.com.au/product/viking-shorts/	https://progressivemartialarts.com.au/wp-content/uploads/2023/02/34B25B94-D443-4893-BCB2-AE38065A234A-600x732.jpeg
https://progressivemartialarts.com.au/product/viking-shorts/	https://progressivemartialarts.com.au/wp-content/uploads/2023/02/89A24721-180C-42F9-961A-7A81E25A2467_1_105_c.jpeg
https://progressivemartialarts.com.au/product/viking-shorts/	https://progressivemartialarts.com.au/wp-content/uploads/2023/02/IMG2490.jpg
https://progressivemartialarts.com.au/product/womens-yoga-pants/	https://firstsight.design/cherie/beauty/wp-content/uploads/2020/10/Shopping-Cart.svg
https://progressivemartialarts.com.au/product/womens-yoga-pants/	https://progressivemartialarts.com.au/wp-content/uploads/2022/10/PMA-logo-2020-11250X60-11.png
https://progressivemartialarts.com.au/product/womens-yoga-pants/	https://progressivemartialarts.com.au/wp-content/uploads/2022/10/PMA-logo-2020-12.png
https://progressivemartialarts.com.au/product/womens-yoga-pants/	https://progressivemartialarts.com.au/wp-content/uploads/2022/10/image_31f7987b-a2a9-497e-97a9-8d49da69be15-600x804.jpg
https://progressivemartialarts.com.au/product/womens-yoga-pants/	https://progressivemartialarts.com.au/wp-content/uploads/2022/10/image_a4195139-19f7-4e88-b06d-55645ff4a91a-600x804.jpg
https://progressivemartialarts.com.au/product/womens-yoga-pants/	https://progressivemartialarts.com.au/wp-content/uploads/2022/10/image_bf23717d-7002-4baf-905e-61f5b79cae37-600x516.jpg
https://progressivemartialarts.com.au/product/womens-yoga-pants/	https://progressivemartialarts.com.au/wp-content/uploads/2022/10/image_fda0ecf4-c59a-4f4e-98a0-610560700311-600x718.jpg
https://progressivemartialarts.com.au/product/womens-yoga-pants/	https://progressivemartialarts.com.au/wp-content/uploads/2023/02/IMG2680.jpg.jpg
https://progressivemartialarts.com.au/product/wraps-ikat/	https://firstsight.design/cherie/beauty/wp-content/uploads/2020/10/Shopping-Cart.svg
https://progressivemartialarts.com.au/product/wraps-ikat/	https://progressivemartialarts.com.au/wp-content/uploads/2022/10/PMA-logo-2020-11250X60-11.png
https://progressivemartialarts.com.au/product/wraps-ikat/	https://progressivemartialarts.com.au/wp-content/uploads/2022/10/PMA-logo-2020-12.png
https://progressivemartialarts.com.au/product/wraps-ikat/	https://progressivemartialarts.com.au/wp-content/uploads/2022/10/ikat-01_360x_c68eeb41-4a38-40c2-849c-3fa10d07337f.jpg
https://progressivemartialarts.com.au/product/wraps-ikat/	https://progressivemartialarts.com.au/wp-content/uploads/2022/10/ikat-02_360x_6aa82d4c-18d4-45b0-b7a0-a58e5fc5ea41.jpg
https://progressivemartialarts.com.au/product/wraps-ikat/	https://progressivemartialarts.com.au/wp-content/uploads/2022/10/ikat-03_360x_e399460a-ec18-4f1b-9119-6ba21997bc77.jpg
https://progressivemartialarts.com.au/product/wraps-ikat/	https://progressivemartialarts.com.au/wp-content/uploads/2022/10/ikat-04_360x_2332d015-713a-4f8b-885f-3f32addb0ad8.jpg
https://progressivemartialarts.com.au/product/wraps-ikat/	https://progressivemartialarts.com.au/wp-content/uploads/2022/10/image_82fa5c0c-07d7-42de-b015-40813f3fb6bc-600x450.webp
https://progressivemartialarts.com.au/product/wraps-ikat/	https://progressivemartialarts.com.au/wp-content/uploads/2022/10/image_ccd4135b-3637-42c0-8805-49a53190de04.png
https://progressivemartialarts.com.au/product/wraps-ikat/	https://progressivemartialarts.com.au/wp-content/uploads/2023/02/Training-Karambit-600x450.jpg
https://progressivemartialarts.com.au/product/wraps-ikat/	https://progressivemartialarts.com.au/wp-content/uploads/2025/04/IMG_1254-600x800.jpg
https://progressivemartialarts.com.au/product/wraps-malong/	https://firstsight.design/cherie/beauty/wp-content/uploads/2020/10/Shopping-Cart.svg
https://progressivemartialarts.com.au/product/wraps-malong/	https://progressivemartialarts.com.au/wp-content/uploads/2022/10/Malong-scaled.jpg
https://progressivemartialarts.com.au/product/wraps-malong/	https://progressivemartialarts.com.au/wp-content/uploads/2022/10/PMA-logo-2020-11250X60-11.png
https://progressivemartialarts.com.au/product/wraps-malong/	https://progressivemartialarts.com.au/wp-content/uploads/2022/10/PMA-logo-2020-12.png
https://progressivemartialarts.com.au/product/wraps-malong/	https://progressivemartialarts.com.au/wp-content/uploads/2022/10/Training-Dagger-02-600x450.jpg
https://progressivemartialarts.com.au/product/wraps-malong/	https://progressivemartialarts.com.au/wp-content/uploads/2022/10/image_ccd4135b-3637-42c0-8805-49a53190de04.png
https://progressivemartialarts.com.au/product/wraps-malong/	https://progressivemartialarts.com.au/wp-content/uploads/2022/10/image_fb853290-905a-4e9c-9b1c-403ca5c200c6-scaled-1-600x694.jpg
https://progressivemartialarts.com.au/product/wraps-malong/	https://progressivemartialarts.com.au/wp-content/uploads/2023/02/56A36E49-581B-4CC6-BF6C-A19F76266461-600x831.jpeg
https://progressivemartialarts.com.au/product/wraps-sarong/	https://firstsight.design/cherie/beauty/wp-content/uploads/2020/10/Shopping-Cart.svg
https://progressivemartialarts.com.au/product/wraps-sarong/	https://progressivemartialarts.com.au/wp-content/uploads/2022/10/2016-australian-tour-singlet-600x600.jpg
https://progressivemartialarts.com.au/product/wraps-sarong/	https://progressivemartialarts.com.au/wp-content/uploads/2022/10/IAMA-Spaghetti.jpeg
https://progressivemartialarts.com.au/product/wraps-sarong/	https://progressivemartialarts.com.au/wp-content/uploads/2022/10/PMA-logo-2020-11250X60-11.png
https://progressivemartialarts.com.au/product/wraps-sarong/	https://progressivemartialarts.com.au/wp-content/uploads/2022/10/PMA-logo-2020-12.png
https://progressivemartialarts.com.au/product/wraps-sarong/	https://progressivemartialarts.com.au/wp-content/uploads/2022/10/image_82fa5c0c-07d7-42de-b015-40813f3fb6bc.webp
https://progressivemartialarts.com.au/product/wraps-sarong/	https://progressivemartialarts.com.au/wp-content/uploads/2022/10/inosanto-absorb-what-is-useful-singlet-e1776830771357.jpg
https://progressivemartialarts.com.au/product/wraps-sarong/	https://progressivemartialarts.com.au/wp-content/uploads/2022/10/progressive-martial-arts-gi-pants-1-e1779165833537.jpg
https://progressivemartialarts.com.au/professor-jean-jacques-seminar/	https://progressivemartialarts.com.au/wp-content/uploads/2022/10/PMA-logo-2020-11250X60-11.png
https://progressivemartialarts.com.au/professor-jean-jacques-seminar/	https://progressivemartialarts.com.au/wp-content/uploads/2022/10/PMA-logo-2020-12.png
https://progressivemartialarts.com.au/ranges/	https://progressivemartialarts.com.au/wp-content/uploads/2022/10/PMA-logo-2020-11250X60-11.png
https://progressivemartialarts.com.au/ranges/	https://progressivemartialarts.com.au/wp-content/uploads/2022/10/PMA-logo-2020-12.png
https://progressivemartialarts.com.au/shop-2/	https://progressivemartialarts.com.au/wp-content/uploads/2022/10/PMA-logo-2020-11250X60-11.png
https://progressivemartialarts.com.au/shop-2/	https://progressivemartialarts.com.au/wp-content/uploads/2022/10/PMA-logo-2020-12.png
https://progressivemartialarts.com.au/shop/	https://firstsight.design/cherie/beauty/wp-content/uploads/2020/10/Shopping-Cart.svg
https://progressivemartialarts.com.au/shop/	https://progressivemartialarts.com.au/wp-content/uploads/2022/10/PMA-logo-2020-11250X60-11.png
https://progressivemartialarts.com.au/shop/	https://progressivemartialarts.com.au/wp-content/uploads/2022/10/PMA-logo-2020-12.png
https://progressivemartialarts.com.au/shop/	https://progressivemartialarts.com.au/wp-content/uploads/2022/10/Training-Dagger-02-600x450.jpg
https://progressivemartialarts.com.au/shop/	https://progressivemartialarts.com.au/wp-content/uploads/2022/10/Training-Dagger-03-600x450.jpg
https://progressivemartialarts.com.au/shop/	https://progressivemartialarts.com.au/wp-content/uploads/2022/10/blades-004_360x_a81732c8-99d6-4ee9-beb1-63dc64f0eb9c.jpg
https://progressivemartialarts.com.au/shop/	https://progressivemartialarts.com.au/wp-content/uploads/2022/10/blades_model_005_360x_1034b4bd-bce8-47bc-8e62-b1131184e83e.jpg
https://progressivemartialarts.com.au/shop/	https://progressivemartialarts.com.au/wp-content/uploads/2022/10/dagger-bca_360x_895a535c-d41f-41d7-9faa-afbe3d50093b.jpg
https://progressivemartialarts.com.au/shop/	https://progressivemartialarts.com.au/wp-content/uploads/2022/10/products_training_dagger_360x_22c58b36-189d-43ca-9c01-b4dad2391a20.jpg
https://progressivemartialarts.com.au/shop/	https://progressivemartialarts.com.au/wp-content/uploads/2023/02/3CEADE31-CD6F-4FD8-9D23-7E22BF0C34AB-600x439.jpeg
https://progressivemartialarts.com.au/shop/	https://progressivemartialarts.com.au/wp-content/uploads/2023/09/IMG_3024-scaled-600x800.jpeg
https://progressivemartialarts.com.au/shop/	https://progressivemartialarts.com.au/wp-content/uploads/2025/08/IMG_9525-2-600x800.jpeg
https://progressivemartialarts.com.au/shop/	https://progressivemartialarts.com.au/wp-content/uploads/2025/08/IMG_9531-2-600x800.jpeg
https://progressivemartialarts.com.au/shop/	https://progressivemartialarts.com.au/wp-content/uploads/2025/08/IMG_9537-2-600x800.jpeg
https://progressivemartialarts.com.au/shop/	https://progressivemartialarts.com.au/wp-content/uploads/2025/08/IMG_9545-2-600x800.jpeg
https://progressivemartialarts.com.au/shop/	https://progressivemartialarts.com.au/wp-content/uploads/2025/08/IMG_9547-2-scaled-e1777422171489-600x800.jpeg
https://progressivemartialarts.com.au/shop/	https://progressivemartialarts.com.au/wp-content/uploads/2025/08/IMG_9554-2-600x800.jpeg
https://progressivemartialarts.com.au/shopping-bag/	https://progressivemartialarts.com.au/wp-content/uploads/2022/10/PMA-logo-2020-11250X60-11.png
https://progressivemartialarts.com.au/shopping-bag/	https://progressivemartialarts.com.au/wp-content/uploads/2022/10/PMA-logo-2020-12.png
https://progressivemartialarts.com.au/sifu-francis/	https://progressivemartialarts.com.au/wp-content/uploads/2022/06/Francis-2022.gif
https://progressivemartialarts.com.au/sifu-francis/	https://progressivemartialarts.com.au/wp-content/uploads/2022/10/PMA-logo-2020-11250X60-11.png
https://progressivemartialarts.com.au/sifu-francis/	https://progressivemartialarts.com.au/wp-content/uploads/2022/10/PMA-logo-2020-12.png
https://progressivemartialarts.com.au/silat/	https://progressivemartialarts.com.au/wp-content/uploads/2022/10/PMA-logo-2020-11250X60-11.png
https://progressivemartialarts.com.au/silat/	https://progressivemartialarts.com.au/wp-content/uploads/2022/10/PMA-logo-2020-12.png
https://progressivemartialarts.com.au/student-photos/	https://progressivemartialarts.com.au/wp-content/uploads/2022/10/PMA-logo-2020-11250X60-11.png
https://progressivemartialarts.com.au/student-photos/	https://progressivemartialarts.com.au/wp-content/uploads/2022/10/PMA-logo-2020-12.png
https://progressivemartialarts.com.au/student-photos/	https://progressivemartialarts.com.au/wp-content/uploads/2022/11/CameronAndLarryHartsell.jpg
https://progressivemartialarts.com.au/student-photos/	https://www.progressivemartialarts.com.au/wp-content/uploads/2019/12/VaughnAndCameron.jpg
https://progressivemartialarts.com.au/tag/bjj/	https://progressivemartialarts.com.au/wp-content/uploads/2022/10/PMA-logo-2020-11250X60-11.png
https://progressivemartialarts.com.au/tag/bjj/	https://progressivemartialarts.com.au/wp-content/uploads/2022/10/PMA-logo-2020-12.png
https://progressivemartialarts.com.au/tag/brazilian-jiu-jitsu/	https://progressivemartialarts.com.au/wp-content/uploads/2022/10/PMA-logo-2020-11250X60-11.png
https://progressivemartialarts.com.au/tag/brazilian-jiu-jitsu/	https://progressivemartialarts.com.au/wp-content/uploads/2022/10/PMA-logo-2020-12.png
https://progressivemartialarts.com.au/tag/jean-jacques-machado/	https://progressivemartialarts.com.au/wp-content/uploads/2022/10/PMA-logo-2020-11250X60-11.png
https://progressivemartialarts.com.au/tag/jean-jacques-machado/	https://progressivemartialarts.com.au/wp-content/uploads/2022/10/PMA-logo-2020-12.png
https://progressivemartialarts.com.au/tag/seminar/	https://progressivemartialarts.com.au/wp-content/uploads/2022/10/PMA-logo-2020-11250X60-11.png
https://progressivemartialarts.com.au/tag/seminar/	https://progressivemartialarts.com.au/wp-content/uploads/2022/10/PMA-logo-2020-12.png
https://progressivemartialarts.com.au/thai-boxing/	https://progressivemartialarts.com.au/wp-content/uploads/2022/10/PMA-logo-2020-11250X60-11.png
https://progressivemartialarts.com.au/thai-boxing/	https://progressivemartialarts.com.au/wp-content/uploads/2022/10/PMA-logo-2020-12.png
https://progressivemartialarts.com.au/thai-boxing/	https://www.progressivemartialarts.com.au/wp-content/uploads/2019/12/ThaiBoxing.jpg
https://progressivemartialarts.com.au/timetable/	https://progressivemartialarts.com.au/wp-content/uploads/2022/10/2026-06-16-PMAAI-Class-Schedule.jpeg
https://progressivemartialarts.com.au/timetable/	https://progressivemartialarts.com.au/wp-content/uploads/2022/10/PMA-logo-2020-11250X60-11.png
https://progressivemartialarts.com.au/timetable/	https://progressivemartialarts.com.au/wp-content/uploads/2022/10/PMA-logo-2020-12.png
https://progressivemartialarts.com.au/visiting-student-information/	https://progressivemartialarts.com.au/wp-content/uploads/2022/10/PMA-logo-2020-11250X60-11.png
https://progressivemartialarts.com.au/visiting-student-information/	https://progressivemartialarts.com.au/wp-content/uploads/2022/10/PMA-logo-2020-12.png
