target	label	occurrences
https://progressivemartialarts.com.au/	Home	1467
https://progressivemartialarts.com.au/shop/	Martial Arts Shop	1467
https://progressivemartialarts.com.au/kali/	Kali	1467
https://progressivemartialarts.com.au/jeet-kune-do-concepts/	Jeet Kune Do Concepts	1467
https://progressivemartialarts.com.au/silat/	Maphilindo Silat	1467
https://progressivemartialarts.com.au/grappling-bjj/	Grappling / BJJ	1467
https://progressivemartialarts.com.au/muay-thai/	Muay Thai	1467
https://progressivemartialarts.com.au/mini-muscles/	Mini Muscles	1467
https://progressivemartialarts.com.au/contact/	Contact	1467
https://progressivemartialarts.com.au/timetable/	Timetable	978
https://progressivemartialarts.com.au/lee-jun-fan-gung-fu/	Lee Jun Fan Gung Fu	978
https://progressivemartialarts.com.au/pmaai-history/	PMAAI History	978
https://progressivemartialarts.com.au/visiting-student-information/	Visiting Student Information	978
https://progressivemartialarts.com.au/ranges/	Ranges	978
https://progressivemartialarts.com.au/pictures-master-jean-jacques-machado-seminar-2023/	Pictures – Master Jean Jacques Machado Seminar 2023	978
https://progressivemartialarts.com.au/guro-dan-and-sifu-francis-2022-seminar-photos/	Guro Dan and Sifu Francis 2022 Seminar Photos	978
https://progressivemartialarts.com.au/pictures-from-earlier-seminars/	Pictures From Earlier Seminars	978
https://progressivemartialarts.com.au/photos-of-cookie-with-other-instructors/	Photos Of Cookie With Other Instructors	978
https://progressivemartialarts.com.au/historical-pictures-from-various-classes/	Historical Pictures From Various Classes	978
https://progressivemartialarts.com.au/student-photos/	Student Photos	978
https://progressivemartialarts.com.au/pmaai-instructors-and-support-crew/	PMAAI Instructors and Support Crew	978
https://progressivemartialarts.com.au/certified-instructors-under-guro-daniel-inosanto/	Certified Instructors under Guro Daniel Inosanto	978
https://progressivemartialarts.com.au/links/	Links	978
https://progressivemartialarts.com.au/?page_id=14587	Affiliate Clubs	978
https://progressivemartialarts.com.au/pmaai-history/	About PMAAI	489
https://progressivemartialarts.com.au/lee-jun-fan-gung-fu/	Jun Fan	489
https://progressivemartialarts.com.au/	Arts We Teach	4
https://progressivemartialarts.com.au/	More	4
https://progressivemartialarts.com.au/	Pictures	4
https://progressivemartialarts.com.au/	Instructors	4
https://progressivemartialarts.com.au/author/15ef25c842b4a4bf/	Arts We Teach	2
https://progressivemartialarts.com.au/author/15ef25c842b4a4bf/	More	2
https://progressivemartialarts.com.au/author/15ef25c842b4a4bf/	Pictures	2
https://progressivemartialarts.com.au/author/15ef25c842b4a4bf/	Instructors	2
https://progressivemartialarts.com.au/author/7afa0b863b49dcc6/	Arts We Teach	2
https://progressivemartialarts.com.au/author/7afa0b863b49dcc6/	More	2
https://progressivemartialarts.com.au/author/7afa0b863b49dcc6/	Pictures	2
https://progressivemartialarts.com.au/author/7afa0b863b49dcc6/	Instructors	2
https://progressivemartialarts.com.au/blog/	Arts We Teach	2
https://progressivemartialarts.com.au/blog/	More	2
https://progressivemartialarts.com.au/blog/	Pictures	2
https://progressivemartialarts.com.au/blog/	Instructors	2
https://progressivemartialarts.com.au/brand/iama/	Arts We Teach	2
https://progressivemartialarts.com.au/brand/iama/	More	2
https://progressivemartialarts.com.au/brand/iama/	Pictures	2
https://progressivemartialarts.com.au/brand/iama/	Instructors	2
https://progressivemartialarts.com.au/brand/jj-machado/	Arts We Teach	2
https://progressivemartialarts.com.au/brand/jj-machado/	More	2
https://progressivemartialarts.com.au/brand/jj-machado/	Pictures	2
https://progressivemartialarts.com.au/brand/jj-machado/	Instructors	2
https://progressivemartialarts.com.au/brand/lameco/	Arts We Teach	2
https://progressivemartialarts.com.au/brand/lameco/	More	2
https://progressivemartialarts.com.au/brand/lameco/	Pictures	2
https://progressivemartialarts.com.au/brand/lameco/	Instructors	2
https://progressivemartialarts.com.au/brand/morgan/	Arts We Teach	2
https://progressivemartialarts.com.au/brand/morgan/	More	2
https://progressivemartialarts.com.au/brand/morgan/	Pictures	2
https://progressivemartialarts.com.au/brand/morgan/	Instructors	2
https://progressivemartialarts.com.au/brand/progressive/	Arts We Teach	2
https://progressivemartialarts.com.au/brand/progressive/	More	2
https://progressivemartialarts.com.au/brand/progressive/	Pictures	2
https://progressivemartialarts.com.au/brand/progressive/	Instructors	2
https://progressivemartialarts.com.au/brand/punch/	Arts We Teach	2
https://progressivemartialarts.com.au/brand/punch/	More	2
https://progressivemartialarts.com.au/brand/punch/	Pictures	2
https://progressivemartialarts.com.au/brand/punch/	Instructors	2
https://progressivemartialarts.com.au/brand/revgear/	Arts We Teach	2
https://progressivemartialarts.com.au/brand/revgear/	More	2
https://progressivemartialarts.com.au/brand/revgear/	Pictures	2
https://progressivemartialarts.com.au/brand/revgear/	Instructors	2
https://progressivemartialarts.com.au/brand/sharkee/	Arts We Teach	2
https://progressivemartialarts.com.au/brand/sharkee/	More	2
https://progressivemartialarts.com.au/brand/sharkee/	Pictures	2
https://progressivemartialarts.com.au/brand/sharkee/	Instructors	2
https://progressivemartialarts.com.au/brand/wtba/	Arts We Teach	2
https://progressivemartialarts.com.au/brand/wtba/	More	2
https://progressivemartialarts.com.au/brand/wtba/	Pictures	2
https://progressivemartialarts.com.au/brand/wtba/	Instructors	2
https://progressivemartialarts.com.au/category/news/	Arts We Teach	2
https://progressivemartialarts.com.au/category/news/	More	2
https://progressivemartialarts.com.au/category/news/	Pictures	2
https://progressivemartialarts.com.au/category/news/	Instructors	2
https://progressivemartialarts.com.au/category/seminar/	Arts We Teach	2
https://progressivemartialarts.com.au/category/seminar/	More	2
https://progressivemartialarts.com.au/category/seminar/	Pictures	2
https://progressivemartialarts.com.au/category/seminar/	Instructors	2
https://progressivemartialarts.com.au/category/uncategorized/	Arts We Teach	2
https://progressivemartialarts.com.au/category/uncategorized/	More	2
https://progressivemartialarts.com.au/category/uncategorized/	Pictures	2
https://progressivemartialarts.com.au/category/uncategorized/	Instructors	2
https://progressivemartialarts.com.au/certified-instructors-under-guro-daniel-inosanto/	Arts We Teach	2
https://progressivemartialarts.com.au/certified-instructors-under-guro-daniel-inosanto/	More	2
https://progressivemartialarts.com.au/certified-instructors-under-guro-daniel-inosanto/	Pictures	2
https://progressivemartialarts.com.au/certified-instructors-under-guro-daniel-inosanto/	Instructors	2
https://progressivemartialarts.com.au/checkout/	Arts We Teach	2
https://progressivemartialarts.com.au/checkout/	More	2
https://progressivemartialarts.com.au/checkout/	Pictures	2
https://progressivemartialarts.com.au/checkout/	Instructors	2
https://progressivemartialarts.com.au/contact/	Arts We Teach	2
https://progressivemartialarts.com.au/contact/	More	2
https://progressivemartialarts.com.au/contact/	Pictures	2
https://progressivemartialarts.com.au/contact/	Instructors	2
https://progressivemartialarts.com.au/courses/hair-advanced-cource/	Arts We Teach	2
https://progressivemartialarts.com.au/courses/hair-advanced-cource/	More	2
https://progressivemartialarts.com.au/courses/hair-advanced-cource/	Pictures	2
https://progressivemartialarts.com.au/courses/hair-advanced-cource/	Instructors	2
https://progressivemartialarts.com.au/courses/hair-basic-cource/	Arts We Teach	2
https://progressivemartialarts.com.au/courses/hair-basic-cource/	More	2
https://progressivemartialarts.com.au/courses/hair-basic-cource/	Pictures	2
https://progressivemartialarts.com.au/courses/hair-basic-cource/	Instructors	2
https://progressivemartialarts.com.au/courses/makeup-basic-cource/	Arts We Teach	2
https://progressivemartialarts.com.au/courses/makeup-basic-cource/	More	2
https://progressivemartialarts.com.au/courses/makeup-basic-cource/	Pictures	2
https://progressivemartialarts.com.au/courses/makeup-basic-cource/	Instructors	2
https://progressivemartialarts.com.au/courses/nail-basic-cource/	Arts We Teach	2
https://progressivemartialarts.com.au/courses/nail-basic-cource/	More	2
https://progressivemartialarts.com.au/courses/nail-basic-cource/	Pictures	2
https://progressivemartialarts.com.au/courses/nail-basic-cource/	Instructors	2
https://progressivemartialarts.com.au/grappling-bjj/	Arts We Teach	2
https://progressivemartialarts.com.au/grappling-bjj/	More	2
https://progressivemartialarts.com.au/grappling-bjj/	Pictures	2
https://progressivemartialarts.com.au/grappling-bjj/	Instructors	2
https://progressivemartialarts.com.au/guro-dan-and-sifu-francis-2022-seminar-photos/	Arts We Teach	2
https://progressivemartialarts.com.au/guro-dan-and-sifu-francis-2022-seminar-photos/	More	2
https://progressivemartialarts.com.au/guro-dan-and-sifu-francis-2022-seminar-photos/	Pictures	2
https://progressivemartialarts.com.au/guro-dan-and-sifu-francis-2022-seminar-photos/	Instructors	2
https://progressivemartialarts.com.au/guro-dan/	Arts We Teach	2
https://progressivemartialarts.com.au/guro-dan/	More	2
https://progressivemartialarts.com.au/guro-dan/	Pictures	2
https://progressivemartialarts.com.au/guro-dan/	Instructors	2
https://progressivemartialarts.com.au/historical-pictures-from-various-classes/	Arts We Teach	2
https://progressivemartialarts.com.au/historical-pictures-from-various-classes/	More	2
https://progressivemartialarts.com.au/historical-pictures-from-various-classes/	Pictures	2
https://progressivemartialarts.com.au/historical-pictures-from-various-classes/	Instructors	2
https://progressivemartialarts.com.au/home-1-boxer/	Arts We Teach	2
https://progressivemartialarts.com.au/home-1-boxer/	More	2
https://progressivemartialarts.com.au/home-1-boxer/	Pictures	2
https://progressivemartialarts.com.au/home-1-boxer/	Instructors	2
https://progressivemartialarts.com.au/jeet-kune-do-concepts/	Arts We Teach	2
https://progressivemartialarts.com.au/jeet-kune-do-concepts/	More	2
https://progressivemartialarts.com.au/jeet-kune-do-concepts/	Pictures	2
https://progressivemartialarts.com.au/jeet-kune-do-concepts/	Instructors	2
https://progressivemartialarts.com.au/kali/	Arts We Teach	2
https://progressivemartialarts.com.au/kali/	More	2
https://progressivemartialarts.com.au/kali/	Pictures	2
https://progressivemartialarts.com.au/kali/	Instructors	2
https://progressivemartialarts.com.au/latest-news/	Arts We Teach	2
https://progressivemartialarts.com.au/latest-news/	More	2
https://progressivemartialarts.com.au/latest-news/	Pictures	2
https://progressivemartialarts.com.au/latest-news/	Instructors	2
https://progressivemartialarts.com.au/lee-jun-fan-gung-fu/	Arts We Teach	2
https://progressivemartialarts.com.au/lee-jun-fan-gung-fu/	More	2
https://progressivemartialarts.com.au/lee-jun-fan-gung-fu/	Pictures	2
https://progressivemartialarts.com.au/lee-jun-fan-gung-fu/	Instructors	2
https://progressivemartialarts.com.au/links/	Arts We Teach	2
https://progressivemartialarts.com.au/links/	More	2
https://progressivemartialarts.com.au/links/	Pictures	2
https://progressivemartialarts.com.au/links/	Instructors	2
https://progressivemartialarts.com.au/mini-muscles/	Arts We Teach	2
https://progressivemartialarts.com.au/mini-muscles/	More	2
https://progressivemartialarts.com.au/mini-muscles/	Pictures	2
https://progressivemartialarts.com.au/mini-muscles/	Instructors	2
https://progressivemartialarts.com.au/muay-thai/	Arts We Teach	2
https://progressivemartialarts.com.au/muay-thai/	More	2
https://progressivemartialarts.com.au/muay-thai/	Pictures	2
https://progressivemartialarts.com.au/muay-thai/	Instructors	2
https://progressivemartialarts.com.au/photos-of-cookie-with-other-instructors/	Arts We Teach	2
https://progressivemartialarts.com.au/photos-of-cookie-with-other-instructors/	More	2
https://progressivemartialarts.com.au/photos-of-cookie-with-other-instructors/	Pictures	2
https://progressivemartialarts.com.au/photos-of-cookie-with-other-instructors/	Instructors	2
https://progressivemartialarts.com.au/pictures-from-earlier-seminars/	Arts We Teach	2
https://progressivemartialarts.com.au/pictures-from-earlier-seminars/	More	2
https://progressivemartialarts.com.au/pictures-from-earlier-seminars/	Pictures	2
https://progressivemartialarts.com.au/pictures-from-earlier-seminars/	Instructors	2
https://progressivemartialarts.com.au/pictures-master-jean-jacques-machado-seminar-2023/	Arts We Teach	2
https://progressivemartialarts.com.au/pictures-master-jean-jacques-machado-seminar-2023/	More	2
https://progressivemartialarts.com.au/pictures-master-jean-jacques-machado-seminar-2023/	Pictures	2
https://progressivemartialarts.com.au/pictures-master-jean-jacques-machado-seminar-2023/	Instructors	2
https://progressivemartialarts.com.au/pmaai-history/	Arts We Teach	2
https://progressivemartialarts.com.au/pmaai-history/	More	2
https://progressivemartialarts.com.au/pmaai-history/	Pictures	2
https://progressivemartialarts.com.au/pmaai-history/	Instructors	2
https://progressivemartialarts.com.au/pmaai-instructors-and-support-crew/	Arts We Teach	2
https://progressivemartialarts.com.au/pmaai-instructors-and-support-crew/	More	2
https://progressivemartialarts.com.au/pmaai-instructors-and-support-crew/	Pictures	2
https://progressivemartialarts.com.au/pmaai-instructors-and-support-crew/	Instructors	2
https://progressivemartialarts.com.au/product-category/ankle-guards/	Arts We Teach	2
https://progressivemartialarts.com.au/product-category/ankle-guards/	More	2
https://progressivemartialarts.com.au/product-category/ankle-guards/	Pictures	2
https://progressivemartialarts.com.au/product-category/ankle-guards/	Instructors	2
https://progressivemartialarts.com.au/product-category/bag/	Arts We Teach	2
https://progressivemartialarts.com.au/product-category/bag/	More	2
https://progressivemartialarts.com.au/product-category/bag/	Pictures	2
https://progressivemartialarts.com.au/product-category/bag/	Instructors	2
https://progressivemartialarts.com.au/product-category/book/	Arts We Teach	2
https://progressivemartialarts.com.au/product-category/book/	More	2
https://progressivemartialarts.com.au/product-category/book/	Pictures	2
https://progressivemartialarts.com.au/product-category/book/	Instructors	2
https://progressivemartialarts.com.au/product-category/calendar/	Arts We Teach	2
https://progressivemartialarts.com.au/product-category/calendar/	More	2
https://progressivemartialarts.com.au/product-category/calendar/	Pictures	2
https://progressivemartialarts.com.au/product-category/calendar/	Instructors	2
https://progressivemartialarts.com.au/product-category/dvd/	Arts We Teach	2
https://progressivemartialarts.com.au/product-category/dvd/	More	2
https://progressivemartialarts.com.au/product-category/dvd/	Pictures	2
https://progressivemartialarts.com.au/product-category/dvd/	Instructors	2
https://progressivemartialarts.com.au/product-category/focus-mitts/	Arts We Teach	2
https://progressivemartialarts.com.au/product-category/focus-mitts/	More	2
https://progressivemartialarts.com.au/product-category/focus-mitts/	Pictures	2
https://progressivemartialarts.com.au/product-category/focus-mitts/	Instructors	2
https://progressivemartialarts.com.au/product-category/gis/	Arts We Teach	2
https://progressivemartialarts.com.au/product-category/gis/	More	2
https://progressivemartialarts.com.au/product-category/gis/	Pictures	2
https://progressivemartialarts.com.au/product-category/gis/	Instructors	2
https://progressivemartialarts.com.au/product-category/gloves/	Arts We Teach	2
https://progressivemartialarts.com.au/product-category/gloves/	More	2
https://progressivemartialarts.com.au/product-category/gloves/	Pictures	2
https://progressivemartialarts.com.au/product-category/gloves/	Instructors	2
https://progressivemartialarts.com.au/product-category/hats/	Arts We Teach	2
https://progressivemartialarts.com.au/product-category/hats/	More	2
https://progressivemartialarts.com.au/product-category/hats/	Pictures	2
https://progressivemartialarts.com.au/product-category/hats/	Instructors	2
https://progressivemartialarts.com.au/product-category/hoodies-and-jackets/	Arts We Teach	2
https://progressivemartialarts.com.au/product-category/hoodies-and-jackets/	More	2
https://progressivemartialarts.com.au/product-category/hoodies-and-jackets/	Pictures	2
https://progressivemartialarts.com.au/product-category/hoodies-and-jackets/	Instructors	2
https://progressivemartialarts.com.au/product-category/kids-hoodies/	Arts We Teach	2
https://progressivemartialarts.com.au/product-category/kids-hoodies/	More	2
https://progressivemartialarts.com.au/product-category/kids-hoodies/	Pictures	2
https://progressivemartialarts.com.au/product-category/kids-hoodies/	Instructors	2
https://progressivemartialarts.com.au/product-category/mini-muscles/	Arts We Teach	2
https://progressivemartialarts.com.au/product-category/mini-muscles/	More	2
https://progressivemartialarts.com.au/product-category/mini-muscles/	Pictures	2
https://progressivemartialarts.com.au/product-category/mini-muscles/	Instructors	2
https://progressivemartialarts.com.au/product-category/pants/	Arts We Teach	2
https://progressivemartialarts.com.au/product-category/pants/	More	2
https://progressivemartialarts.com.au/product-category/pants/	Pictures	2
https://progressivemartialarts.com.au/product-category/pants/	Instructors	2
https://progressivemartialarts.com.au/product-category/patches/	Arts We Teach	2
https://progressivemartialarts.com.au/product-category/patches/	More	2
https://progressivemartialarts.com.au/product-category/patches/	Pictures	2
https://progressivemartialarts.com.au/product-category/patches/	Instructors	2
https://progressivemartialarts.com.au/product-category/posters/	Arts We Teach	2
https://progressivemartialarts.com.au/product-category/posters/	More	2
https://progressivemartialarts.com.au/product-category/posters/	Pictures	2
https://progressivemartialarts.com.au/product-category/posters/	Instructors	2
https://progressivemartialarts.com.au/product-category/rash-guards/	Arts We Teach	2
https://progressivemartialarts.com.au/product-category/rash-guards/	More	2
https://progressivemartialarts.com.au/product-category/rash-guards/	Pictures	2
https://progressivemartialarts.com.au/product-category/rash-guards/	Instructors	2
https://progressivemartialarts.com.au/product-category/seminar/	Arts We Teach	2
https://progressivemartialarts.com.au/product-category/seminar/	More	2
https://progressivemartialarts.com.au/product-category/seminar/	Pictures	2
https://progressivemartialarts.com.au/product-category/seminar/	Instructors	2
https://progressivemartialarts.com.au/product-category/shorts/	Arts We Teach	2
https://progressivemartialarts.com.au/product-category/shorts/	More	2
https://progressivemartialarts.com.au/product-category/shorts/	Pictures	2
https://progressivemartialarts.com.au/product-category/shorts/	Instructors	2
https://progressivemartialarts.com.au/product-category/singlets/	Arts We Teach	2
https://progressivemartialarts.com.au/product-category/singlets/	More	2
https://progressivemartialarts.com.au/product-category/singlets/	Pictures	2
https://progressivemartialarts.com.au/product-category/singlets/	Instructors	2
https://progressivemartialarts.com.au/product-category/t-shirts/	Arts We Teach	2
https://progressivemartialarts.com.au/product-category/t-shirts/	More	2
https://progressivemartialarts.com.au/product-category/t-shirts/	Pictures	2
https://progressivemartialarts.com.au/product-category/t-shirts/	Instructors	2
https://progressivemartialarts.com.au/product-category/thai-pads/	Arts We Teach	2
https://progressivemartialarts.com.au/product-category/thai-pads/	More	2
https://progressivemartialarts.com.au/product-category/thai-pads/	Pictures	2
https://progressivemartialarts.com.au/product-category/thai-pads/	Instructors	2
https://progressivemartialarts.com.au/product-category/towel/	Arts We Teach	2
https://progressivemartialarts.com.au/product-category/towel/	More	2
https://progressivemartialarts.com.au/product-category/towel/	Pictures	2
https://progressivemartialarts.com.au/product-category/towel/	Instructors	2
https://progressivemartialarts.com.au/product-category/training-equipment/	Arts We Teach	2
https://progressivemartialarts.com.au/product-category/training-equipment/	More	2
https://progressivemartialarts.com.au/product-category/training-equipment/	Pictures	2
https://progressivemartialarts.com.au/product-category/training-equipment/	Instructors	2
https://progressivemartialarts.com.au/product-category/wraps/	Arts We Teach	2
https://progressivemartialarts.com.au/product-category/wraps/	More	2
https://progressivemartialarts.com.au/product-category/wraps/	Pictures	2
https://progressivemartialarts.com.au/product-category/wraps/	Instructors	2
https://progressivemartialarts.com.au/product-tag/accessories/	Arts We Teach	2
https://progressivemartialarts.com.au/product-tag/accessories/	More	2
https://progressivemartialarts.com.au/product-tag/accessories/	Pictures	2
https://progressivemartialarts.com.au/product-tag/accessories/	Instructors	2
https://progressivemartialarts.com.au/product-tag/ajarn-chai-sirisute/	Arts We Teach	2
https://progressivemartialarts.com.au/product-tag/ajarn-chai-sirisute/	More	2
https://progressivemartialarts.com.au/product-tag/ajarn-chai-sirisute/	Pictures	2
https://progressivemartialarts.com.au/product-tag/ajarn-chai-sirisute/	Instructors	2
https://progressivemartialarts.com.au/product-tag/ajarn-dan-inosanto/	Arts We Teach	2
https://progressivemartialarts.com.au/product-tag/ajarn-dan-inosanto/	More	2
https://progressivemartialarts.com.au/product-tag/ajarn-dan-inosanto/	Pictures	2
https://progressivemartialarts.com.au/product-tag/ajarn-dan-inosanto/	Instructors	2
https://progressivemartialarts.com.au/product-tag/all-dvd/	Arts We Teach	2
https://progressivemartialarts.com.au/product-tag/all-dvd/	More	2
https://progressivemartialarts.com.au/product-tag/all-dvd/	Pictures	2
https://progressivemartialarts.com.au/product-tag/all-dvd/	Instructors	2
https://progressivemartialarts.com.au/product-tag/aluminium/	Arts We Teach	2
https://progressivemartialarts.com.au/product-tag/aluminium/	More	2
https://progressivemartialarts.com.au/product-tag/aluminium/	Pictures	2
https://progressivemartialarts.com.au/product-tag/aluminium/	Instructors	2
https://progressivemartialarts.com.au/product-tag/aluminum-training-dagger/	Arts We Teach	2
https://progressivemartialarts.com.au/product-tag/aluminum-training-dagger/	More	2
https://progressivemartialarts.com.au/product-tag/aluminum-training-dagger/	Pictures	2
https://progressivemartialarts.com.au/product-tag/aluminum-training-dagger/	Instructors	2
https://progressivemartialarts.com.au/product-tag/aluminum-training-sword/	Arts We Teach	2
https://progressivemartialarts.com.au/product-tag/aluminum-training-sword/	More	2
https://progressivemartialarts.com.au/product-tag/aluminum-training-sword/	Pictures	2
https://progressivemartialarts.com.au/product-tag/aluminum-training-sword/	Instructors	2
https://progressivemartialarts.com.au/product-tag/angels/	Arts We Teach	2
https://progressivemartialarts.com.au/product-tag/angels/	More	2
https://progressivemartialarts.com.au/product-tag/angels/	Pictures	2
https://progressivemartialarts.com.au/product-tag/angels/	Instructors	2
https://progressivemartialarts.com.au/product-tag/anklets/	Arts We Teach	2
https://progressivemartialarts.com.au/product-tag/anklets/	More	2
https://progressivemartialarts.com.au/product-tag/anklets/	Pictures	2
https://progressivemartialarts.com.au/product-tag/anklets/	Instructors	2
https://progressivemartialarts.com.au/product-tag/area-3/	Arts We Teach	2
https://progressivemartialarts.com.au/product-tag/area-3/	More	2
https://progressivemartialarts.com.au/product-tag/area-3/	Pictures	2
https://progressivemartialarts.com.au/product-tag/area-3/	Instructors	2
https://progressivemartialarts.com.au/product-tag/area-8/	Arts We Teach	2
https://progressivemartialarts.com.au/product-tag/area-8/	More	2
https://progressivemartialarts.com.au/product-tag/area-8/	Pictures	2
https://progressivemartialarts.com.au/product-tag/area-8/	Instructors	2
https://progressivemartialarts.com.au/product-tag/arnis/	Arts We Teach	2
https://progressivemartialarts.com.au/product-tag/arnis/	More	2
https://progressivemartialarts.com.au/product-tag/arnis/	Pictures	2
https://progressivemartialarts.com.au/product-tag/arnis/	Instructors	2
https://progressivemartialarts.com.au/product-tag/axe/	Arts We Teach	2
https://progressivemartialarts.com.au/product-tag/axe/	More	2
https://progressivemartialarts.com.au/product-tag/axe/	Pictures	2
https://progressivemartialarts.com.au/product-tag/axe/	Instructors	2
https://progressivemartialarts.com.au/product-tag/bags/	Arts We Teach	2
https://progressivemartialarts.com.au/product-tag/bags/	More	2
https://progressivemartialarts.com.au/product-tag/bags/	Pictures	2
https://progressivemartialarts.com.au/product-tag/bags/	Instructors	2
https://progressivemartialarts.com.au/product-tag/baston/	Arts We Teach	2
https://progressivemartialarts.com.au/product-tag/baston/	More	2
https://progressivemartialarts.com.au/product-tag/baston/	Pictures	2
https://progressivemartialarts.com.au/product-tag/baston/	Instructors	2
https://progressivemartialarts.com.au/product-tag/bersilat/	Arts We Teach	2
https://progressivemartialarts.com.au/product-tag/bersilat/	More	2
https://progressivemartialarts.com.au/product-tag/bersilat/	Pictures	2
https://progressivemartialarts.com.au/product-tag/bersilat/	Instructors	2
https://progressivemartialarts.com.au/product-tag/bjj/	Arts We Teach	2
https://progressivemartialarts.com.au/product-tag/bjj/	More	2
https://progressivemartialarts.com.au/product-tag/bjj/	Pictures	2
https://progressivemartialarts.com.au/product-tag/bjj/	Instructors	2
https://progressivemartialarts.com.au/product-tag/blades/	Arts We Teach	2
https://progressivemartialarts.com.au/product-tag/blades/	More	2
https://progressivemartialarts.com.au/product-tag/blades/	Pictures	2
https://progressivemartialarts.com.au/product-tag/blades/	Instructors	2
https://progressivemartialarts.com.au/product-tag/book/	Arts We Teach	2
https://progressivemartialarts.com.au/product-tag/book/	More	2
https://progressivemartialarts.com.au/product-tag/book/	Pictures	2
https://progressivemartialarts.com.au/product-tag/book/	Instructors	2
https://progressivemartialarts.com.au/product-tag/boxing-gloves/	Arts We Teach	2
https://progressivemartialarts.com.au/product-tag/boxing-gloves/	More	2
https://progressivemartialarts.com.au/product-tag/boxing-gloves/	Pictures	2
https://progressivemartialarts.com.au/product-tag/boxing-gloves/	Instructors	2
https://progressivemartialarts.com.au/product-tag/boxing/	Arts We Teach	2
https://progressivemartialarts.com.au/product-tag/boxing/	More	2
https://progressivemartialarts.com.au/product-tag/boxing/	Pictures	2
https://progressivemartialarts.com.au/product-tag/boxing/	Instructors	2
https://progressivemartialarts.com.au/product-tag/brazilian-jiu-jitsu-bjj/	Arts We Teach	2
https://progressivemartialarts.com.au/product-tag/brazilian-jiu-jitsu-bjj/	More	2
https://progressivemartialarts.com.au/product-tag/brazilian-jiu-jitsu-bjj/	Pictures	2
https://progressivemartialarts.com.au/product-tag/brazilian-jiu-jitsu-bjj/	Instructors	2
https://progressivemartialarts.com.au/product-tag/brazilian-jiu-jitsu/	Arts We Teach	2
https://progressivemartialarts.com.au/product-tag/brazilian-jiu-jitsu/	More	2
https://progressivemartialarts.com.au/product-tag/brazilian-jiu-jitsu/	Pictures	2
https://progressivemartialarts.com.au/product-tag/brazilian-jiu-jitsu/	Instructors	2
https://progressivemartialarts.com.au/product-tag/bruce-lee/	Arts We Teach	2
https://progressivemartialarts.com.au/product-tag/bruce-lee/	More	2
https://progressivemartialarts.com.au/product-tag/bruce-lee/	Pictures	2
https://progressivemartialarts.com.au/product-tag/bruce-lee/	Instructors	2
https://progressivemartialarts.com.au/product-tag/cambodian-kickboxing/	Arts We Teach	2
https://progressivemartialarts.com.au/product-tag/cambodian-kickboxing/	More	2
https://progressivemartialarts.com.au/product-tag/cambodian-kickboxing/	Pictures	2
https://progressivemartialarts.com.au/product-tag/cambodian-kickboxing/	Instructors	2
https://progressivemartialarts.com.au/product-tag/cane/	Arts We Teach	2
https://progressivemartialarts.com.au/product-tag/cane/	More	2
https://progressivemartialarts.com.au/product-tag/cane/	Pictures	2
https://progressivemartialarts.com.au/product-tag/cane/	Instructors	2
https://progressivemartialarts.com.au/product-tag/carlos-machado/	Arts We Teach	2
https://progressivemartialarts.com.au/product-tag/carlos-machado/	More	2
https://progressivemartialarts.com.au/product-tag/carlos-machado/	Pictures	2
https://progressivemartialarts.com.au/product-tag/carlos-machado/	Instructors	2
https://progressivemartialarts.com.au/product-tag/catch/	Arts We Teach	2
https://progressivemartialarts.com.au/product-tag/catch/	More	2
https://progressivemartialarts.com.au/product-tag/catch/	Pictures	2
https://progressivemartialarts.com.au/product-tag/catch/	Instructors	2
https://progressivemartialarts.com.au/product-tag/cd/	Arts We Teach	2
https://progressivemartialarts.com.au/product-tag/cd/	More	2
https://progressivemartialarts.com.au/product-tag/cd/	Pictures	2
https://progressivemartialarts.com.au/product-tag/cd/	Instructors	2
https://progressivemartialarts.com.au/product-tag/chi-sao/	Arts We Teach	2
https://progressivemartialarts.com.au/product-tag/chi-sao/	More	2
https://progressivemartialarts.com.au/product-tag/chi-sao/	Pictures	2
https://progressivemartialarts.com.au/product-tag/chi-sao/	Instructors	2
https://progressivemartialarts.com.au/product-tag/combat-submission-wrestling-csw/	Arts We Teach	2
https://progressivemartialarts.com.au/product-tag/combat-submission-wrestling-csw/	More	2
https://progressivemartialarts.com.au/product-tag/combat-submission-wrestling-csw/	Pictures	2
https://progressivemartialarts.com.au/product-tag/combat-submission-wrestling-csw/	Instructors	2
https://progressivemartialarts.com.au/product-tag/cotton/	Arts We Teach	2
https://progressivemartialarts.com.au/product-tag/cotton/	More	2
https://progressivemartialarts.com.au/product-tag/cotton/	Pictures	2
https://progressivemartialarts.com.au/product-tag/cotton/	Instructors	2
https://progressivemartialarts.com.au/product-tag/definitive-dvd/	Arts We Teach	2
https://progressivemartialarts.com.au/product-tag/definitive-dvd/	More	2
https://progressivemartialarts.com.au/product-tag/definitive-dvd/	Pictures	2
https://progressivemartialarts.com.au/product-tag/definitive-dvd/	Instructors	2
https://progressivemartialarts.com.au/product-tag/deshon/	Arts We Teach	2
https://progressivemartialarts.com.au/product-tag/deshon/	More	2
https://progressivemartialarts.com.au/product-tag/deshon/	Pictures	2
https://progressivemartialarts.com.au/product-tag/deshon/	Instructors	2
https://progressivemartialarts.com.au/product-tag/dirty-boxing/	Arts We Teach	2
https://progressivemartialarts.com.au/product-tag/dirty-boxing/	More	2
https://progressivemartialarts.com.au/product-tag/dirty-boxing/	Pictures	2
https://progressivemartialarts.com.au/product-tag/dirty-boxing/	Instructors	2
https://progressivemartialarts.com.au/product-tag/double-stick/	Arts We Teach	2
https://progressivemartialarts.com.au/product-tag/double-stick/	More	2
https://progressivemartialarts.com.au/product-tag/double-stick/	Pictures	2
https://progressivemartialarts.com.au/product-tag/double-stick/	Instructors	2
https://progressivemartialarts.com.au/product-tag/drums/	Arts We Teach	2
https://progressivemartialarts.com.au/product-tag/drums/	More	2
https://progressivemartialarts.com.au/product-tag/drums/	Pictures	2
https://progressivemartialarts.com.au/product-tag/drums/	Instructors	2
https://progressivemartialarts.com.au/product-tag/duffle-bag/	Arts We Teach	2
https://progressivemartialarts.com.au/product-tag/duffle-bag/	More	2
https://progressivemartialarts.com.au/product-tag/duffle-bag/	Pictures	2
https://progressivemartialarts.com.au/product-tag/duffle-bag/	Instructors	2
https://progressivemartialarts.com.au/product-tag/empty-hand/	Arts We Teach	2
https://progressivemartialarts.com.au/product-tag/empty-hand/	More	2
https://progressivemartialarts.com.au/product-tag/empty-hand/	Pictures	2
https://progressivemartialarts.com.au/product-tag/empty-hand/	Instructors	2
https://progressivemartialarts.com.au/product-tag/escrima/	Arts We Teach	2
https://progressivemartialarts.com.au/product-tag/escrima/	More	2
https://progressivemartialarts.com.au/product-tag/escrima/	Pictures	2
https://progressivemartialarts.com.au/product-tag/escrima/	Instructors	2
https://progressivemartialarts.com.au/product-tag/eskrima-sticks/	Arts We Teach	2
https://progressivemartialarts.com.au/product-tag/eskrima-sticks/	More	2
https://progressivemartialarts.com.au/product-tag/eskrima-sticks/	Pictures	2
https://progressivemartialarts.com.au/product-tag/eskrima-sticks/	Instructors	2
https://progressivemartialarts.com.au/product-tag/eskrima/	Arts We Teach	2
https://progressivemartialarts.com.au/product-tag/eskrima/	More	2
https://progressivemartialarts.com.au/product-tag/eskrima/	Pictures	2
https://progressivemartialarts.com.au/product-tag/eskrima/	Instructors	2
https://progressivemartialarts.com.au/product-tag/ffia/	Arts We Teach	2
https://progressivemartialarts.com.au/product-tag/ffia/	More	2
https://progressivemartialarts.com.au/product-tag/ffia/	Pictures	2
https://progressivemartialarts.com.au/product-tag/ffia/	Instructors	2
https://progressivemartialarts.com.au/product-tag/filipino-american-history/	Arts We Teach	2
https://progressivemartialarts.com.au/product-tag/filipino-american-history/	More	2
https://progressivemartialarts.com.au/product-tag/filipino-american-history/	Pictures	2
https://progressivemartialarts.com.au/product-tag/filipino-american-history/	Instructors	2
https://progressivemartialarts.com.au/product-tag/filipino-boxing/	Arts We Teach	2
https://progressivemartialarts.com.au/product-tag/filipino-boxing/	More	2
https://progressivemartialarts.com.au/product-tag/filipino-boxing/	Pictures	2
https://progressivemartialarts.com.au/product-tag/filipino-boxing/	Instructors	2
https://progressivemartialarts.com.au/product-tag/filipino-martial-art/	Arts We Teach	2
https://progressivemartialarts.com.au/product-tag/filipino-martial-art/	More	2
https://progressivemartialarts.com.au/product-tag/filipino-martial-art/	Pictures	2
https://progressivemartialarts.com.au/product-tag/filipino-martial-art/	Instructors	2
https://progressivemartialarts.com.au/product-tag/filipino-martial-arts-fma/	Arts We Teach	2
https://progressivemartialarts.com.au/product-tag/filipino-martial-arts-fma/	More	2
https://progressivemartialarts.com.au/product-tag/filipino-martial-arts-fma/	Pictures	2
https://progressivemartialarts.com.au/product-tag/filipino-martial-arts-fma/	Instructors	2
https://progressivemartialarts.com.au/product-tag/filipino-martial-arts/	Arts We Teach	2
https://progressivemartialarts.com.au/product-tag/filipino-martial-arts/	More	2
https://progressivemartialarts.com.au/product-tag/filipino-martial-arts/	Pictures	2
https://progressivemartialarts.com.au/product-tag/filipino-martial-arts/	Instructors	2
https://progressivemartialarts.com.au/product-tag/fma/	Arts We Teach	2
https://progressivemartialarts.com.au/product-tag/fma/	More	2
https://progressivemartialarts.com.au/product-tag/fma/	Pictures	2
https://progressivemartialarts.com.au/product-tag/fma/	Instructors	2
https://progressivemartialarts.com.au/product-tag/focus-mitts/	Arts We Teach	2
https://progressivemartialarts.com.au/product-tag/focus-mitts/	More	2
https://progressivemartialarts.com.au/product-tag/focus-mitts/	Pictures	2
https://progressivemartialarts.com.au/product-tag/focus-mitts/	Instructors	2
https://progressivemartialarts.com.au/product-tag/focus-paddles/	Arts We Teach	2
https://progressivemartialarts.com.au/product-tag/focus-paddles/	More	2
https://progressivemartialarts.com.au/product-tag/focus-paddles/	Pictures	2
https://progressivemartialarts.com.au/product-tag/focus-paddles/	Instructors	2
https://progressivemartialarts.com.au/product-tag/fong-dvd/	Arts We Teach	2
https://progressivemartialarts.com.au/product-tag/fong-dvd/	More	2
https://progressivemartialarts.com.au/product-tag/fong-dvd/	Pictures	2
https://progressivemartialarts.com.au/product-tag/fong-dvd/	Instructors	2
https://progressivemartialarts.com.au/product-tag/gi-patch-kit/	Arts We Teach	2
https://progressivemartialarts.com.au/product-tag/gi-patch-kit/	More	2
https://progressivemartialarts.com.au/product-tag/gi-patch-kit/	Pictures	2
https://progressivemartialarts.com.au/product-tag/gi-patch-kit/	Instructors	2
https://progressivemartialarts.com.au/product-tag/gi-patch/	Arts We Teach	2
https://progressivemartialarts.com.au/product-tag/gi-patch/	More	2
https://progressivemartialarts.com.au/product-tag/gi-patch/	Pictures	2
https://progressivemartialarts.com.au/product-tag/gi-patch/	Instructors	2
https://progressivemartialarts.com.au/product-tag/grappling/	Arts We Teach	2
https://progressivemartialarts.com.au/product-tag/grappling/	More	2
https://progressivemartialarts.com.au/product-tag/grappling/	Pictures	2
https://progressivemartialarts.com.au/product-tag/grappling/	Instructors	2
https://progressivemartialarts.com.au/product-tag/gung-fu/	Arts We Teach	2
https://progressivemartialarts.com.au/product-tag/gung-fu/	More	2
https://progressivemartialarts.com.au/product-tag/gung-fu/	Pictures	2
https://progressivemartialarts.com.au/product-tag/gung-fu/	Instructors	2
https://progressivemartialarts.com.au/product-tag/guro-dan-inosanto/	Arts We Teach	2
https://progressivemartialarts.com.au/product-tag/guro-dan-inosanto/	More	2
https://progressivemartialarts.com.au/product-tag/guro-dan-inosanto/	Pictures	2
https://progressivemartialarts.com.au/product-tag/guro-dan-inosanto/	Instructors	2
https://progressivemartialarts.com.au/product-tag/guru-dan-inosanto/	Arts We Teach	2
https://progressivemartialarts.com.au/product-tag/guru-dan-inosanto/	More	2
https://progressivemartialarts.com.au/product-tag/guru-dan-inosanto/	Pictures	2
https://progressivemartialarts.com.au/product-tag/guru-dan-inosanto/	Instructors	2
https://progressivemartialarts.com.au/product-tag/guru/	Arts We Teach	2
https://progressivemartialarts.com.au/product-tag/guru/	More	2
https://progressivemartialarts.com.au/product-tag/guru/	Pictures	2
https://progressivemartialarts.com.au/product-tag/guru/	Instructors	2
https://progressivemartialarts.com.au/product-tag/hoodie/	Arts We Teach	2
https://progressivemartialarts.com.au/product-tag/hoodie/	More	2
https://progressivemartialarts.com.au/product-tag/hoodie/	Pictures	2
https://progressivemartialarts.com.au/product-tag/hoodie/	Instructors	2
https://progressivemartialarts.com.au/product-tag/hoodies/	Arts We Teach	2
https://progressivemartialarts.com.au/product-tag/hoodies/	More	2
https://progressivemartialarts.com.au/product-tag/hoodies/	Pictures	2
https://progressivemartialarts.com.au/product-tag/hoodies/	Instructors	2
https://progressivemartialarts.com.au/product-tag/ikat/	Arts We Teach	2
https://progressivemartialarts.com.au/product-tag/ikat/	More	2
https://progressivemartialarts.com.au/product-tag/ikat/	Pictures	2
https://progressivemartialarts.com.au/product-tag/ikat/	Instructors	2
https://progressivemartialarts.com.au/product-tag/indonesia/	Arts We Teach	2
https://progressivemartialarts.com.au/product-tag/indonesia/	More	2
https://progressivemartialarts.com.au/product-tag/indonesia/	Pictures	2
https://progressivemartialarts.com.au/product-tag/indonesia/	Instructors	2
https://progressivemartialarts.com.au/product-tag/indonesian/	Arts We Teach	2
https://progressivemartialarts.com.au/product-tag/indonesian/	More	2
https://progressivemartialarts.com.au/product-tag/indonesian/	Pictures	2
https://progressivemartialarts.com.au/product-tag/indonesian/	Instructors	2
https://progressivemartialarts.com.au/product-tag/inosanto-academy/	Arts We Teach	2
https://progressivemartialarts.com.au/product-tag/inosanto-academy/	More	2
https://progressivemartialarts.com.au/product-tag/inosanto-academy/	Pictures	2
https://progressivemartialarts.com.au/product-tag/inosanto-academy/	Instructors	2
https://progressivemartialarts.com.au/product-tag/inosanto-dvd/	Arts We Teach	2
https://progressivemartialarts.com.au/product-tag/inosanto-dvd/	More	2
https://progressivemartialarts.com.au/product-tag/inosanto-dvd/	Pictures	2
https://progressivemartialarts.com.au/product-tag/inosanto-dvd/	Instructors	2
https://progressivemartialarts.com.au/product-tag/inosanto/	Arts We Teach	2
https://progressivemartialarts.com.au/product-tag/inosanto/	More	2
https://progressivemartialarts.com.au/product-tag/inosanto/	Pictures	2
https://progressivemartialarts.com.au/product-tag/inosanto/	Instructors	2
https://progressivemartialarts.com.au/product-tag/jean-jacques-machado/	Arts We Teach	2
https://progressivemartialarts.com.au/product-tag/jean-jacques-machado/	More	2
https://progressivemartialarts.com.au/product-tag/jean-jacques-machado/	Pictures	2
https://progressivemartialarts.com.au/product-tag/jean-jacques-machado/	Instructors	2
https://progressivemartialarts.com.au/product-tag/jeet-kune-do/	Arts We Teach	2
https://progressivemartialarts.com.au/product-tag/jeet-kune-do/	More	2
https://progressivemartialarts.com.au/product-tag/jeet-kune-do/	Pictures	2
https://progressivemartialarts.com.au/product-tag/jeet-kune-do/	Instructors	2
https://progressivemartialarts.com.au/product-tag/jkd/	Arts We Teach	2
https://progressivemartialarts.com.au/product-tag/jkd/	More	2
https://progressivemartialarts.com.au/product-tag/jkd/	Pictures	2
https://progressivemartialarts.com.au/product-tag/jkd/	Instructors	2
https://progressivemartialarts.com.au/product-tag/john-lacoste/	Arts We Teach	2
https://progressivemartialarts.com.au/product-tag/john-lacoste/	More	2
https://progressivemartialarts.com.au/product-tag/john-lacoste/	Pictures	2
https://progressivemartialarts.com.au/product-tag/john-lacoste/	Instructors	2
https://progressivemartialarts.com.au/product-tag/john-machado/	Arts We Teach	2
https://progressivemartialarts.com.au/product-tag/john-machado/	More	2
https://progressivemartialarts.com.au/product-tag/john-machado/	Pictures	2
https://progressivemartialarts.com.au/product-tag/john-machado/	Instructors	2
https://progressivemartialarts.com.au/product-tag/jun-fan-gung-fu-jkd/	Arts We Teach	2
https://progressivemartialarts.com.au/product-tag/jun-fan-gung-fu-jkd/	More	2
https://progressivemartialarts.com.au/product-tag/jun-fan-gung-fu-jkd/	Pictures	2
https://progressivemartialarts.com.au/product-tag/jun-fan-gung-fu-jkd/	Instructors	2
https://progressivemartialarts.com.au/product-tag/jun-fan-gung-fu/	Arts We Teach	2
https://progressivemartialarts.com.au/product-tag/jun-fan-gung-fu/	More	2
https://progressivemartialarts.com.au/product-tag/jun-fan-gung-fu/	Pictures	2
https://progressivemartialarts.com.au/product-tag/jun-fan-gung-fu/	Instructors	2
https://progressivemartialarts.com.au/product-tag/kali/	Arts We Teach	2
https://progressivemartialarts.com.au/product-tag/kali/	More	2
https://progressivemartialarts.com.au/product-tag/kali/	Pictures	2
https://progressivemartialarts.com.au/product-tag/kali/	Instructors	2
https://progressivemartialarts.com.au/product-tag/kamot-lihok/	Arts We Teach	2
https://progressivemartialarts.com.au/product-tag/kamot-lihok/	More	2
https://progressivemartialarts.com.au/product-tag/kamot-lihok/	Pictures	2
https://progressivemartialarts.com.au/product-tag/kamot-lihok/	Instructors	2
https://progressivemartialarts.com.au/product-tag/kapulubad/	Arts We Teach	2
https://progressivemartialarts.com.au/product-tag/kapulubad/	More	2
https://progressivemartialarts.com.au/product-tag/kapulubad/	Pictures	2
https://progressivemartialarts.com.au/product-tag/kapulubad/	Instructors	2
https://progressivemartialarts.com.au/product-tag/keris/	Arts We Teach	2
https://progressivemartialarts.com.au/product-tag/keris/	More	2
https://progressivemartialarts.com.au/product-tag/keris/	Pictures	2
https://progressivemartialarts.com.au/product-tag/keris/	Instructors	2
https://progressivemartialarts.com.au/product-tag/kick-boxing/	Arts We Teach	2
https://progressivemartialarts.com.au/product-tag/kick-boxing/	More	2
https://progressivemartialarts.com.au/product-tag/kick-boxing/	Pictures	2
https://progressivemartialarts.com.au/product-tag/kick-boxing/	Instructors	2
https://progressivemartialarts.com.au/product-tag/kickboxing/	Arts We Teach	2
https://progressivemartialarts.com.au/product-tag/kickboxing/	More	2
https://progressivemartialarts.com.au/product-tag/kickboxing/	Pictures	2
https://progressivemartialarts.com.au/product-tag/kickboxing/	Instructors	2
https://progressivemartialarts.com.au/product-tag/kicking-shield/	Arts We Teach	2
https://progressivemartialarts.com.au/product-tag/kicking-shield/	More	2
https://progressivemartialarts.com.au/product-tag/kicking-shield/	Pictures	2
https://progressivemartialarts.com.au/product-tag/kicking-shield/	Instructors	2
https://progressivemartialarts.com.au/product-tag/knife/	Arts We Teach	2
https://progressivemartialarts.com.au/product-tag/knife/	More	2
https://progressivemartialarts.com.au/product-tag/knife/	Pictures	2
https://progressivemartialarts.com.au/product-tag/knife/	Instructors	2
https://progressivemartialarts.com.au/product-tag/krabi-krabong/	Arts We Teach	2
https://progressivemartialarts.com.au/product-tag/krabi-krabong/	More	2
https://progressivemartialarts.com.au/product-tag/krabi-krabong/	Pictures	2
https://progressivemartialarts.com.au/product-tag/krabi-krabong/	Instructors	2
https://progressivemartialarts.com.au/product-tag/kris/	Arts We Teach	2
https://progressivemartialarts.com.au/product-tag/kris/	More	2
https://progressivemartialarts.com.au/product-tag/kris/	Pictures	2
https://progressivemartialarts.com.au/product-tag/kris/	Instructors	2
https://progressivemartialarts.com.au/product-tag/kun-khmer-pradal-serey/	Arts We Teach	2
https://progressivemartialarts.com.au/product-tag/kun-khmer-pradal-serey/	More	2
https://progressivemartialarts.com.au/product-tag/kun-khmer-pradal-serey/	Pictures	2
https://progressivemartialarts.com.au/product-tag/kun-khmer-pradal-serey/	Instructors	2
https://progressivemartialarts.com.au/product-tag/ladies/	Arts We Teach	2
https://progressivemartialarts.com.au/product-tag/ladies/	More	2
https://progressivemartialarts.com.au/product-tag/ladies/	Pictures	2
https://progressivemartialarts.com.au/product-tag/ladies/	Instructors	2
https://progressivemartialarts.com.au/product-tag/lameco-eskrima/	Arts We Teach	2
https://progressivemartialarts.com.au/product-tag/lameco-eskrima/	More	2
https://progressivemartialarts.com.au/product-tag/lameco-eskrima/	Pictures	2
https://progressivemartialarts.com.au/product-tag/lameco-eskrima/	Instructors	2
https://progressivemartialarts.com.au/product-tag/lameco-padded-dagger/	Arts We Teach	2
https://progressivemartialarts.com.au/product-tag/lameco-padded-dagger/	More	2
https://progressivemartialarts.com.au/product-tag/lameco-padded-dagger/	Pictures	2
https://progressivemartialarts.com.au/product-tag/lameco-padded-dagger/	Instructors	2
https://progressivemartialarts.com.au/product-tag/lameco-padded-sticks/	Arts We Teach	2
https://progressivemartialarts.com.au/product-tag/lameco-padded-sticks/	More	2
https://progressivemartialarts.com.au/product-tag/lameco-padded-sticks/	Pictures	2
https://progressivemartialarts.com.au/product-tag/lameco-padded-sticks/	Instructors	2
https://progressivemartialarts.com.au/product-tag/lameco/	Arts We Teach	2
https://progressivemartialarts.com.au/product-tag/lameco/	More	2
https://progressivemartialarts.com.au/product-tag/lameco/	Pictures	2
https://progressivemartialarts.com.au/product-tag/lameco/	Instructors	2
https://progressivemartialarts.com.au/product-tag/layog/	Arts We Teach	2
https://progressivemartialarts.com.au/product-tag/layog/	More	2
https://progressivemartialarts.com.au/product-tag/layog/	Pictures	2
https://progressivemartialarts.com.au/product-tag/layog/	Instructors	2
https://progressivemartialarts.com.au/product-tag/legends-dvd/	Arts We Teach	2
https://progressivemartialarts.com.au/product-tag/legends-dvd/	More	2
https://progressivemartialarts.com.au/product-tag/legends-dvd/	Pictures	2
https://progressivemartialarts.com.au/product-tag/legends-dvd/	Instructors	2
https://progressivemartialarts.com.au/product-tag/legends/	Arts We Teach	2
https://progressivemartialarts.com.au/product-tag/legends/	More	2
https://progressivemartialarts.com.au/product-tag/legends/	Pictures	2
https://progressivemartialarts.com.au/product-tag/legends/	Instructors	2
https://progressivemartialarts.com.au/product-tag/little-dragons/	Arts We Teach	2
https://progressivemartialarts.com.au/product-tag/little-dragons/	More	2
https://progressivemartialarts.com.au/product-tag/little-dragons/	Pictures	2
https://progressivemartialarts.com.au/product-tag/little-dragons/	Instructors	2
https://progressivemartialarts.com.au/product-tag/long-sleeve/	Arts We Teach	2
https://progressivemartialarts.com.au/product-tag/long-sleeve/	More	2
https://progressivemartialarts.com.au/product-tag/long-sleeve/	Pictures	2
https://progressivemartialarts.com.au/product-tag/long-sleeve/	Instructors	2
https://progressivemartialarts.com.au/product-tag/madjapahit-martial-arts/	Arts We Teach	2
https://progressivemartialarts.com.au/product-tag/madjapahit-martial-arts/	More	2
https://progressivemartialarts.com.au/product-tag/madjapahit-martial-arts/	Pictures	2
https://progressivemartialarts.com.au/product-tag/madjapahit-martial-arts/	Instructors	2
https://progressivemartialarts.com.au/product-tag/majapahit/	Arts We Teach	2
https://progressivemartialarts.com.au/product-tag/majapahit/	More	2
https://progressivemartialarts.com.au/product-tag/majapahit/	Pictures	2
https://progressivemartialarts.com.au/product-tag/majapahit/	Instructors	2
https://progressivemartialarts.com.au/product-tag/malong/	Arts We Teach	2
https://progressivemartialarts.com.au/product-tag/malong/	More	2
https://progressivemartialarts.com.au/product-tag/malong/	Pictures	2
https://progressivemartialarts.com.au/product-tag/malong/	Instructors	2
https://progressivemartialarts.com.au/product-tag/mande-muda-pencak-silat/	Arts We Teach	2
https://progressivemartialarts.com.au/product-tag/mande-muda-pencak-silat/	More	2
https://progressivemartialarts.com.au/product-tag/mande-muda-pencak-silat/	Pictures	2
https://progressivemartialarts.com.au/product-tag/mande-muda-pencak-silat/	Instructors	2
https://progressivemartialarts.com.au/product-tag/mande-muda/	Arts We Teach	2
https://progressivemartialarts.com.au/product-tag/mande-muda/	More	2
https://progressivemartialarts.com.au/product-tag/mande-muda/	Pictures	2
https://progressivemartialarts.com.au/product-tag/mande-muda/	Instructors	2
https://progressivemartialarts.com.au/product-tag/maphilindo-silat/	Arts We Teach	2
https://progressivemartialarts.com.au/product-tag/maphilindo-silat/	More	2
https://progressivemartialarts.com.au/product-tag/maphilindo-silat/	Pictures	2
https://progressivemartialarts.com.au/product-tag/maphilindo-silat/	Instructors	2
https://progressivemartialarts.com.au/product-tag/mini-muscles/	Arts We Teach	2
https://progressivemartialarts.com.au/product-tag/mini-muscles/	More	2
https://progressivemartialarts.com.au/product-tag/mini-muscles/	Pictures	2
https://progressivemartialarts.com.au/product-tag/mini-muscles/	Instructors	2
https://progressivemartialarts.com.au/product-tag/mma/	Arts We Teach	2
https://progressivemartialarts.com.au/product-tag/mma/	More	2
https://progressivemartialarts.com.au/product-tag/mma/	Pictures	2
https://progressivemartialarts.com.au/product-tag/mma/	Instructors	2
https://progressivemartialarts.com.au/product-tag/muay-thai-thai-boxing/	Arts We Teach	2
https://progressivemartialarts.com.au/product-tag/muay-thai-thai-boxing/	More	2
https://progressivemartialarts.com.au/product-tag/muay-thai-thai-boxing/	Pictures	2
https://progressivemartialarts.com.au/product-tag/muay-thai-thai-boxing/	Instructors	2
https://progressivemartialarts.com.au/product-tag/muay-thai/	Arts We Teach	2
https://progressivemartialarts.com.au/product-tag/muay-thai/	More	2
https://progressivemartialarts.com.au/product-tag/muay-thai/	Pictures	2
https://progressivemartialarts.com.au/product-tag/muay-thai/	Instructors	2
https://progressivemartialarts.com.au/product-tag/nempel-kaki/	Arts We Teach	2
https://progressivemartialarts.com.au/product-tag/nempel-kaki/	More	2
https://progressivemartialarts.com.au/product-tag/nempel-kaki/	Pictures	2
https://progressivemartialarts.com.au/product-tag/nempel-kaki/	Instructors	2
https://progressivemartialarts.com.au/product-tag/other-dvd/	Arts We Teach	2
https://progressivemartialarts.com.au/product-tag/other-dvd/	More	2
https://progressivemartialarts.com.au/product-tag/other-dvd/	Pictures	2
https://progressivemartialarts.com.au/product-tag/other-dvd/	Instructors	2
https://progressivemartialarts.com.au/product-tag/oumry-ban/	Arts We Teach	2
https://progressivemartialarts.com.au/product-tag/oumry-ban/	More	2
https://progressivemartialarts.com.au/product-tag/oumry-ban/	Pictures	2
https://progressivemartialarts.com.au/product-tag/oumry-ban/	Instructors	2
https://progressivemartialarts.com.au/product-tag/panantukan/	Arts We Teach	2
https://progressivemartialarts.com.au/product-tag/panantukan/	More	2
https://progressivemartialarts.com.au/product-tag/panantukan/	Pictures	2
https://progressivemartialarts.com.au/product-tag/panantukan/	Instructors	2
https://progressivemartialarts.com.au/product-tag/pangamut/	Arts We Teach	2
https://progressivemartialarts.com.au/product-tag/pangamut/	More	2
https://progressivemartialarts.com.au/product-tag/pangamut/	Pictures	2
https://progressivemartialarts.com.au/product-tag/pangamut/	Instructors	2
https://progressivemartialarts.com.au/product-tag/patches/	Arts We Teach	2
https://progressivemartialarts.com.au/product-tag/patches/	More	2
https://progressivemartialarts.com.au/product-tag/patches/	Pictures	2
https://progressivemartialarts.com.au/product-tag/patches/	Instructors	2
https://progressivemartialarts.com.au/product-tag/pencak-silat/	Arts We Teach	2
https://progressivemartialarts.com.au/product-tag/pencak-silat/	More	2
https://progressivemartialarts.com.au/product-tag/pencak-silat/	Pictures	2
https://progressivemartialarts.com.au/product-tag/pencak-silat/	Instructors	2
https://progressivemartialarts.com.au/product-tag/pendekar-herman-suwanda/	Arts We Teach	2
https://progressivemartialarts.com.au/product-tag/pendekar-herman-suwanda/	More	2
https://progressivemartialarts.com.au/product-tag/pendekar-herman-suwanda/	Pictures	2
https://progressivemartialarts.com.au/product-tag/pendekar-herman-suwanda/	Instructors	2
https://progressivemartialarts.com.au/product-tag/pentjak-silat/	Arts We Teach	2
https://progressivemartialarts.com.au/product-tag/pentjak-silat/	More	2
https://progressivemartialarts.com.au/product-tag/pentjak-silat/	Pictures	2
https://progressivemartialarts.com.au/product-tag/pentjak-silat/	Instructors	2
https://progressivemartialarts.com.au/product-tag/philosophy/	Arts We Teach	2
https://progressivemartialarts.com.au/product-tag/philosophy/	More	2
https://progressivemartialarts.com.au/product-tag/philosophy/	Pictures	2
https://progressivemartialarts.com.au/product-tag/philosophy/	Instructors	2
https://progressivemartialarts.com.au/product-tag/professor-dan-inosanto/	Arts We Teach	2
https://progressivemartialarts.com.au/product-tag/professor-dan-inosanto/	More	2
https://progressivemartialarts.com.au/product-tag/professor-dan-inosanto/	Pictures	2
https://progressivemartialarts.com.au/product-tag/professor-dan-inosanto/	Instructors	2
https://progressivemartialarts.com.au/product-tag/professor-jean-jacques-machado/	Arts We Teach	2
https://progressivemartialarts.com.au/product-tag/professor-jean-jacques-machado/	More	2
https://progressivemartialarts.com.au/product-tag/professor-jean-jacques-machado/	Pictures	2
https://progressivemartialarts.com.au/product-tag/professor-jean-jacques-machado/	Instructors	2
https://progressivemartialarts.com.au/product-tag/progressive-martial-arts/	Arts We Teach	2
https://progressivemartialarts.com.au/product-tag/progressive-martial-arts/	More	2
https://progressivemartialarts.com.au/product-tag/progressive-martial-arts/	Pictures	2
https://progressivemartialarts.com.au/product-tag/progressive-martial-arts/	Instructors	2
https://progressivemartialarts.com.au/product-tag/punong-guro-edgar-sulite/	Arts We Teach	2
https://progressivemartialarts.com.au/product-tag/punong-guro-edgar-sulite/	More	2
https://progressivemartialarts.com.au/product-tag/punong-guro-edgar-sulite/	Pictures	2
https://progressivemartialarts.com.au/product-tag/punong-guro-edgar-sulite/	Instructors	2
https://progressivemartialarts.com.au/product-tag/racerback/	Arts We Teach	2
https://progressivemartialarts.com.au/product-tag/racerback/	More	2
https://progressivemartialarts.com.au/product-tag/racerback/	Pictures	2
https://progressivemartialarts.com.au/product-tag/racerback/	Instructors	2
https://progressivemartialarts.com.au/product-tag/rashguard/	Arts We Teach	2
https://progressivemartialarts.com.au/product-tag/rashguard/	More	2
https://progressivemartialarts.com.au/product-tag/rashguard/	Pictures	2
https://progressivemartialarts.com.au/product-tag/rashguard/	Instructors	2
https://progressivemartialarts.com.au/product-tag/rattan-sticks/	Arts We Teach	2
https://progressivemartialarts.com.au/product-tag/rattan-sticks/	More	2
https://progressivemartialarts.com.au/product-tag/rattan-sticks/	Pictures	2
https://progressivemartialarts.com.au/product-tag/rattan-sticks/	Instructors	2
https://progressivemartialarts.com.au/product-tag/regino-ilustrisimo/	Arts We Teach	2
https://progressivemartialarts.com.au/product-tag/regino-ilustrisimo/	More	2
https://progressivemartialarts.com.au/product-tag/regino-ilustrisimo/	Pictures	2
https://progressivemartialarts.com.au/product-tag/regino-ilustrisimo/	Instructors	2
https://progressivemartialarts.com.au/product-tag/rigan-machado/	Arts We Teach	2
https://progressivemartialarts.com.au/product-tag/rigan-machado/	More	2
https://progressivemartialarts.com.au/product-tag/rigan-machado/	Pictures	2
https://progressivemartialarts.com.au/product-tag/rigan-machado/	Instructors	2
https://progressivemartialarts.com.au/product-tag/roger-machado/	Arts We Teach	2
https://progressivemartialarts.com.au/product-tag/roger-machado/	More	2
https://progressivemartialarts.com.au/product-tag/roger-machado/	Pictures	2
https://progressivemartialarts.com.au/product-tag/roger-machado/	Instructors	2
https://progressivemartialarts.com.au/product-tag/sarong/	Arts We Teach	2
https://progressivemartialarts.com.au/product-tag/sarong/	More	2
https://progressivemartialarts.com.au/product-tag/sarong/	Pictures	2
https://progressivemartialarts.com.au/product-tag/sarong/	Instructors	2
https://progressivemartialarts.com.au/product-tag/seama/	Arts We Teach	2
https://progressivemartialarts.com.au/product-tag/seama/	More	2
https://progressivemartialarts.com.au/product-tag/seama/	Pictures	2
https://progressivemartialarts.com.au/product-tag/seama/	Instructors	2
https://progressivemartialarts.com.au/product-tag/self-defence/	Arts We Teach	2
https://progressivemartialarts.com.au/product-tag/self-defence/	More	2
https://progressivemartialarts.com.au/product-tag/self-defence/	Pictures	2
https://progressivemartialarts.com.au/product-tag/self-defence/	Instructors	2
https://progressivemartialarts.com.au/product-tag/self-defense/	Arts We Teach	2
https://progressivemartialarts.com.au/product-tag/self-defense/	More	2
https://progressivemartialarts.com.au/product-tag/self-defense/	Pictures	2
https://progressivemartialarts.com.au/product-tag/self-defense/	Instructors	2
https://progressivemartialarts.com.au/product-tag/shield/	Arts We Teach	2
https://progressivemartialarts.com.au/product-tag/shield/	More	2
https://progressivemartialarts.com.au/product-tag/shield/	Pictures	2
https://progressivemartialarts.com.au/product-tag/shield/	Instructors	2
https://progressivemartialarts.com.au/product-tag/shoot-wrestling/	Arts We Teach	2
https://progressivemartialarts.com.au/product-tag/shoot-wrestling/	More	2
https://progressivemartialarts.com.au/product-tag/shoot-wrestling/	Pictures	2
https://progressivemartialarts.com.au/product-tag/shoot-wrestling/	Instructors	2
https://progressivemartialarts.com.au/product-tag/shooto/	Arts We Teach	2
https://progressivemartialarts.com.au/product-tag/shooto/	More	2
https://progressivemartialarts.com.au/product-tag/shooto/	Pictures	2
https://progressivemartialarts.com.au/product-tag/shooto/	Instructors	2
https://progressivemartialarts.com.au/product-tag/shorts/	Arts We Teach	2
https://progressivemartialarts.com.au/product-tag/shorts/	More	2
https://progressivemartialarts.com.au/product-tag/shorts/	Pictures	2
https://progressivemartialarts.com.au/product-tag/shorts/	Instructors	2
https://progressivemartialarts.com.au/product-tag/sifu-bruce-lee/	Arts We Teach	2
https://progressivemartialarts.com.au/product-tag/sifu-bruce-lee/	More	2
https://progressivemartialarts.com.au/product-tag/sifu-bruce-lee/	Pictures	2
https://progressivemartialarts.com.au/product-tag/sifu-bruce-lee/	Instructors	2
https://progressivemartialarts.com.au/product-tag/sifu-dan-inosanto/	Arts We Teach	2
https://progressivemartialarts.com.au/product-tag/sifu-dan-inosanto/	More	2
https://progressivemartialarts.com.au/product-tag/sifu-dan-inosanto/	Pictures	2
https://progressivemartialarts.com.au/product-tag/sifu-dan-inosanto/	Instructors	2
https://progressivemartialarts.com.au/product-tag/sifu-francis-fong/	Arts We Teach	2
https://progressivemartialarts.com.au/product-tag/sifu-francis-fong/	More	2
https://progressivemartialarts.com.au/product-tag/sifu-francis-fong/	Pictures	2
https://progressivemartialarts.com.au/product-tag/sifu-francis-fong/	Instructors	2
https://progressivemartialarts.com.au/product-tag/sifu-taky-kimura/	Arts We Teach	2
https://progressivemartialarts.com.au/product-tag/sifu-taky-kimura/	More	2
https://progressivemartialarts.com.au/product-tag/sifu-taky-kimura/	Pictures	2
https://progressivemartialarts.com.au/product-tag/sifu-taky-kimura/	Instructors	2
https://progressivemartialarts.com.au/product-tag/sifu/	Arts We Teach	2
https://progressivemartialarts.com.au/product-tag/sifu/	More	2
https://progressivemartialarts.com.au/product-tag/sifu/	Pictures	2
https://progressivemartialarts.com.au/product-tag/sifu/	Instructors	2
https://progressivemartialarts.com.au/product-tag/singlet/	Arts We Teach	2
https://progressivemartialarts.com.au/product-tag/singlet/	More	2
https://progressivemartialarts.com.au/product-tag/singlet/	Pictures	2
https://progressivemartialarts.com.au/product-tag/singlet/	Instructors	2
https://progressivemartialarts.com.au/product-tag/southeast-asian/	Arts We Teach	2
https://progressivemartialarts.com.au/product-tag/southeast-asian/	More	2
https://progressivemartialarts.com.au/product-tag/southeast-asian/	Pictures	2
https://progressivemartialarts.com.au/product-tag/southeast-asian/	Instructors	2
https://progressivemartialarts.com.au/product-tag/spear/	Arts We Teach	2
https://progressivemartialarts.com.au/product-tag/spear/	More	2
https://progressivemartialarts.com.au/product-tag/spear/	Pictures	2
https://progressivemartialarts.com.au/product-tag/spear/	Instructors	2
https://progressivemartialarts.com.au/product-tag/staff/	Arts We Teach	2
https://progressivemartialarts.com.au/product-tag/staff/	More	2
https://progressivemartialarts.com.au/product-tag/staff/	Pictures	2
https://progressivemartialarts.com.au/product-tag/staff/	Instructors	2
https://progressivemartialarts.com.au/product-tag/stick-and-dagger/	Arts We Teach	2
https://progressivemartialarts.com.au/product-tag/stick-and-dagger/	More	2
https://progressivemartialarts.com.au/product-tag/stick-and-dagger/	Pictures	2
https://progressivemartialarts.com.au/product-tag/stick-and-dagger/	Instructors	2
https://progressivemartialarts.com.au/product-tag/stick-dagger/	Arts We Teach	2
https://progressivemartialarts.com.au/product-tag/stick-dagger/	More	2
https://progressivemartialarts.com.au/product-tag/stick-dagger/	Pictures	2
https://progressivemartialarts.com.au/product-tag/stick-dagger/	Instructors	2
https://progressivemartialarts.com.au/product-tag/stick/	Arts We Teach	2
https://progressivemartialarts.com.au/product-tag/stick/	More	2
https://progressivemartialarts.com.au/product-tag/stick/	Pictures	2
https://progressivemartialarts.com.au/product-tag/stick/	Instructors	2
https://progressivemartialarts.com.au/product-tag/sticks/	Arts We Teach	2
https://progressivemartialarts.com.au/product-tag/sticks/	More	2
https://progressivemartialarts.com.au/product-tag/sticks/	Pictures	2
https://progressivemartialarts.com.au/product-tag/sticks/	Instructors	2
https://progressivemartialarts.com.au/product-tag/sticky-hands/	Arts We Teach	2
https://progressivemartialarts.com.au/product-tag/sticky-hands/	More	2
https://progressivemartialarts.com.au/product-tag/sticky-hands/	Pictures	2
https://progressivemartialarts.com.au/product-tag/sticky-hands/	Instructors	2
https://progressivemartialarts.com.au/product-tag/stockton-california-usa/	Arts We Teach	2
https://progressivemartialarts.com.au/product-tag/stockton-california-usa/	More	2
https://progressivemartialarts.com.au/product-tag/stockton-california-usa/	Pictures	2
https://progressivemartialarts.com.au/product-tag/stockton-california-usa/	Instructors	2
https://progressivemartialarts.com.au/product-tag/sulite-dvd/	Arts We Teach	2
https://progressivemartialarts.com.au/product-tag/sulite-dvd/	More	2
https://progressivemartialarts.com.au/product-tag/sulite-dvd/	Pictures	2
https://progressivemartialarts.com.au/product-tag/sulite-dvd/	Instructors	2
https://progressivemartialarts.com.au/product-tag/sweatpants/	Arts We Teach	2
https://progressivemartialarts.com.au/product-tag/sweatpants/	More	2
https://progressivemartialarts.com.au/product-tag/sweatpants/	Pictures	2
https://progressivemartialarts.com.au/product-tag/sweatpants/	Instructors	2
https://progressivemartialarts.com.au/product-tag/sword/	Arts We Teach	2
https://progressivemartialarts.com.au/product-tag/sword/	More	2
https://progressivemartialarts.com.au/product-tag/sword/	Pictures	2
https://progressivemartialarts.com.au/product-tag/sword/	Instructors	2
https://progressivemartialarts.com.au/product-tag/t-shirt/	Arts We Teach	2
https://progressivemartialarts.com.au/product-tag/t-shirt/	More	2
https://progressivemartialarts.com.au/product-tag/t-shirt/	Pictures	2
https://progressivemartialarts.com.au/product-tag/t-shirt/	Instructors	2
https://progressivemartialarts.com.au/product-tag/tba-wtba/	Arts We Teach	2
https://progressivemartialarts.com.au/product-tag/tba-wtba/	More	2
https://progressivemartialarts.com.au/product-tag/tba-wtba/	Pictures	2
https://progressivemartialarts.com.au/product-tag/tba-wtba/	Instructors	2
https://progressivemartialarts.com.au/product-tag/thai-chi/	Arts We Teach	2
https://progressivemartialarts.com.au/product-tag/thai-chi/	More	2
https://progressivemartialarts.com.au/product-tag/thai-chi/	Pictures	2
https://progressivemartialarts.com.au/product-tag/thai-chi/	Instructors	2
https://progressivemartialarts.com.au/product-tag/thai-pads/	Arts We Teach	2
https://progressivemartialarts.com.au/product-tag/thai-pads/	More	2
https://progressivemartialarts.com.au/product-tag/thai-pads/	Pictures	2
https://progressivemartialarts.com.au/product-tag/thai-pads/	Instructors	2
https://progressivemartialarts.com.au/product-tag/thumpas/	Arts We Teach	2
https://progressivemartialarts.com.au/product-tag/thumpas/	More	2
https://progressivemartialarts.com.au/product-tag/thumpas/	Pictures	2
https://progressivemartialarts.com.au/product-tag/thumpas/	Instructors	2
https://progressivemartialarts.com.au/product-tag/towels/	Arts We Teach	2
https://progressivemartialarts.com.au/product-tag/towels/	More	2
https://progressivemartialarts.com.au/product-tag/towels/	Pictures	2
https://progressivemartialarts.com.au/product-tag/towels/	Instructors	2
https://progressivemartialarts.com.au/product-tag/training-dagger/	Arts We Teach	2
https://progressivemartialarts.com.au/product-tag/training-dagger/	More	2
https://progressivemartialarts.com.au/product-tag/training-dagger/	Pictures	2
https://progressivemartialarts.com.au/product-tag/training-dagger/	Instructors	2
https://progressivemartialarts.com.au/product-tag/training-equipment/	Arts We Teach	2
https://progressivemartialarts.com.au/product-tag/training-equipment/	More	2
https://progressivemartialarts.com.au/product-tag/training-equipment/	Pictures	2
https://progressivemartialarts.com.au/product-tag/training-equipment/	Instructors	2
https://progressivemartialarts.com.au/product-tag/training-music/	Arts We Teach	2
https://progressivemartialarts.com.au/product-tag/training-music/	More	2
https://progressivemartialarts.com.au/product-tag/training-music/	Pictures	2
https://progressivemartialarts.com.au/product-tag/training-music/	Instructors	2
https://progressivemartialarts.com.au/product-tag/trapping/	Arts We Teach	2
https://progressivemartialarts.com.au/product-tag/trapping/	More	2
https://progressivemartialarts.com.au/product-tag/trapping/	Pictures	2
https://progressivemartialarts.com.au/product-tag/trapping/	Instructors	2
https://progressivemartialarts.com.au/product-tag/triangle-gi/	Arts We Teach	2
https://progressivemartialarts.com.au/product-tag/triangle-gi/	More	2
https://progressivemartialarts.com.au/product-tag/triangle-gi/	Pictures	2
https://progressivemartialarts.com.au/product-tag/triangle-gi/	Instructors	2
https://progressivemartialarts.com.au/product-tag/weapon/	Arts We Teach	2
https://progressivemartialarts.com.au/product-tag/weapon/	More	2
https://progressivemartialarts.com.au/product-tag/weapon/	Pictures	2
https://progressivemartialarts.com.au/product-tag/weapon/	Instructors	2
https://progressivemartialarts.com.au/product-tag/weapons/	Arts We Teach	2
https://progressivemartialarts.com.au/product-tag/weapons/	More	2
https://progressivemartialarts.com.au/product-tag/weapons/	Pictures	2
https://progressivemartialarts.com.au/product-tag/weapons/	Instructors	2
https://progressivemartialarts.com.au/product-tag/wing-chun-kung-fu/	Arts We Teach	2
https://progressivemartialarts.com.au/product-tag/wing-chun-kung-fu/	More	2
https://progressivemartialarts.com.au/product-tag/wing-chun-kung-fu/	Pictures	2
https://progressivemartialarts.com.au/product-tag/wing-chun-kung-fu/	Instructors	2
https://progressivemartialarts.com.au/product-tag/wing-chun/	Arts We Teach	2
https://progressivemartialarts.com.au/product-tag/wing-chun/	More	2
https://progressivemartialarts.com.au/product-tag/wing-chun/	Pictures	2
https://progressivemartialarts.com.au/product-tag/wing-chun/	Instructors	2
https://progressivemartialarts.com.au/product-tag/women/	Arts We Teach	2
https://progressivemartialarts.com.au/product-tag/women/	More	2
https://progressivemartialarts.com.au/product-tag/women/	Pictures	2
https://progressivemartialarts.com.au/product-tag/women/	Instructors	2
https://progressivemartialarts.com.au/product-tag/world-thai-boxing-association/	Arts We Teach	2
https://progressivemartialarts.com.au/product-tag/world-thai-boxing-association/	More	2
https://progressivemartialarts.com.au/product-tag/world-thai-boxing-association/	Pictures	2
https://progressivemartialarts.com.au/product-tag/world-thai-boxing-association/	Instructors	2
https://progressivemartialarts.com.au/product-tag/wraps/	Arts We Teach	2
https://progressivemartialarts.com.au/product-tag/wraps/	More	2
https://progressivemartialarts.com.au/product-tag/wraps/	Pictures	2
https://progressivemartialarts.com.au/product-tag/wraps/	Instructors	2
https://progressivemartialarts.com.au/product-tag/wtba/	Arts We Teach	2
https://progressivemartialarts.com.au/product-tag/wtba/	More	2
https://progressivemartialarts.com.au/product-tag/wtba/	Pictures	2
https://progressivemartialarts.com.au/product-tag/wtba/	Instructors	2
https://progressivemartialarts.com.au/product-tag/yoga-pants/	Arts We Teach	2
https://progressivemartialarts.com.au/product-tag/yoga-pants/	More	2
https://progressivemartialarts.com.au/product-tag/yoga-pants/	Pictures	2
https://progressivemartialarts.com.au/product-tag/yoga-pants/	Instructors	2
https://progressivemartialarts.com.au/product/10-urban-floor-to-ceiling-ball/	Arts We Teach	2
https://progressivemartialarts.com.au/product/10-urban-floor-to-ceiling-ball/	More	2
https://progressivemartialarts.com.au/product/10-urban-floor-to-ceiling-ball/	Pictures	2
https://progressivemartialarts.com.au/product/10-urban-floor-to-ceiling-ball/	Instructors	2
https://progressivemartialarts.com.au/product/aluminum-training-dagger-breast-cancer-awareness/	Arts We Teach	2
https://progressivemartialarts.com.au/product/aluminum-training-dagger-breast-cancer-awareness/	More	2
https://progressivemartialarts.com.au/product/aluminum-training-dagger-breast-cancer-awareness/	Pictures	2
https://progressivemartialarts.com.au/product/aluminum-training-dagger-breast-cancer-awareness/	Instructors	2
https://progressivemartialarts.com.au/product/aluminum-training-dagger-kris-dagger/	Arts We Teach	2
https://progressivemartialarts.com.au/product/aluminum-training-dagger-kris-dagger/	More	2
https://progressivemartialarts.com.au/product/aluminum-training-dagger-kris-dagger/	Pictures	2
https://progressivemartialarts.com.au/product/aluminum-training-dagger-kris-dagger/	Instructors	2
https://progressivemartialarts.com.au/product/aluminum-training-dagger-large-carbon-fibre-knife/	Arts We Teach	2
https://progressivemartialarts.com.au/product/aluminum-training-dagger-large-carbon-fibre-knife/	More	2
https://progressivemartialarts.com.au/product/aluminum-training-dagger-large-carbon-fibre-knife/	Pictures	2
https://progressivemartialarts.com.au/product/aluminum-training-dagger-large-carbon-fibre-knife/	Instructors	2
https://progressivemartialarts.com.au/product/aluminum-training-dagger-large-dipped-knives/	Arts We Teach	2
https://progressivemartialarts.com.au/product/aluminum-training-dagger-large-dipped-knives/	More	2
https://progressivemartialarts.com.au/product/aluminum-training-dagger-large-dipped-knives/	Pictures	2
https://progressivemartialarts.com.au/product/aluminum-training-dagger-large-dipped-knives/	Instructors	2
https://progressivemartialarts.com.au/product/aluminum-training-dagger-large-faded/	Arts We Teach	2
https://progressivemartialarts.com.au/product/aluminum-training-dagger-large-faded/	More	2
https://progressivemartialarts.com.au/product/aluminum-training-dagger-large-faded/	Pictures	2
https://progressivemartialarts.com.au/product/aluminum-training-dagger-large-faded/	Instructors	2
https://progressivemartialarts.com.au/product/aluminum-training-dagger-large-sand-camo/	Arts We Teach	2
https://progressivemartialarts.com.au/product/aluminum-training-dagger-large-sand-camo/	More	2
https://progressivemartialarts.com.au/product/aluminum-training-dagger-large-sand-camo/	Pictures	2
https://progressivemartialarts.com.au/product/aluminum-training-dagger-large-sand-camo/	Instructors	2
https://progressivemartialarts.com.au/product/aluminum-training-dagger-medium-spattered-knives/	Arts We Teach	2
https://progressivemartialarts.com.au/product/aluminum-training-dagger-medium-spattered-knives/	More	2
https://progressivemartialarts.com.au/product/aluminum-training-dagger-medium-spattered-knives/	Pictures	2
https://progressivemartialarts.com.au/product/aluminum-training-dagger-medium-spattered-knives/	Instructors	2
https://progressivemartialarts.com.au/product/aluminum-training-dagger-no-001-2/	Arts We Teach	2
https://progressivemartialarts.com.au/product/aluminum-training-dagger-no-001-2/	More	2
https://progressivemartialarts.com.au/product/aluminum-training-dagger-no-001-2/	Pictures	2
https://progressivemartialarts.com.au/product/aluminum-training-dagger-no-001-2/	Instructors	2
https://progressivemartialarts.com.au/product/aluminum-training-dagger-no-002/	Arts We Teach	2
https://progressivemartialarts.com.au/product/aluminum-training-dagger-no-002/	More	2
https://progressivemartialarts.com.au/product/aluminum-training-dagger-no-002/	Pictures	2
https://progressivemartialarts.com.au/product/aluminum-training-dagger-no-002/	Instructors	2
https://progressivemartialarts.com.au/product/aluminum-training-dagger-no-003/	Arts We Teach	2
https://progressivemartialarts.com.au/product/aluminum-training-dagger-no-003/	More	2
https://progressivemartialarts.com.au/product/aluminum-training-dagger-no-003/	Pictures	2
https://progressivemartialarts.com.au/product/aluminum-training-dagger-no-003/	Instructors	2
https://progressivemartialarts.com.au/product/aluminum-training-dagger-no-004/	Arts We Teach	2
https://progressivemartialarts.com.au/product/aluminum-training-dagger-no-004/	More	2
https://progressivemartialarts.com.au/product/aluminum-training-dagger-no-004/	Pictures	2
https://progressivemartialarts.com.au/product/aluminum-training-dagger-no-004/	Instructors	2
https://progressivemartialarts.com.au/product/aluminum-training-dagger-no-005-2/	Arts We Teach	2
https://progressivemartialarts.com.au/product/aluminum-training-dagger-no-005-2/	More	2
https://progressivemartialarts.com.au/product/aluminum-training-dagger-no-005-2/	Pictures	2
https://progressivemartialarts.com.au/product/aluminum-training-dagger-no-005-2/	Instructors	2
https://progressivemartialarts.com.au/product/aluminum-training-dagger-no-006/	Arts We Teach	2
https://progressivemartialarts.com.au/product/aluminum-training-dagger-no-006/	More	2
https://progressivemartialarts.com.au/product/aluminum-training-dagger-no-006/	Pictures	2
https://progressivemartialarts.com.au/product/aluminum-training-dagger-no-006/	Instructors	2
https://progressivemartialarts.com.au/product/aluminum-training-dagger-no-007/	Arts We Teach	2
https://progressivemartialarts.com.au/product/aluminum-training-dagger-no-007/	More	2
https://progressivemartialarts.com.au/product/aluminum-training-dagger-no-007/	Pictures	2
https://progressivemartialarts.com.au/product/aluminum-training-dagger-no-007/	Instructors	2
https://progressivemartialarts.com.au/product/aluminum-training-dagger-orange-and-brown-lizard-scale/	Arts We Teach	2
https://progressivemartialarts.com.au/product/aluminum-training-dagger-orange-and-brown-lizard-scale/	More	2
https://progressivemartialarts.com.au/product/aluminum-training-dagger-orange-and-brown-lizard-scale/	Pictures	2
https://progressivemartialarts.com.au/product/aluminum-training-dagger-orange-and-brown-lizard-scale/	Instructors	2
https://progressivemartialarts.com.au/product/aluminum-training-karambit/	Arts We Teach	2
https://progressivemartialarts.com.au/product/aluminum-training-karambit/	More	2
https://progressivemartialarts.com.au/product/aluminum-training-karambit/	Pictures	2
https://progressivemartialarts.com.au/product/aluminum-training-karambit/	Instructors	2
https://progressivemartialarts.com.au/product/aluminum-training-sword-inosanto-academy-barong/	Arts We Teach	2
https://progressivemartialarts.com.au/product/aluminum-training-sword-inosanto-academy-barong/	More	2
https://progressivemartialarts.com.au/product/aluminum-training-sword-inosanto-academy-barong/	Pictures	2
https://progressivemartialarts.com.au/product/aluminum-training-sword-inosanto-academy-barong/	Instructors	2
https://progressivemartialarts.com.au/product/aluminum-training-sword-inosanto-academy-kris-sword/	Arts We Teach	2
https://progressivemartialarts.com.au/product/aluminum-training-sword-inosanto-academy-kris-sword/	More	2
https://progressivemartialarts.com.au/product/aluminum-training-sword-inosanto-academy-kris-sword/	Pictures	2
https://progressivemartialarts.com.au/product/aluminum-training-sword-inosanto-academy-kris-sword/	Instructors	2
https://progressivemartialarts.com.au/product/arm-guard/	Arts We Teach	2
https://progressivemartialarts.com.au/product/arm-guard/	More	2
https://progressivemartialarts.com.au/product/arm-guard/	Pictures	2
https://progressivemartialarts.com.au/product/arm-guard/	Instructors	2
https://progressivemartialarts.com.au/product/bag-inosanto-academy-duffel-bag-24/	Arts We Teach	2
https://progressivemartialarts.com.au/product/bag-inosanto-academy-duffel-bag-24/	More	2
https://progressivemartialarts.com.au/product/bag-inosanto-academy-duffel-bag-24/	Pictures	2
https://progressivemartialarts.com.au/product/bag-inosanto-academy-duffel-bag-24/	Instructors	2
https://progressivemartialarts.com.au/product/bag-inosanto-academy-duffel-bag-with-mesh-panel/	Arts We Teach	2
https://progressivemartialarts.com.au/product/bag-inosanto-academy-duffel-bag-with-mesh-panel/	More	2
https://progressivemartialarts.com.au/product/bag-inosanto-academy-duffel-bag-with-mesh-panel/	Pictures	2
https://progressivemartialarts.com.au/product/bag-inosanto-academy-duffel-bag-with-mesh-panel/	Instructors	2
https://progressivemartialarts.com.au/product/bag-inosanto-academy-duffel-bag/	Arts We Teach	2
https://progressivemartialarts.com.au/product/bag-inosanto-academy-duffel-bag/	More	2
https://progressivemartialarts.com.au/product/bag-inosanto-academy-duffel-bag/	Pictures	2
https://progressivemartialarts.com.au/product/bag-inosanto-academy-duffel-bag/	Instructors	2
https://progressivemartialarts.com.au/product/bag-inosanto-academy-training-dagger-bag/	Arts We Teach	2
https://progressivemartialarts.com.au/product/bag-inosanto-academy-training-dagger-bag/	More	2
https://progressivemartialarts.com.au/product/bag-inosanto-academy-training-dagger-bag/	Pictures	2
https://progressivemartialarts.com.au/product/bag-inosanto-academy-training-dagger-bag/	Instructors	2
https://progressivemartialarts.com.au/product/baseball-hat-inosanto-baseball-cap/	Arts We Teach	2
https://progressivemartialarts.com.au/product/baseball-hat-inosanto-baseball-cap/	More	2
https://progressivemartialarts.com.au/product/baseball-hat-inosanto-baseball-cap/	Pictures	2
https://progressivemartialarts.com.au/product/baseball-hat-inosanto-baseball-cap/	Instructors	2
https://progressivemartialarts.com.au/product/bolt-basics-of-learning-and-teaching/	Arts We Teach	2
https://progressivemartialarts.com.au/product/bolt-basics-of-learning-and-teaching/	More	2
https://progressivemartialarts.com.au/product/bolt-basics-of-learning-and-teaching/	Pictures	2
https://progressivemartialarts.com.au/product/bolt-basics-of-learning-and-teaching/	Instructors	2
https://progressivemartialarts.com.au/product/book-a-path-of-mastery/	Arts We Teach	2
https://progressivemartialarts.com.au/product/book-a-path-of-mastery/	More	2
https://progressivemartialarts.com.au/product/book-a-path-of-mastery/	Pictures	2
https://progressivemartialarts.com.au/product/book-a-path-of-mastery/	Instructors	2
https://progressivemartialarts.com.au/product/boxing-gloves-12oz-morgan-brand-brown-leather/	Arts We Teach	2
https://progressivemartialarts.com.au/product/boxing-gloves-12oz-morgan-brand-brown-leather/	More	2
https://progressivemartialarts.com.au/product/boxing-gloves-12oz-morgan-brand-brown-leather/	Pictures	2
https://progressivemartialarts.com.au/product/boxing-gloves-12oz-morgan-brand-brown-leather/	Instructors	2
https://progressivemartialarts.com.au/product/boxing-gloves-12oz-punch-brand-black-red-and-blue/	Arts We Teach	2
https://progressivemartialarts.com.au/product/boxing-gloves-12oz-punch-brand-black-red-and-blue/	More	2
https://progressivemartialarts.com.au/product/boxing-gloves-12oz-punch-brand-black-red-and-blue/	Pictures	2
https://progressivemartialarts.com.au/product/boxing-gloves-12oz-punch-brand-black-red-and-blue/	Instructors	2
https://progressivemartialarts.com.au/product/boxing-gloves-12oz-punch-brand-black-with-gold-skulls/	Arts We Teach	2
https://progressivemartialarts.com.au/product/boxing-gloves-12oz-punch-brand-black-with-gold-skulls/	More	2
https://progressivemartialarts.com.au/product/boxing-gloves-12oz-punch-brand-black-with-gold-skulls/	Pictures	2
https://progressivemartialarts.com.au/product/boxing-gloves-12oz-punch-brand-black-with-gold-skulls/	Instructors	2
https://progressivemartialarts.com.au/product/boxing-gloves-12oz-punch-brand-white-with-gold-skulls/	Arts We Teach	2
https://progressivemartialarts.com.au/product/boxing-gloves-12oz-punch-brand-white-with-gold-skulls/	More	2
https://progressivemartialarts.com.au/product/boxing-gloves-12oz-punch-brand-white-with-gold-skulls/	Pictures	2
https://progressivemartialarts.com.au/product/boxing-gloves-12oz-punch-brand-white-with-gold-skulls/	Instructors	2
https://progressivemartialarts.com.au/product/brazilian-jiu-jitsu-black-belt-techniques/	Arts We Teach	2
https://progressivemartialarts.com.au/product/brazilian-jiu-jitsu-black-belt-techniques/	More	2
https://progressivemartialarts.com.au/product/brazilian-jiu-jitsu-black-belt-techniques/	Pictures	2
https://progressivemartialarts.com.au/product/brazilian-jiu-jitsu-black-belt-techniques/	Instructors	2
https://progressivemartialarts.com.au/product/bruce-lee-forever-a-tribute-to-the-one-and-only-taky-kimura/	Arts We Teach	2
https://progressivemartialarts.com.au/product/bruce-lee-forever-a-tribute-to-the-one-and-only-taky-kimura/	More	2
https://progressivemartialarts.com.au/product/bruce-lee-forever-a-tribute-to-the-one-and-only-taky-kimura/	Pictures	2
https://progressivemartialarts.com.au/product/bruce-lee-forever-a-tribute-to-the-one-and-only-taky-kimura/	Instructors	2
https://progressivemartialarts.com.au/product/bruce-lee-tao-of-jeet-kune-do/	Arts We Teach	2
https://progressivemartialarts.com.au/product/bruce-lee-tao-of-jeet-kune-do/	More	2
https://progressivemartialarts.com.au/product/bruce-lee-tao-of-jeet-kune-do/	Pictures	2
https://progressivemartialarts.com.au/product/bruce-lee-tao-of-jeet-kune-do/	Instructors	2
https://progressivemartialarts.com.au/product/calendar-2010-remember-reclaim/	Arts We Teach	2
https://progressivemartialarts.com.au/product/calendar-2010-remember-reclaim/	More	2
https://progressivemartialarts.com.au/product/calendar-2010-remember-reclaim/	Pictures	2
https://progressivemartialarts.com.au/product/calendar-2010-remember-reclaim/	Instructors	2
https://progressivemartialarts.com.au/product/capoeira-for-active-adults/	Arts We Teach	2
https://progressivemartialarts.com.au/product/capoeira-for-active-adults/	More	2
https://progressivemartialarts.com.au/product/capoeira-for-active-adults/	Pictures	2
https://progressivemartialarts.com.au/product/capoeira-for-active-adults/	Instructors	2
https://progressivemartialarts.com.au/product/cd-buddy-helm-training-music/	Arts We Teach	2
https://progressivemartialarts.com.au/product/cd-buddy-helm-training-music/	More	2
https://progressivemartialarts.com.au/product/cd-buddy-helm-training-music/	Pictures	2
https://progressivemartialarts.com.au/product/cd-buddy-helm-training-music/	Instructors	2
https://progressivemartialarts.com.au/product/cd-heavens-drums/	Arts We Teach	2
https://progressivemartialarts.com.au/product/cd-heavens-drums/	More	2
https://progressivemartialarts.com.au/product/cd-heavens-drums/	Pictures	2
https://progressivemartialarts.com.au/product/cd-heavens-drums/	Instructors	2
https://progressivemartialarts.com.au/product/dan-inosanto-legends-foldout-poster-with-bruce-lee/	Arts We Teach	2
https://progressivemartialarts.com.au/product/dan-inosanto-legends-foldout-poster-with-bruce-lee/	More	2
https://progressivemartialarts.com.au/product/dan-inosanto-legends-foldout-poster-with-bruce-lee/	Pictures	2
https://progressivemartialarts.com.au/product/dan-inosanto-legends-foldout-poster-with-bruce-lee/	Instructors	2
https://progressivemartialarts.com.au/product/dosmanos-sticks/	Arts We Teach	2
https://progressivemartialarts.com.au/product/dosmanos-sticks/	More	2
https://progressivemartialarts.com.au/product/dosmanos-sticks/	Pictures	2
https://progressivemartialarts.com.au/product/dosmanos-sticks/	Instructors	2
https://progressivemartialarts.com.au/product/dubin-michael-dubin-drumming-seven-essential-rhythms-for-instructors/	Arts We Teach	2
https://progressivemartialarts.com.au/product/dubin-michael-dubin-drumming-seven-essential-rhythms-for-instructors/	More	2
https://progressivemartialarts.com.au/product/dubin-michael-dubin-drumming-seven-essential-rhythms-for-instructors/	Pictures	2
https://progressivemartialarts.com.au/product/dubin-michael-dubin-drumming-seven-essential-rhythms-for-instructors/	Instructors	2
https://progressivemartialarts.com.au/product/dubin-rhythmic-training-for-martial-arts/	Arts We Teach	2
https://progressivemartialarts.com.au/product/dubin-rhythmic-training-for-martial-arts/	More	2
https://progressivemartialarts.com.au/product/dubin-rhythmic-training-for-martial-arts/	Pictures	2
https://progressivemartialarts.com.au/product/dubin-rhythmic-training-for-martial-arts/	Instructors	2
https://progressivemartialarts.com.au/product/focus-mitts-micro-fuerte-punch-brand-thumpas/	Arts We Teach	2
https://progressivemartialarts.com.au/product/focus-mitts-micro-fuerte-punch-brand-thumpas/	More	2
https://progressivemartialarts.com.au/product/focus-mitts-micro-fuerte-punch-brand-thumpas/	Pictures	2
https://progressivemartialarts.com.au/product/focus-mitts-micro-fuerte-punch-brand-thumpas/	Instructors	2
https://progressivemartialarts.com.au/product/focus-mitts-morgan-brand-thumpas/	Arts We Teach	2
https://progressivemartialarts.com.au/product/focus-mitts-morgan-brand-thumpas/	More	2
https://progressivemartialarts.com.au/product/focus-mitts-morgan-brand-thumpas/	Pictures	2
https://progressivemartialarts.com.au/product/focus-mitts-morgan-brand-thumpas/	Instructors	2
https://progressivemartialarts.com.au/product/focus-mitts-punch-brand-thumpas-2/	Arts We Teach	2
https://progressivemartialarts.com.au/product/focus-mitts-punch-brand-thumpas-2/	More	2
https://progressivemartialarts.com.au/product/focus-mitts-punch-brand-thumpas-2/	Pictures	2
https://progressivemartialarts.com.au/product/focus-mitts-punch-brand-thumpas-2/	Instructors	2
https://progressivemartialarts.com.au/product/focus-mitts-punch-brand-thumpas/	Arts We Teach	2
https://progressivemartialarts.com.au/product/focus-mitts-punch-brand-thumpas/	More	2
https://progressivemartialarts.com.au/product/focus-mitts-punch-brand-thumpas/	Pictures	2
https://progressivemartialarts.com.au/product/focus-mitts-punch-brand-thumpas/	Instructors	2
https://progressivemartialarts.com.au/product/focus-paddles-mexican-fuerte-paddles-punch-brand/	Arts We Teach	2
https://progressivemartialarts.com.au/product/focus-paddles-mexican-fuerte-paddles-punch-brand/	More	2
https://progressivemartialarts.com.au/product/focus-paddles-mexican-fuerte-paddles-punch-brand/	Pictures	2
https://progressivemartialarts.com.au/product/focus-paddles-mexican-fuerte-paddles-punch-brand/	Instructors	2
https://progressivemartialarts.com.au/product/gi-jean-jacques-machado-triangle-brand/	Arts We Teach	2
https://progressivemartialarts.com.au/product/gi-jean-jacques-machado-triangle-brand/	More	2
https://progressivemartialarts.com.au/product/gi-jean-jacques-machado-triangle-brand/	Pictures	2
https://progressivemartialarts.com.au/product/gi-jean-jacques-machado-triangle-brand/	Instructors	2
https://progressivemartialarts.com.au/product/gi-patch-kit-inosanto-academy-shield/	Arts We Teach	2
https://progressivemartialarts.com.au/product/gi-patch-kit-inosanto-academy-shield/	More	2
https://progressivemartialarts.com.au/product/gi-patch-kit-inosanto-academy-shield/	Pictures	2
https://progressivemartialarts.com.au/product/gi-patch-kit-inosanto-academy-shield/	Instructors	2
https://progressivemartialarts.com.au/product/gi-patch-kit-jean-jacques-machado/	Arts We Teach	2
https://progressivemartialarts.com.au/product/gi-patch-kit-jean-jacques-machado/	More	2
https://progressivemartialarts.com.au/product/gi-patch-kit-jean-jacques-machado/	Pictures	2
https://progressivemartialarts.com.au/product/gi-patch-kit-jean-jacques-machado/	Instructors	2
https://progressivemartialarts.com.au/product/groin-guard/	Arts We Teach	2
https://progressivemartialarts.com.au/product/groin-guard/	More	2
https://progressivemartialarts.com.au/product/groin-guard/	Pictures	2
https://progressivemartialarts.com.au/product/groin-guard/	Instructors	2
https://progressivemartialarts.com.au/product/guro-dan-inosanto-australia-tour-november-2026/	Arts We Teach	2
https://progressivemartialarts.com.au/product/guro-dan-inosanto-australia-tour-november-2026/	More	2
https://progressivemartialarts.com.au/product/guro-dan-inosanto-australia-tour-november-2026/	Pictures	2
https://progressivemartialarts.com.au/product/guro-dan-inosanto-australia-tour-november-2026/	Instructors	2
https://progressivemartialarts.com.au/product/hand-towels/	Arts We Teach	2
https://progressivemartialarts.com.au/product/hand-towels/	More	2
https://progressivemartialarts.com.au/product/hand-towels/	Pictures	2
https://progressivemartialarts.com.au/product/hand-towels/	Instructors	2
https://progressivemartialarts.com.au/product/hand-wraps-stretch-punch-brand/	Arts We Teach	2
https://progressivemartialarts.com.au/product/hand-wraps-stretch-punch-brand/	More	2
https://progressivemartialarts.com.au/product/hand-wraps-stretch-punch-brand/	Pictures	2
https://progressivemartialarts.com.au/product/hand-wraps-stretch-punch-brand/	Instructors	2
https://progressivemartialarts.com.au/product/hoodie-inosanto-academy-sweatshirt-black-with-gold-logos/	Arts We Teach	2
https://progressivemartialarts.com.au/product/hoodie-inosanto-academy-sweatshirt-black-with-gold-logos/	More	2
https://progressivemartialarts.com.au/product/hoodie-inosanto-academy-sweatshirt-black-with-gold-logos/	Pictures	2
https://progressivemartialarts.com.au/product/hoodie-inosanto-academy-sweatshirt-black-with-gold-logos/	Instructors	2
https://progressivemartialarts.com.au/product/hoodie-inosanto-academy-sweatshirt-shield-logo/	Arts We Teach	2
https://progressivemartialarts.com.au/product/hoodie-inosanto-academy-sweatshirt-shield-logo/	More	2
https://progressivemartialarts.com.au/product/hoodie-inosanto-academy-sweatshirt-shield-logo/	Pictures	2
https://progressivemartialarts.com.au/product/hoodie-inosanto-academy-sweatshirt-shield-logo/	Instructors	2
https://progressivemartialarts.com.au/product/hoodie-with-zipper-inosanto-academy-sweatshirt-black-with-gold-logos/	Arts We Teach	2
https://progressivemartialarts.com.au/product/hoodie-with-zipper-inosanto-academy-sweatshirt-black-with-gold-logos/	More	2
https://progressivemartialarts.com.au/product/hoodie-with-zipper-inosanto-academy-sweatshirt-black-with-gold-logos/	Pictures	2
https://progressivemartialarts.com.au/product/hoodie-with-zipper-inosanto-academy-sweatshirt-black-with-gold-logos/	Instructors	2
https://progressivemartialarts.com.au/product/hoodie-with-zipper-inosanto-academy-sweatshirt-shield-logo/	Arts We Teach	2
https://progressivemartialarts.com.au/product/hoodie-with-zipper-inosanto-academy-sweatshirt-shield-logo/	More	2
https://progressivemartialarts.com.au/product/hoodie-with-zipper-inosanto-academy-sweatshirt-shield-logo/	Pictures	2
https://progressivemartialarts.com.au/product/hoodie-with-zipper-inosanto-academy-sweatshirt-shield-logo/	Instructors	2
https://progressivemartialarts.com.au/product/hoodie-with-zipper-little-dragons-sweatshirt/	Arts We Teach	2
https://progressivemartialarts.com.au/product/hoodie-with-zipper-little-dragons-sweatshirt/	More	2
https://progressivemartialarts.com.au/product/hoodie-with-zipper-little-dragons-sweatshirt/	Pictures	2
https://progressivemartialarts.com.au/product/hoodie-with-zipper-little-dragons-sweatshirt/	Instructors	2
https://progressivemartialarts.com.au/product/inosanto-2012-abecedario-contradas/	Arts We Teach	2
https://progressivemartialarts.com.au/product/inosanto-2012-abecedario-contradas/	More	2
https://progressivemartialarts.com.au/product/inosanto-2012-abecedario-contradas/	Pictures	2
https://progressivemartialarts.com.au/product/inosanto-2012-abecedario-contradas/	Instructors	2
https://progressivemartialarts.com.au/product/inosanto-2012-australia-mixed-arts/	Arts We Teach	2
https://progressivemartialarts.com.au/product/inosanto-2012-australia-mixed-arts/	More	2
https://progressivemartialarts.com.au/product/inosanto-2012-australia-mixed-arts/	Pictures	2
https://progressivemartialarts.com.au/product/inosanto-2012-australia-mixed-arts/	Instructors	2
https://progressivemartialarts.com.au/product/inosanto-2012-australia-silat/	Arts We Teach	2
https://progressivemartialarts.com.au/product/inosanto-2012-australia-silat/	More	2
https://progressivemartialarts.com.au/product/inosanto-2012-australia-silat/	Pictures	2
https://progressivemartialarts.com.au/product/inosanto-2012-australia-silat/	Instructors	2
https://progressivemartialarts.com.au/product/inosanto-2012-australia-thai-boxing/	Arts We Teach	2
https://progressivemartialarts.com.au/product/inosanto-2012-australia-thai-boxing/	More	2
https://progressivemartialarts.com.au/product/inosanto-2012-australia-thai-boxing/	Pictures	2
https://progressivemartialarts.com.au/product/inosanto-2012-australia-thai-boxing/	Instructors	2
https://progressivemartialarts.com.au/product/inosanto-2012-mixed-silat-training-camp-8-dvd-set/	Arts We Teach	2
https://progressivemartialarts.com.au/product/inosanto-2012-mixed-silat-training-camp-8-dvd-set/	More	2
https://progressivemartialarts.com.au/product/inosanto-2012-mixed-silat-training-camp-8-dvd-set/	Pictures	2
https://progressivemartialarts.com.au/product/inosanto-2012-mixed-silat-training-camp-8-dvd-set/	Instructors	2
https://progressivemartialarts.com.au/product/inosanto-2012-pangamut/	Arts We Teach	2
https://progressivemartialarts.com.au/product/inosanto-2012-pangamut/	More	2
https://progressivemartialarts.com.au/product/inosanto-2012-pangamut/	Pictures	2
https://progressivemartialarts.com.au/product/inosanto-2012-pangamut/	Instructors	2
https://progressivemartialarts.com.au/product/inosanto-2012-sensitivity/	Arts We Teach	2
https://progressivemartialarts.com.au/product/inosanto-2012-sensitivity/	More	2
https://progressivemartialarts.com.au/product/inosanto-2012-sensitivity/	Pictures	2
https://progressivemartialarts.com.au/product/inosanto-2012-sensitivity/	Instructors	2
https://progressivemartialarts.com.au/product/inosanto-2012-stick-dagger/	Arts We Teach	2
https://progressivemartialarts.com.au/product/inosanto-2012-stick-dagger/	More	2
https://progressivemartialarts.com.au/product/inosanto-2012-stick-dagger/	Pictures	2
https://progressivemartialarts.com.au/product/inosanto-2012-stick-dagger/	Instructors	2
https://progressivemartialarts.com.au/product/inosanto-2013-12-areas-of-kali-area-1/	Arts We Teach	2
https://progressivemartialarts.com.au/product/inosanto-2013-12-areas-of-kali-area-1/	More	2
https://progressivemartialarts.com.au/product/inosanto-2013-12-areas-of-kali-area-1/	Pictures	2
https://progressivemartialarts.com.au/product/inosanto-2013-12-areas-of-kali-area-1/	Instructors	2
https://progressivemartialarts.com.au/product/inosanto-2013-12-areas-of-kali-area-2/	Arts We Teach	2
https://progressivemartialarts.com.au/product/inosanto-2013-12-areas-of-kali-area-2/	More	2
https://progressivemartialarts.com.au/product/inosanto-2013-12-areas-of-kali-area-2/	Pictures	2
https://progressivemartialarts.com.au/product/inosanto-2013-12-areas-of-kali-area-2/	Instructors	2
https://progressivemartialarts.com.au/product/inosanto-2013-australia-jun-fan-gung-fu-jkd/	Arts We Teach	2
https://progressivemartialarts.com.au/product/inosanto-2013-australia-jun-fan-gung-fu-jkd/	More	2
https://progressivemartialarts.com.au/product/inosanto-2013-australia-jun-fan-gung-fu-jkd/	Pictures	2
https://progressivemartialarts.com.au/product/inosanto-2013-australia-jun-fan-gung-fu-jkd/	Instructors	2
https://progressivemartialarts.com.au/product/inosanto-2013-australia-mma-4-dvd-set/	Arts We Teach	2
https://progressivemartialarts.com.au/product/inosanto-2013-australia-mma-4-dvd-set/	More	2
https://progressivemartialarts.com.au/product/inosanto-2013-australia-mma-4-dvd-set/	Pictures	2
https://progressivemartialarts.com.au/product/inosanto-2013-australia-mma-4-dvd-set/	Instructors	2
https://progressivemartialarts.com.au/product/inosanto-2013-australia-thai-boxing/	Arts We Teach	2
https://progressivemartialarts.com.au/product/inosanto-2013-australia-thai-boxing/	More	2
https://progressivemartialarts.com.au/product/inosanto-2013-australia-thai-boxing/	Pictures	2
https://progressivemartialarts.com.au/product/inosanto-2013-australia-thai-boxing/	Instructors	2
https://progressivemartialarts.com.au/product/inosanto-2013-australia-weaponry-disarms/	Arts We Teach	2
https://progressivemartialarts.com.au/product/inosanto-2013-australia-weaponry-disarms/	More	2
https://progressivemartialarts.com.au/product/inosanto-2013-australia-weaponry-disarms/	Pictures	2
https://progressivemartialarts.com.au/product/inosanto-2013-australia-weaponry-disarms/	Instructors	2
https://progressivemartialarts.com.au/product/inosanto-2013-dumog/	Arts We Teach	2
https://progressivemartialarts.com.au/product/inosanto-2013-dumog/	More	2
https://progressivemartialarts.com.au/product/inosanto-2013-dumog/	Pictures	2
https://progressivemartialarts.com.au/product/inosanto-2013-dumog/	Instructors	2
https://progressivemartialarts.com.au/product/inosanto-2013-legends-8-dvd-set/	Arts We Teach	2
https://progressivemartialarts.com.au/product/inosanto-2013-legends-8-dvd-set/	More	2
https://progressivemartialarts.com.au/product/inosanto-2013-legends-8-dvd-set/	Pictures	2
https://progressivemartialarts.com.au/product/inosanto-2013-legends-8-dvd-set/	Instructors	2
https://progressivemartialarts.com.au/product/inosanto-2013-mixed-silat-training-camp-8-dvd-set/	Arts We Teach	2
https://progressivemartialarts.com.au/product/inosanto-2013-mixed-silat-training-camp-8-dvd-set/	More	2
https://progressivemartialarts.com.au/product/inosanto-2013-mixed-silat-training-camp-8-dvd-set/	Pictures	2
https://progressivemartialarts.com.au/product/inosanto-2013-mixed-silat-training-camp-8-dvd-set/	Instructors	2
https://progressivemartialarts.com.au/product/inosanto-2013-panantukan/	Arts We Teach	2
https://progressivemartialarts.com.au/product/inosanto-2013-panantukan/	More	2
https://progressivemartialarts.com.au/product/inosanto-2013-panantukan/	Pictures	2
https://progressivemartialarts.com.au/product/inosanto-2013-panantukan/	Instructors	2
https://progressivemartialarts.com.au/product/inosanto-2014-australia-joint-locking/	Arts We Teach	2
https://progressivemartialarts.com.au/product/inosanto-2014-australia-joint-locking/	More	2
https://progressivemartialarts.com.au/product/inosanto-2014-australia-joint-locking/	Pictures	2
https://progressivemartialarts.com.au/product/inosanto-2014-australia-joint-locking/	Instructors	2
https://progressivemartialarts.com.au/product/inosanto-2014-australia-jun-fan-gung-fu-jkd/	Arts We Teach	2
https://progressivemartialarts.com.au/product/inosanto-2014-australia-jun-fan-gung-fu-jkd/	More	2
https://progressivemartialarts.com.au/product/inosanto-2014-australia-jun-fan-gung-fu-jkd/	Pictures	2
https://progressivemartialarts.com.au/product/inosanto-2014-australia-jun-fan-gung-fu-jkd/	Instructors	2
https://progressivemartialarts.com.au/product/inosanto-2014-australia-mma-4-dvd-set/	Arts We Teach	2
https://progressivemartialarts.com.au/product/inosanto-2014-australia-mma-4-dvd-set/	More	2
https://progressivemartialarts.com.au/product/inosanto-2014-australia-mma-4-dvd-set/	Pictures	2
https://progressivemartialarts.com.au/product/inosanto-2014-australia-mma-4-dvd-set/	Instructors	2
https://progressivemartialarts.com.au/product/inosanto-2014-australia-thai-boxing/	Arts We Teach	2
https://progressivemartialarts.com.au/product/inosanto-2014-australia-thai-boxing/	More	2
https://progressivemartialarts.com.au/product/inosanto-2014-australia-thai-boxing/	Pictures	2
https://progressivemartialarts.com.au/product/inosanto-2014-australia-thai-boxing/	Instructors	2
https://progressivemartialarts.com.au/product/inosanto-2014-lacoste-ilustrisimo-inosanto-systems/	Arts We Teach	2
https://progressivemartialarts.com.au/product/inosanto-2014-lacoste-ilustrisimo-inosanto-systems/	More	2
https://progressivemartialarts.com.au/product/inosanto-2014-lacoste-ilustrisimo-inosanto-systems/	Pictures	2
https://progressivemartialarts.com.au/product/inosanto-2014-lacoste-ilustrisimo-inosanto-systems/	Instructors	2
https://progressivemartialarts.com.au/product/inosanto-2014-maphilindo-silat-day-1/	Arts We Teach	2
https://progressivemartialarts.com.au/product/inosanto-2014-maphilindo-silat-day-1/	More	2
https://progressivemartialarts.com.au/product/inosanto-2014-maphilindo-silat-day-1/	Pictures	2
https://progressivemartialarts.com.au/product/inosanto-2014-maphilindo-silat-day-1/	Instructors	2
https://progressivemartialarts.com.au/product/inosanto-2014-maphilindo-silat-day-2/	Arts We Teach	2
https://progressivemartialarts.com.au/product/inosanto-2014-maphilindo-silat-day-2/	More	2
https://progressivemartialarts.com.au/product/inosanto-2014-maphilindo-silat-day-2/	Pictures	2
https://progressivemartialarts.com.au/product/inosanto-2014-maphilindo-silat-day-2/	Instructors	2
https://progressivemartialarts.com.au/product/inosanto-2014-mixed-silat-training-camp-8-dvd-set/	Arts We Teach	2
https://progressivemartialarts.com.au/product/inosanto-2014-mixed-silat-training-camp-8-dvd-set/	More	2
https://progressivemartialarts.com.au/product/inosanto-2014-mixed-silat-training-camp-8-dvd-set/	Pictures	2
https://progressivemartialarts.com.au/product/inosanto-2014-mixed-silat-training-camp-8-dvd-set/	Instructors	2
https://progressivemartialarts.com.au/product/inosanto-2014-weaponry-disarms/	Arts We Teach	2
https://progressivemartialarts.com.au/product/inosanto-2014-weaponry-disarms/	More	2
https://progressivemartialarts.com.au/product/inosanto-2014-weaponry-disarms/	Pictures	2
https://progressivemartialarts.com.au/product/inosanto-2014-weaponry-disarms/	Instructors	2
https://progressivemartialarts.com.au/product/inosanto-2015-abecedario-contradas-day-1/	Arts We Teach	2
https://progressivemartialarts.com.au/product/inosanto-2015-abecedario-contradas-day-1/	More	2
https://progressivemartialarts.com.au/product/inosanto-2015-abecedario-contradas-day-1/	Pictures	2
https://progressivemartialarts.com.au/product/inosanto-2015-abecedario-contradas-day-1/	Instructors	2
https://progressivemartialarts.com.au/product/inosanto-2015-abecedario-contradas-day-2/	Arts We Teach	2
https://progressivemartialarts.com.au/product/inosanto-2015-abecedario-contradas-day-2/	More	2
https://progressivemartialarts.com.au/product/inosanto-2015-abecedario-contradas-day-2/	Pictures	2
https://progressivemartialarts.com.au/product/inosanto-2015-abecedario-contradas-day-2/	Instructors	2
https://progressivemartialarts.com.au/product/inosanto-2015-australia-flexible-weapons/	Arts We Teach	2
https://progressivemartialarts.com.au/product/inosanto-2015-australia-flexible-weapons/	More	2
https://progressivemartialarts.com.au/product/inosanto-2015-australia-flexible-weapons/	Pictures	2
https://progressivemartialarts.com.au/product/inosanto-2015-australia-flexible-weapons/	Instructors	2
https://progressivemartialarts.com.au/product/inosanto-2015-australia-jun-fan-gung-fu-jkd/	Arts We Teach	2
https://progressivemartialarts.com.au/product/inosanto-2015-australia-jun-fan-gung-fu-jkd/	More	2
https://progressivemartialarts.com.au/product/inosanto-2015-australia-jun-fan-gung-fu-jkd/	Pictures	2
https://progressivemartialarts.com.au/product/inosanto-2015-australia-jun-fan-gung-fu-jkd/	Instructors	2
https://progressivemartialarts.com.au/product/inosanto-2015-australia-mixed-arts-3-dvd-set/	Arts We Teach	2
https://progressivemartialarts.com.au/product/inosanto-2015-australia-mixed-arts-3-dvd-set/	More	2
https://progressivemartialarts.com.au/product/inosanto-2015-australia-mixed-arts-3-dvd-set/	Pictures	2
https://progressivemartialarts.com.au/product/inosanto-2015-australia-mixed-arts-3-dvd-set/	Instructors	2
https://progressivemartialarts.com.au/product/inosanto-2015-australia-sensitivity-drills/	Arts We Teach	2
https://progressivemartialarts.com.au/product/inosanto-2015-australia-sensitivity-drills/	More	2
https://progressivemartialarts.com.au/product/inosanto-2015-australia-sensitivity-drills/	Pictures	2
https://progressivemartialarts.com.au/product/inosanto-2015-australia-sensitivity-drills/	Instructors	2
https://progressivemartialarts.com.au/product/inosanto-2015-australia-stick-dagger/	Arts We Teach	2
https://progressivemartialarts.com.au/product/inosanto-2015-australia-stick-dagger/	More	2
https://progressivemartialarts.com.au/product/inosanto-2015-australia-stick-dagger/	Pictures	2
https://progressivemartialarts.com.au/product/inosanto-2015-australia-stick-dagger/	Instructors	2
https://progressivemartialarts.com.au/product/inosanto-2015-australia-thai-boxing/	Arts We Teach	2
https://progressivemartialarts.com.au/product/inosanto-2015-australia-thai-boxing/	More	2
https://progressivemartialarts.com.au/product/inosanto-2015-australia-thai-boxing/	Pictures	2
https://progressivemartialarts.com.au/product/inosanto-2015-australia-thai-boxing/	Instructors	2
https://progressivemartialarts.com.au/product/inosanto-2015-flexible-weapons-march/	Arts We Teach	2
https://progressivemartialarts.com.au/product/inosanto-2015-flexible-weapons-march/	More	2
https://progressivemartialarts.com.au/product/inosanto-2015-flexible-weapons-march/	Pictures	2
https://progressivemartialarts.com.au/product/inosanto-2015-flexible-weapons-march/	Instructors	2
https://progressivemartialarts.com.au/product/inosanto-2015-joint-locking/	Arts We Teach	2
https://progressivemartialarts.com.au/product/inosanto-2015-joint-locking/	More	2
https://progressivemartialarts.com.au/product/inosanto-2015-joint-locking/	Pictures	2
https://progressivemartialarts.com.au/product/inosanto-2015-joint-locking/	Instructors	2
https://progressivemartialarts.com.au/product/inosanto-2015-legends-8-dvd-set/	Arts We Teach	2
https://progressivemartialarts.com.au/product/inosanto-2015-legends-8-dvd-set/	More	2
https://progressivemartialarts.com.au/product/inosanto-2015-legends-8-dvd-set/	Pictures	2
https://progressivemartialarts.com.au/product/inosanto-2015-legends-8-dvd-set/	Instructors	2
https://progressivemartialarts.com.au/product/inosanto-2015-mixed-silat-training-camp-8-dvd-set/	Arts We Teach	2
https://progressivemartialarts.com.au/product/inosanto-2015-mixed-silat-training-camp-8-dvd-set/	More	2
https://progressivemartialarts.com.au/product/inosanto-2015-mixed-silat-training-camp-8-dvd-set/	Pictures	2
https://progressivemartialarts.com.au/product/inosanto-2015-mixed-silat-training-camp-8-dvd-set/	Instructors	2
https://progressivemartialarts.com.au/product/inosanto-2016-australia-empty-hand-vs-weapons/	Arts We Teach	2
https://progressivemartialarts.com.au/product/inosanto-2016-australia-empty-hand-vs-weapons/	More	2
https://progressivemartialarts.com.au/product/inosanto-2016-australia-empty-hand-vs-weapons/	Pictures	2
https://progressivemartialarts.com.au/product/inosanto-2016-australia-empty-hand-vs-weapons/	Instructors	2
https://progressivemartialarts.com.au/product/inosanto-2016-australia-jun-fan-gung-fu-jkd/	Arts We Teach	2
https://progressivemartialarts.com.au/product/inosanto-2016-australia-jun-fan-gung-fu-jkd/	More	2
https://progressivemartialarts.com.au/product/inosanto-2016-australia-jun-fan-gung-fu-jkd/	Pictures	2
https://progressivemartialarts.com.au/product/inosanto-2016-australia-jun-fan-gung-fu-jkd/	Instructors	2
https://progressivemartialarts.com.au/product/inosanto-2016-australia-mixed-arts-day-1-2-disc-set/	Arts We Teach	2
https://progressivemartialarts.com.au/product/inosanto-2016-australia-mixed-arts-day-1-2-disc-set/	More	2
https://progressivemartialarts.com.au/product/inosanto-2016-australia-mixed-arts-day-1-2-disc-set/	Pictures	2
https://progressivemartialarts.com.au/product/inosanto-2016-australia-mixed-arts-day-1-2-disc-set/	Instructors	2
https://progressivemartialarts.com.au/product/inosanto-2016-australia-mixed-arts-day-2-2-disc-set/	Arts We Teach	2
https://progressivemartialarts.com.au/product/inosanto-2016-australia-mixed-arts-day-2-2-disc-set/	More	2
https://progressivemartialarts.com.au/product/inosanto-2016-australia-mixed-arts-day-2-2-disc-set/	Pictures	2
https://progressivemartialarts.com.au/product/inosanto-2016-australia-mixed-arts-day-2-2-disc-set/	Instructors	2
https://progressivemartialarts.com.au/product/inosanto-2016-australia-panantukan-filipino-boxing/	Arts We Teach	2
https://progressivemartialarts.com.au/product/inosanto-2016-australia-panantukan-filipino-boxing/	More	2
https://progressivemartialarts.com.au/product/inosanto-2016-australia-panantukan-filipino-boxing/	Pictures	2
https://progressivemartialarts.com.au/product/inosanto-2016-australia-panantukan-filipino-boxing/	Instructors	2
https://progressivemartialarts.com.au/product/inosanto-2016-australia-self-defense/	Arts We Teach	2
https://progressivemartialarts.com.au/product/inosanto-2016-australia-self-defense/	More	2
https://progressivemartialarts.com.au/product/inosanto-2016-australia-self-defense/	Pictures	2
https://progressivemartialarts.com.au/product/inosanto-2016-australia-self-defense/	Instructors	2
https://progressivemartialarts.com.au/product/inosanto-2016-australia-thai-boxing/	Arts We Teach	2
https://progressivemartialarts.com.au/product/inosanto-2016-australia-thai-boxing/	More	2
https://progressivemartialarts.com.au/product/inosanto-2016-australia-thai-boxing/	Pictures	2
https://progressivemartialarts.com.au/product/inosanto-2016-australia-thai-boxing/	Instructors	2
https://progressivemartialarts.com.au/product/inosanto-2016-legends-8-dvd-set/	Arts We Teach	2
https://progressivemartialarts.com.au/product/inosanto-2016-legends-8-dvd-set/	More	2
https://progressivemartialarts.com.au/product/inosanto-2016-legends-8-dvd-set/	Pictures	2
https://progressivemartialarts.com.au/product/inosanto-2016-legends-8-dvd-set/	Instructors	2
https://progressivemartialarts.com.au/product/inosanto-2016-se-asian-cambodian-kickboxing/	Arts We Teach	2
https://progressivemartialarts.com.au/product/inosanto-2016-se-asian-cambodian-kickboxing/	More	2
https://progressivemartialarts.com.au/product/inosanto-2016-se-asian-cambodian-kickboxing/	Pictures	2
https://progressivemartialarts.com.au/product/inosanto-2016-se-asian-cambodian-kickboxing/	Instructors	2
https://progressivemartialarts.com.au/product/inosanto-2016-self-defense-volume-1/	Arts We Teach	2
https://progressivemartialarts.com.au/product/inosanto-2016-self-defense-volume-1/	More	2
https://progressivemartialarts.com.au/product/inosanto-2016-self-defense-volume-1/	Pictures	2
https://progressivemartialarts.com.au/product/inosanto-2016-self-defense-volume-1/	Instructors	2
https://progressivemartialarts.com.au/product/inosanto-2017-12-areas-of-kali-area-8-staff-day-1/	Arts We Teach	2
https://progressivemartialarts.com.au/product/inosanto-2017-12-areas-of-kali-area-8-staff-day-1/	More	2
https://progressivemartialarts.com.au/product/inosanto-2017-12-areas-of-kali-area-8-staff-day-1/	Pictures	2
https://progressivemartialarts.com.au/product/inosanto-2017-12-areas-of-kali-area-8-staff-day-1/	Instructors	2
https://progressivemartialarts.com.au/product/inosanto-2017-12-areas-of-kali-area-8-staff-day-2/	Arts We Teach	2
https://progressivemartialarts.com.au/product/inosanto-2017-12-areas-of-kali-area-8-staff-day-2/	More	2
https://progressivemartialarts.com.au/product/inosanto-2017-12-areas-of-kali-area-8-staff-day-2/	Pictures	2
https://progressivemartialarts.com.au/product/inosanto-2017-12-areas-of-kali-area-8-staff-day-2/	Instructors	2
https://progressivemartialarts.com.au/product/inosanto-2017-australia-jun-fan-gung-fu-jkd/	Arts We Teach	2
https://progressivemartialarts.com.au/product/inosanto-2017-australia-jun-fan-gung-fu-jkd/	More	2
https://progressivemartialarts.com.au/product/inosanto-2017-australia-jun-fan-gung-fu-jkd/	Pictures	2
https://progressivemartialarts.com.au/product/inosanto-2017-australia-jun-fan-gung-fu-jkd/	Instructors	2
https://progressivemartialarts.com.au/product/inosanto-2017-australia-locks-and-controls/	Arts We Teach	2
https://progressivemartialarts.com.au/product/inosanto-2017-australia-locks-and-controls/	More	2
https://progressivemartialarts.com.au/product/inosanto-2017-australia-locks-and-controls/	Pictures	2
https://progressivemartialarts.com.au/product/inosanto-2017-australia-locks-and-controls/	Instructors	2
https://progressivemartialarts.com.au/product/inosanto-2017-australia-maphilindo-silat/	Arts We Teach	2
https://progressivemartialarts.com.au/product/inosanto-2017-australia-maphilindo-silat/	More	2
https://progressivemartialarts.com.au/product/inosanto-2017-australia-maphilindo-silat/	Pictures	2
https://progressivemartialarts.com.au/product/inosanto-2017-australia-maphilindo-silat/	Instructors	2
https://progressivemartialarts.com.au/product/inosanto-2017-australia-mixed-arts-day-1/	Arts We Teach	2
https://progressivemartialarts.com.au/product/inosanto-2017-australia-mixed-arts-day-1/	More	2
https://progressivemartialarts.com.au/product/inosanto-2017-australia-mixed-arts-day-1/	Pictures	2
https://progressivemartialarts.com.au/product/inosanto-2017-australia-mixed-arts-day-1/	Instructors	2
https://progressivemartialarts.com.au/product/inosanto-2017-australia-mixed-arts-day-2/	Arts We Teach	2
https://progressivemartialarts.com.au/product/inosanto-2017-australia-mixed-arts-day-2/	More	2
https://progressivemartialarts.com.au/product/inosanto-2017-australia-mixed-arts-day-2/	Pictures	2
https://progressivemartialarts.com.au/product/inosanto-2017-australia-mixed-arts-day-2/	Instructors	2
https://progressivemartialarts.com.au/product/inosanto-2017-australia-thai-boxing/	Arts We Teach	2
https://progressivemartialarts.com.au/product/inosanto-2017-australia-thai-boxing/	More	2
https://progressivemartialarts.com.au/product/inosanto-2017-australia-thai-boxing/	Pictures	2
https://progressivemartialarts.com.au/product/inosanto-2017-australia-thai-boxing/	Instructors	2
https://progressivemartialarts.com.au/product/inosanto-2017-australia-weaponry-disarms/	Arts We Teach	2
https://progressivemartialarts.com.au/product/inosanto-2017-australia-weaponry-disarms/	More	2
https://progressivemartialarts.com.au/product/inosanto-2017-australia-weaponry-disarms/	Pictures	2
https://progressivemartialarts.com.au/product/inosanto-2017-australia-weaponry-disarms/	Instructors	2
https://progressivemartialarts.com.au/product/inosanto-2017-sarong-malong/	Arts We Teach	2
https://progressivemartialarts.com.au/product/inosanto-2017-sarong-malong/	More	2
https://progressivemartialarts.com.au/product/inosanto-2017-sarong-malong/	Pictures	2
https://progressivemartialarts.com.au/product/inosanto-2017-sarong-malong/	Instructors	2
https://progressivemartialarts.com.au/product/inosanto-2017-stick-dagger-tie-ups-counters/	Arts We Teach	2
https://progressivemartialarts.com.au/product/inosanto-2017-stick-dagger-tie-ups-counters/	More	2
https://progressivemartialarts.com.au/product/inosanto-2017-stick-dagger-tie-ups-counters/	Pictures	2
https://progressivemartialarts.com.au/product/inosanto-2017-stick-dagger-tie-ups-counters/	Instructors	2
https://progressivemartialarts.com.au/product/inosanto-2018-australia-jun-fan-gung-fu-jkd/	Arts We Teach	2
https://progressivemartialarts.com.au/product/inosanto-2018-australia-jun-fan-gung-fu-jkd/	More	2
https://progressivemartialarts.com.au/product/inosanto-2018-australia-jun-fan-gung-fu-jkd/	Pictures	2
https://progressivemartialarts.com.au/product/inosanto-2018-australia-jun-fan-gung-fu-jkd/	Instructors	2
https://progressivemartialarts.com.au/product/inosanto-2018-australia-locks-and-controls/	Arts We Teach	2
https://progressivemartialarts.com.au/product/inosanto-2018-australia-locks-and-controls/	More	2
https://progressivemartialarts.com.au/product/inosanto-2018-australia-locks-and-controls/	Pictures	2
https://progressivemartialarts.com.au/product/inosanto-2018-australia-locks-and-controls/	Instructors	2
https://progressivemartialarts.com.au/product/inosanto-2018-australia-mixed-arts-day-1-2-disc-set/	Arts We Teach	2
https://progressivemartialarts.com.au/product/inosanto-2018-australia-mixed-arts-day-1-2-disc-set/	More	2
https://progressivemartialarts.com.au/product/inosanto-2018-australia-mixed-arts-day-1-2-disc-set/	Pictures	2
https://progressivemartialarts.com.au/product/inosanto-2018-australia-mixed-arts-day-1-2-disc-set/	Instructors	2
https://progressivemartialarts.com.au/product/inosanto-2018-australia-mixed-arts-day-2-2-disc-set/	Arts We Teach	2
https://progressivemartialarts.com.au/product/inosanto-2018-australia-mixed-arts-day-2-2-disc-set/	More	2
https://progressivemartialarts.com.au/product/inosanto-2018-australia-mixed-arts-day-2-2-disc-set/	Pictures	2
https://progressivemartialarts.com.au/product/inosanto-2018-australia-mixed-arts-day-2-2-disc-set/	Instructors	2
https://progressivemartialarts.com.au/product/inosanto-2018-australia-thai-boxing/	Arts We Teach	2
https://progressivemartialarts.com.au/product/inosanto-2018-australia-thai-boxing/	More	2
https://progressivemartialarts.com.au/product/inosanto-2018-australia-thai-boxing/	Pictures	2
https://progressivemartialarts.com.au/product/inosanto-2018-australia-thai-boxing/	Instructors	2
https://progressivemartialarts.com.au/product/inosanto-2018-mixed-silat/	Arts We Teach	2
https://progressivemartialarts.com.au/product/inosanto-2018-mixed-silat/	More	2
https://progressivemartialarts.com.au/product/inosanto-2018-mixed-silat/	Pictures	2
https://progressivemartialarts.com.au/product/inosanto-2018-mixed-silat/	Instructors	2
https://progressivemartialarts.com.au/product/inosanto-2018-weaponry/	Arts We Teach	2
https://progressivemartialarts.com.au/product/inosanto-2018-weaponry/	More	2
https://progressivemartialarts.com.au/product/inosanto-2018-weaponry/	Pictures	2
https://progressivemartialarts.com.au/product/inosanto-2018-weaponry/	Instructors	2
https://progressivemartialarts.com.au/product/inosanto-2019-australia-flexible-weapons/	Arts We Teach	2
https://progressivemartialarts.com.au/product/inosanto-2019-australia-flexible-weapons/	More	2
https://progressivemartialarts.com.au/product/inosanto-2019-australia-flexible-weapons/	Pictures	2
https://progressivemartialarts.com.au/product/inosanto-2019-australia-flexible-weapons/	Instructors	2
https://progressivemartialarts.com.au/product/inosanto-2019-australia-locks-and-controls/	Arts We Teach	2
https://progressivemartialarts.com.au/product/inosanto-2019-australia-locks-and-controls/	More	2
https://progressivemartialarts.com.au/product/inosanto-2019-australia-locks-and-controls/	Pictures	2
https://progressivemartialarts.com.au/product/inosanto-2019-australia-locks-and-controls/	Instructors	2
https://progressivemartialarts.com.au/product/inosanto-2019-australia-weaponry/	Arts We Teach	2
https://progressivemartialarts.com.au/product/inosanto-2019-australia-weaponry/	More	2
https://progressivemartialarts.com.au/product/inosanto-2019-australia-weaponry/	Pictures	2
https://progressivemartialarts.com.au/product/inosanto-2019-australia-weaponry/	Instructors	2
https://progressivemartialarts.com.au/product/inosanto-2019-jun-fan-gung-fu-jkd/	Arts We Teach	2
https://progressivemartialarts.com.au/product/inosanto-2019-jun-fan-gung-fu-jkd/	More	2
https://progressivemartialarts.com.au/product/inosanto-2019-jun-fan-gung-fu-jkd/	Pictures	2
https://progressivemartialarts.com.au/product/inosanto-2019-jun-fan-gung-fu-jkd/	Instructors	2
https://progressivemartialarts.com.au/product/inosanto-2023-australia-jun-fan-gung-fu-jkd/	Arts We Teach	2
https://progressivemartialarts.com.au/product/inosanto-2023-australia-jun-fan-gung-fu-jkd/	More	2
https://progressivemartialarts.com.au/product/inosanto-2023-australia-jun-fan-gung-fu-jkd/	Pictures	2
https://progressivemartialarts.com.au/product/inosanto-2023-australia-jun-fan-gung-fu-jkd/	Instructors	2
https://progressivemartialarts.com.au/product/inosanto-2023-australia-locks-and-controls/	Arts We Teach	2
https://progressivemartialarts.com.au/product/inosanto-2023-australia-locks-and-controls/	More	2
https://progressivemartialarts.com.au/product/inosanto-2023-australia-locks-and-controls/	Pictures	2
https://progressivemartialarts.com.au/product/inosanto-2023-australia-locks-and-controls/	Instructors	2
https://progressivemartialarts.com.au/product/inosanto-2023-australia-mixed-arts-day-2/	Arts We Teach	2
https://progressivemartialarts.com.au/product/inosanto-2023-australia-mixed-arts-day-2/	More	2
https://progressivemartialarts.com.au/product/inosanto-2023-australia-mixed-arts-day-2/	Pictures	2
https://progressivemartialarts.com.au/product/inosanto-2023-australia-mixed-arts-day-2/	Instructors	2
https://progressivemartialarts.com.au/product/inosanto-2023-australia-silat/	Arts We Teach	2
https://progressivemartialarts.com.au/product/inosanto-2023-australia-silat/	More	2
https://progressivemartialarts.com.au/product/inosanto-2023-australia-silat/	Pictures	2
https://progressivemartialarts.com.au/product/inosanto-2023-australia-silat/	Instructors	2
https://progressivemartialarts.com.au/product/inosanto-2023-australia-thai-boxing/	Arts We Teach	2
https://progressivemartialarts.com.au/product/inosanto-2023-australia-thai-boxing/	More	2
https://progressivemartialarts.com.au/product/inosanto-2023-australia-thai-boxing/	Pictures	2
https://progressivemartialarts.com.au/product/inosanto-2023-australia-thai-boxing/	Instructors	2
https://progressivemartialarts.com.au/product/inosanto-2023-krabi-krabong-seama-day-1/	Arts We Teach	2
https://progressivemartialarts.com.au/product/inosanto-2023-krabi-krabong-seama-day-1/	More	2
https://progressivemartialarts.com.au/product/inosanto-2023-krabi-krabong-seama-day-1/	Pictures	2
https://progressivemartialarts.com.au/product/inosanto-2023-krabi-krabong-seama-day-1/	Instructors	2
https://progressivemartialarts.com.au/product/inosanto-2023-krabi-krabong-seama-day-2/	Arts We Teach	2
https://progressivemartialarts.com.au/product/inosanto-2023-krabi-krabong-seama-day-2/	More	2
https://progressivemartialarts.com.au/product/inosanto-2023-krabi-krabong-seama-day-2/	Pictures	2
https://progressivemartialarts.com.au/product/inosanto-2023-krabi-krabong-seama-day-2/	Instructors	2
https://progressivemartialarts.com.au/product/inosanto-2024-legends-8-dvd-set/	Arts We Teach	2
https://progressivemartialarts.com.au/product/inosanto-2024-legends-8-dvd-set/	More	2
https://progressivemartialarts.com.au/product/inosanto-2024-legends-8-dvd-set/	Pictures	2
https://progressivemartialarts.com.au/product/inosanto-2024-legends-8-dvd-set/	Instructors	2
https://progressivemartialarts.com.au/product/inosanto-academy-rattan-kali-sticks-1-pair/	Arts We Teach	2
https://progressivemartialarts.com.au/product/inosanto-academy-rattan-kali-sticks-1-pair/	More	2
https://progressivemartialarts.com.au/product/inosanto-academy-rattan-kali-sticks-1-pair/	Pictures	2
https://progressivemartialarts.com.au/product/inosanto-academy-rattan-kali-sticks-1-pair/	Instructors	2
https://progressivemartialarts.com.au/product/inosanto-academy-windbreaker-jacket/	Arts We Teach	2
https://progressivemartialarts.com.au/product/inosanto-academy-windbreaker-jacket/	More	2
https://progressivemartialarts.com.au/product/inosanto-academy-windbreaker-jacket/	Pictures	2
https://progressivemartialarts.com.au/product/inosanto-academy-windbreaker-jacket/	Instructors	2
https://progressivemartialarts.com.au/product/inosanto-collector-series-training-in-the-martial-arts-3-dvd-set/	Arts We Teach	2
https://progressivemartialarts.com.au/product/inosanto-collector-series-training-in-the-martial-arts-3-dvd-set/	More	2
https://progressivemartialarts.com.au/product/inosanto-collector-series-training-in-the-martial-arts-3-dvd-set/	Pictures	2
https://progressivemartialarts.com.au/product/inosanto-collector-series-training-in-the-martial-arts-3-dvd-set/	Instructors	2
https://progressivemartialarts.com.au/product/inosanto-definitive-collection-5-dvd-set/	Arts We Teach	2
https://progressivemartialarts.com.au/product/inosanto-definitive-collection-5-dvd-set/	More	2
https://progressivemartialarts.com.au/product/inosanto-definitive-collection-5-dvd-set/	Pictures	2
https://progressivemartialarts.com.au/product/inosanto-definitive-collection-5-dvd-set/	Instructors	2
https://progressivemartialarts.com.au/product/inosanto-definitive-collection-9-dvd-set/	Arts We Teach	2
https://progressivemartialarts.com.au/product/inosanto-definitive-collection-9-dvd-set/	More	2
https://progressivemartialarts.com.au/product/inosanto-definitive-collection-9-dvd-set/	Pictures	2
https://progressivemartialarts.com.au/product/inosanto-definitive-collection-9-dvd-set/	Instructors	2
https://progressivemartialarts.com.au/product/inosanto-definitive-collection-volume-1-jun-fan-kickboxing/	Arts We Teach	2
https://progressivemartialarts.com.au/product/inosanto-definitive-collection-volume-1-jun-fan-kickboxing/	More	2
https://progressivemartialarts.com.au/product/inosanto-definitive-collection-volume-1-jun-fan-kickboxing/	Pictures	2
https://progressivemartialarts.com.au/product/inosanto-definitive-collection-volume-1-jun-fan-kickboxing/	Instructors	2
https://progressivemartialarts.com.au/product/inosanto-definitive-collection-volume-2-jun-fan-trapping/	Arts We Teach	2
https://progressivemartialarts.com.au/product/inosanto-definitive-collection-volume-2-jun-fan-trapping/	More	2
https://progressivemartialarts.com.au/product/inosanto-definitive-collection-volume-2-jun-fan-trapping/	Pictures	2
https://progressivemartialarts.com.au/product/inosanto-definitive-collection-volume-2-jun-fan-trapping/	Instructors	2
https://progressivemartialarts.com.au/product/inosanto-definitive-collection-volume-3-jun-fan-grappling/	Arts We Teach	2
https://progressivemartialarts.com.au/product/inosanto-definitive-collection-volume-3-jun-fan-grappling/	More	2
https://progressivemartialarts.com.au/product/inosanto-definitive-collection-volume-3-jun-fan-grappling/	Pictures	2
https://progressivemartialarts.com.au/product/inosanto-definitive-collection-volume-3-jun-fan-grappling/	Instructors	2
https://progressivemartialarts.com.au/product/inosanto-definitive-collection-volume-4-panantukan/	Arts We Teach	2
https://progressivemartialarts.com.au/product/inosanto-definitive-collection-volume-4-panantukan/	More	2
https://progressivemartialarts.com.au/product/inosanto-definitive-collection-volume-4-panantukan/	Pictures	2
https://progressivemartialarts.com.au/product/inosanto-definitive-collection-volume-4-panantukan/	Instructors	2
https://progressivemartialarts.com.au/product/inosanto-definitive-collection-volume-5-dumog/	Arts We Teach	2
https://progressivemartialarts.com.au/product/inosanto-definitive-collection-volume-5-dumog/	More	2
https://progressivemartialarts.com.au/product/inosanto-definitive-collection-volume-5-dumog/	Pictures	2
https://progressivemartialarts.com.au/product/inosanto-definitive-collection-volume-5-dumog/	Instructors	2
https://progressivemartialarts.com.au/product/inosanto-definitive-collection-volume-6-single-stick/	Arts We Teach	2
https://progressivemartialarts.com.au/product/inosanto-definitive-collection-volume-6-single-stick/	More	2
https://progressivemartialarts.com.au/product/inosanto-definitive-collection-volume-6-single-stick/	Pictures	2
https://progressivemartialarts.com.au/product/inosanto-definitive-collection-volume-6-single-stick/	Instructors	2
https://progressivemartialarts.com.au/product/inosanto-definitive-collection-volume-7-stick-and-dagger/	Arts We Teach	2
https://progressivemartialarts.com.au/product/inosanto-definitive-collection-volume-7-stick-and-dagger/	More	2
https://progressivemartialarts.com.au/product/inosanto-definitive-collection-volume-7-stick-and-dagger/	Pictures	2
https://progressivemartialarts.com.au/product/inosanto-definitive-collection-volume-7-stick-and-dagger/	Instructors	2
https://progressivemartialarts.com.au/product/inosanto-definitive-collection-volume-8-edged-weapons-defense-1/	Arts We Teach	2
https://progressivemartialarts.com.au/product/inosanto-definitive-collection-volume-8-edged-weapons-defense-1/	More	2
https://progressivemartialarts.com.au/product/inosanto-definitive-collection-volume-8-edged-weapons-defense-1/	Pictures	2
https://progressivemartialarts.com.au/product/inosanto-definitive-collection-volume-8-edged-weapons-defense-1/	Instructors	2
https://progressivemartialarts.com.au/product/inosanto-definitive-collection-volume-9-edged-weapons-defense-2/	Arts We Teach	2
https://progressivemartialarts.com.au/product/inosanto-definitive-collection-volume-9-edged-weapons-defense-2/	More	2
https://progressivemartialarts.com.au/product/inosanto-definitive-collection-volume-9-edged-weapons-defense-2/	Pictures	2
https://progressivemartialarts.com.au/product/inosanto-definitive-collection-volume-9-edged-weapons-defense-2/	Instructors	2
https://progressivemartialarts.com.au/product/journal-of-the-unknown-soldier-michael-wise/	Arts We Teach	2
https://progressivemartialarts.com.au/product/journal-of-the-unknown-soldier-michael-wise/	More	2
https://progressivemartialarts.com.au/product/journal-of-the-unknown-soldier-michael-wise/	Pictures	2
https://progressivemartialarts.com.au/product/journal-of-the-unknown-soldier-michael-wise/	Instructors	2
https://progressivemartialarts.com.au/product/kick-shield-dummy-for-self-defense-punch-brand/	Arts We Teach	2
https://progressivemartialarts.com.au/product/kick-shield-dummy-for-self-defense-punch-brand/	More	2
https://progressivemartialarts.com.au/product/kick-shield-dummy-for-self-defense-punch-brand/	Pictures	2
https://progressivemartialarts.com.au/product/kick-shield-dummy-for-self-defense-punch-brand/	Instructors	2
https://progressivemartialarts.com.au/product/lameco-hand-guard-priced-individually/	Arts We Teach	2
https://progressivemartialarts.com.au/product/lameco-hand-guard-priced-individually/	More	2
https://progressivemartialarts.com.au/product/lameco-hand-guard-priced-individually/	Pictures	2
https://progressivemartialarts.com.au/product/lameco-hand-guard-priced-individually/	Instructors	2
https://progressivemartialarts.com.au/product/large-spattered-knives/	Arts We Teach	2
https://progressivemartialarts.com.au/product/large-spattered-knives/	More	2
https://progressivemartialarts.com.au/product/large-spattered-knives/	Pictures	2
https://progressivemartialarts.com.au/product/large-spattered-knives/	Instructors	2
https://progressivemartialarts.com.au/product/long-pants-progressive-martial-arts/	Arts We Teach	2
https://progressivemartialarts.com.au/product/long-pants-progressive-martial-arts/	More	2
https://progressivemartialarts.com.au/product/long-pants-progressive-martial-arts/	Pictures	2
https://progressivemartialarts.com.au/product/long-pants-progressive-martial-arts/	Instructors	2
https://progressivemartialarts.com.au/product/long-sleeve-absorb-what-is-useful-baseball-shirt-black-gray/	Arts We Teach	2
https://progressivemartialarts.com.au/product/long-sleeve-absorb-what-is-useful-baseball-shirt-black-gray/	More	2
https://progressivemartialarts.com.au/product/long-sleeve-absorb-what-is-useful-baseball-shirt-black-gray/	Pictures	2
https://progressivemartialarts.com.au/product/long-sleeve-absorb-what-is-useful-baseball-shirt-black-gray/	Instructors	2
https://progressivemartialarts.com.au/product/long-sleeve-absorb-what-is-useful-baseball-shirt-blue-gold/	Arts We Teach	2
https://progressivemartialarts.com.au/product/long-sleeve-absorb-what-is-useful-baseball-shirt-blue-gold/	More	2
https://progressivemartialarts.com.au/product/long-sleeve-absorb-what-is-useful-baseball-shirt-blue-gold/	Pictures	2
https://progressivemartialarts.com.au/product/long-sleeve-absorb-what-is-useful-baseball-shirt-blue-gold/	Instructors	2
https://progressivemartialarts.com.au/product/long-sleeve-inosanto-academy-sport-tek-members-baseball-jersey/	Arts We Teach	2
https://progressivemartialarts.com.au/product/long-sleeve-inosanto-academy-sport-tek-members-baseball-jersey/	More	2
https://progressivemartialarts.com.au/product/long-sleeve-inosanto-academy-sport-tek-members-baseball-jersey/	Pictures	2
https://progressivemartialarts.com.au/product/long-sleeve-inosanto-academy-sport-tek-members-baseball-jersey/	Instructors	2
https://progressivemartialarts.com.au/product/machado-5-machado-brothers-seminar-4-dvd-set/	Arts We Teach	2
https://progressivemartialarts.com.au/product/machado-5-machado-brothers-seminar-4-dvd-set/	More	2
https://progressivemartialarts.com.au/product/machado-5-machado-brothers-seminar-4-dvd-set/	Pictures	2
https://progressivemartialarts.com.au/product/machado-5-machado-brothers-seminar-4-dvd-set/	Instructors	2
https://progressivemartialarts.com.au/product/martial-arts-masters-3-dvd-set/	Arts We Teach	2
https://progressivemartialarts.com.au/product/martial-arts-masters-3-dvd-set/	More	2
https://progressivemartialarts.com.au/product/martial-arts-masters-3-dvd-set/	Pictures	2
https://progressivemartialarts.com.au/product/martial-arts-masters-3-dvd-set/	Instructors	2
https://progressivemartialarts.com.au/product/padded-knife-small/	Arts We Teach	2
https://progressivemartialarts.com.au/product/padded-knife-small/	More	2
https://progressivemartialarts.com.au/product/padded-knife-small/	Pictures	2
https://progressivemartialarts.com.au/product/padded-knife-small/	Instructors	2
https://progressivemartialarts.com.au/product/padded-sticks-lameco-brand/	Arts We Teach	2
https://progressivemartialarts.com.au/product/padded-sticks-lameco-brand/	More	2
https://progressivemartialarts.com.au/product/padded-sticks-lameco-brand/	Pictures	2
https://progressivemartialarts.com.au/product/padded-sticks-lameco-brand/	Instructors	2
https://progressivemartialarts.com.au/product/punch-deluxe-thai-style-anklets/	Arts We Teach	2
https://progressivemartialarts.com.au/product/punch-deluxe-thai-style-anklets/	More	2
https://progressivemartialarts.com.au/product/punch-deluxe-thai-style-anklets/	Pictures	2
https://progressivemartialarts.com.au/product/punch-deluxe-thai-style-anklets/	Instructors	2
https://progressivemartialarts.com.au/product/rash-guard-inosanto-academy-long-sleeve/	Arts We Teach	2
https://progressivemartialarts.com.au/product/rash-guard-inosanto-academy-long-sleeve/	More	2
https://progressivemartialarts.com.au/product/rash-guard-inosanto-academy-long-sleeve/	Pictures	2
https://progressivemartialarts.com.au/product/rash-guard-inosanto-academy-long-sleeve/	Instructors	2
https://progressivemartialarts.com.au/product/rash-guard-inosanto-academy-short-sleeve/	Arts We Teach	2
https://progressivemartialarts.com.au/product/rash-guard-inosanto-academy-short-sleeve/	More	2
https://progressivemartialarts.com.au/product/rash-guard-inosanto-academy-short-sleeve/	Pictures	2
https://progressivemartialarts.com.au/product/rash-guard-inosanto-academy-short-sleeve/	Instructors	2
https://progressivemartialarts.com.au/product/rash-guard-jean-jacques-machado-short-sleeve/	Arts We Teach	2
https://progressivemartialarts.com.au/product/rash-guard-jean-jacques-machado-short-sleeve/	More	2
https://progressivemartialarts.com.au/product/rash-guard-jean-jacques-machado-short-sleeve/	Pictures	2
https://progressivemartialarts.com.au/product/rash-guard-jean-jacques-machado-short-sleeve/	Instructors	2
https://progressivemartialarts.com.au/product/revgear-shorts/	Arts We Teach	2
https://progressivemartialarts.com.au/product/revgear-shorts/	More	2
https://progressivemartialarts.com.au/product/revgear-shorts/	Pictures	2
https://progressivemartialarts.com.au/product/revgear-shorts/	Instructors	2
https://progressivemartialarts.com.au/product/sharkee-open-folder-plastic-training-knife/	Arts We Teach	2
https://progressivemartialarts.com.au/product/sharkee-open-folder-plastic-training-knife/	More	2
https://progressivemartialarts.com.au/product/sharkee-open-folder-plastic-training-knife/	Pictures	2
https://progressivemartialarts.com.au/product/sharkee-open-folder-plastic-training-knife/	Instructors	2
https://progressivemartialarts.com.au/product/sharkee-plastic-sparring-dagger/	Arts We Teach	2
https://progressivemartialarts.com.au/product/sharkee-plastic-sparring-dagger/	More	2
https://progressivemartialarts.com.au/product/sharkee-plastic-sparring-dagger/	Pictures	2
https://progressivemartialarts.com.au/product/sharkee-plastic-sparring-dagger/	Instructors	2
https://progressivemartialarts.com.au/product/shorts-inosanto-academy-black-with-gold-logo/	Arts We Teach	2
https://progressivemartialarts.com.au/product/shorts-inosanto-academy-black-with-gold-logo/	More	2
https://progressivemartialarts.com.au/product/shorts-inosanto-academy-black-with-gold-logo/	Pictures	2
https://progressivemartialarts.com.au/product/shorts-inosanto-academy-black-with-gold-logo/	Instructors	2
https://progressivemartialarts.com.au/product/shorts-inosanto-academy-black-with-red-and-gold-logo/	Arts We Teach	2
https://progressivemartialarts.com.au/product/shorts-inosanto-academy-black-with-red-and-gold-logo/	More	2
https://progressivemartialarts.com.au/product/shorts-inosanto-academy-black-with-red-and-gold-logo/	Pictures	2
https://progressivemartialarts.com.au/product/shorts-inosanto-academy-black-with-red-and-gold-logo/	Instructors	2
https://progressivemartialarts.com.au/product/shorts-inosanto-academy-black-with-white-logo/	Arts We Teach	2
https://progressivemartialarts.com.au/product/shorts-inosanto-academy-black-with-white-logo/	More	2
https://progressivemartialarts.com.au/product/shorts-inosanto-academy-black-with-white-logo/	Pictures	2
https://progressivemartialarts.com.au/product/shorts-inosanto-academy-black-with-white-logo/	Instructors	2
https://progressivemartialarts.com.au/product/shorts-inosanto-academy-board-shorts/	Arts We Teach	2
https://progressivemartialarts.com.au/product/shorts-inosanto-academy-board-shorts/	More	2
https://progressivemartialarts.com.au/product/shorts-inosanto-academy-board-shorts/	Pictures	2
https://progressivemartialarts.com.au/product/shorts-inosanto-academy-board-shorts/	Instructors	2
https://progressivemartialarts.com.au/product/shorts-thai-boxing-association-classic-logo/	Arts We Teach	2
https://progressivemartialarts.com.au/product/shorts-thai-boxing-association-classic-logo/	More	2
https://progressivemartialarts.com.au/product/shorts-thai-boxing-association-classic-logo/	Pictures	2
https://progressivemartialarts.com.au/product/shorts-thai-boxing-association-classic-logo/	Instructors	2
https://progressivemartialarts.com.au/product/shorts-thai-boxing-shorts-revgear-various-colours/	Arts We Teach	2
https://progressivemartialarts.com.au/product/shorts-thai-boxing-shorts-revgear-various-colours/	More	2
https://progressivemartialarts.com.au/product/shorts-thai-boxing-shorts-revgear-various-colours/	Pictures	2
https://progressivemartialarts.com.au/product/shorts-thai-boxing-shorts-revgear-various-colours/	Instructors	2
https://progressivemartialarts.com.au/product/sifu-francis-fong-2014-train-with-the-masters/	Arts We Teach	2
https://progressivemartialarts.com.au/product/sifu-francis-fong-2014-train-with-the-masters/	More	2
https://progressivemartialarts.com.au/product/sifu-francis-fong-2014-train-with-the-masters/	Pictures	2
https://progressivemartialarts.com.au/product/sifu-francis-fong-2014-train-with-the-masters/	Instructors	2
https://progressivemartialarts.com.au/product/sifu-francis-fong-australia-seminars-november-2026/	Arts We Teach	2
https://progressivemartialarts.com.au/product/sifu-francis-fong-australia-seminars-november-2026/	More	2
https://progressivemartialarts.com.au/product/sifu-francis-fong-australia-seminars-november-2026/	Pictures	2
https://progressivemartialarts.com.au/product/sifu-francis-fong-australia-seminars-november-2026/	Instructors	2
https://progressivemartialarts.com.au/product/sifu-francis-fong-wing-chun-for-mma/	Arts We Teach	2
https://progressivemartialarts.com.au/product/sifu-francis-fong-wing-chun-for-mma/	More	2
https://progressivemartialarts.com.au/product/sifu-francis-fong-wing-chun-for-mma/	Pictures	2
https://progressivemartialarts.com.au/product/sifu-francis-fong-wing-chun-for-mma/	Instructors	2
https://progressivemartialarts.com.au/product/singlet-guro-dan-inosanto-australian-tour-2016/	Arts We Teach	2
https://progressivemartialarts.com.au/product/singlet-guro-dan-inosanto-australian-tour-2016/	More	2
https://progressivemartialarts.com.au/product/singlet-guro-dan-inosanto-australian-tour-2016/	Pictures	2
https://progressivemartialarts.com.au/product/singlet-guro-dan-inosanto-australian-tour-2016/	Instructors	2
https://progressivemartialarts.com.au/product/singlet-guro-dan-inosanto-australian-tour-2019/	Arts We Teach	2
https://progressivemartialarts.com.au/product/singlet-guro-dan-inosanto-australian-tour-2019/	More	2
https://progressivemartialarts.com.au/product/singlet-guro-dan-inosanto-australian-tour-2019/	Pictures	2
https://progressivemartialarts.com.au/product/singlet-guro-dan-inosanto-australian-tour-2019/	Instructors	2
https://progressivemartialarts.com.au/product/singlet-inosanto-academy-12-spot/	Arts We Teach	2
https://progressivemartialarts.com.au/product/singlet-inosanto-academy-12-spot/	More	2
https://progressivemartialarts.com.au/product/singlet-inosanto-academy-12-spot/	Pictures	2
https://progressivemartialarts.com.au/product/singlet-inosanto-academy-12-spot/	Instructors	2
https://progressivemartialarts.com.au/product/singlet-inosanto-academy-absorb-what-is-useful/	Arts We Teach	2
https://progressivemartialarts.com.au/product/singlet-inosanto-academy-absorb-what-is-useful/	More	2
https://progressivemartialarts.com.au/product/singlet-inosanto-academy-absorb-what-is-useful/	Pictures	2
https://progressivemartialarts.com.au/product/singlet-inosanto-academy-absorb-what-is-useful/	Instructors	2
https://progressivemartialarts.com.au/product/singlet-inosanto-academy-kali/	Arts We Teach	2
https://progressivemartialarts.com.au/product/singlet-inosanto-academy-kali/	More	2
https://progressivemartialarts.com.au/product/singlet-inosanto-academy-kali/	Pictures	2
https://progressivemartialarts.com.au/product/singlet-inosanto-academy-kali/	Instructors	2
https://progressivemartialarts.com.au/product/singlet-inosanto-academy-lacoste-inosanto-weapons/	Arts We Teach	2
https://progressivemartialarts.com.au/product/singlet-inosanto-academy-lacoste-inosanto-weapons/	More	2
https://progressivemartialarts.com.au/product/singlet-inosanto-academy-lacoste-inosanto-weapons/	Pictures	2
https://progressivemartialarts.com.au/product/singlet-inosanto-academy-lacoste-inosanto-weapons/	Instructors	2
https://progressivemartialarts.com.au/product/singlet-inosanto-academy-ladies-racerback/	Arts We Teach	2
https://progressivemartialarts.com.au/product/singlet-inosanto-academy-ladies-racerback/	More	2
https://progressivemartialarts.com.au/product/singlet-inosanto-academy-ladies-racerback/	Pictures	2
https://progressivemartialarts.com.au/product/singlet-inosanto-academy-ladies-racerback/	Instructors	2
https://progressivemartialarts.com.au/product/singlet-inosanto-academy-ladies-spaghetti-strap-gold/	Arts We Teach	2
https://progressivemartialarts.com.au/product/singlet-inosanto-academy-ladies-spaghetti-strap-gold/	More	2
https://progressivemartialarts.com.au/product/singlet-inosanto-academy-ladies-spaghetti-strap-gold/	Pictures	2
https://progressivemartialarts.com.au/product/singlet-inosanto-academy-ladies-spaghetti-strap-gold/	Instructors	2
https://progressivemartialarts.com.au/product/singlet-ladies-progressive-martial-arts/	Arts We Teach	2
https://progressivemartialarts.com.au/product/singlet-ladies-progressive-martial-arts/	More	2
https://progressivemartialarts.com.au/product/singlet-ladies-progressive-martial-arts/	Pictures	2
https://progressivemartialarts.com.au/product/singlet-ladies-progressive-martial-arts/	Instructors	2
https://progressivemartialarts.com.au/product/singlet-thai-boxing-association-classic/	Arts We Teach	2
https://progressivemartialarts.com.au/product/singlet-thai-boxing-association-classic/	More	2
https://progressivemartialarts.com.au/product/singlet-thai-boxing-association-classic/	Pictures	2
https://progressivemartialarts.com.au/product/singlet-thai-boxing-association-classic/	Instructors	2
https://progressivemartialarts.com.au/product/spezzano-introduction-to-madjapahit-silat-2-disc-set/	Arts We Teach	2
https://progressivemartialarts.com.au/product/spezzano-introduction-to-madjapahit-silat-2-disc-set/	More	2
https://progressivemartialarts.com.au/product/spezzano-introduction-to-madjapahit-silat-2-disc-set/	Pictures	2
https://progressivemartialarts.com.au/product/spezzano-introduction-to-madjapahit-silat-2-disc-set/	Instructors	2
https://progressivemartialarts.com.au/product/spezzano-madjapahit-silat-2/	Arts We Teach	2
https://progressivemartialarts.com.au/product/spezzano-madjapahit-silat-2/	More	2
https://progressivemartialarts.com.au/product/spezzano-madjapahit-silat-2/	Pictures	2
https://progressivemartialarts.com.au/product/spezzano-madjapahit-silat-2/	Instructors	2
https://progressivemartialarts.com.au/product/stick-bag-inosanto-academy-medium/	Arts We Teach	2
https://progressivemartialarts.com.au/product/stick-bag-inosanto-academy-medium/	More	2
https://progressivemartialarts.com.au/product/stick-bag-inosanto-academy-medium/	Pictures	2
https://progressivemartialarts.com.au/product/stick-bag-inosanto-academy-medium/	Instructors	2
https://progressivemartialarts.com.au/product/stick-bag-inosanto-academy-small/	Arts We Teach	2
https://progressivemartialarts.com.au/product/stick-bag-inosanto-academy-small/	More	2
https://progressivemartialarts.com.au/product/stick-bag-inosanto-academy-small/	Pictures	2
https://progressivemartialarts.com.au/product/stick-bag-inosanto-academy-small/	Instructors	2
https://progressivemartialarts.com.au/product/sulite-lameco-eskrima-advanced-laban-laro-volume-1/	Arts We Teach	2
https://progressivemartialarts.com.au/product/sulite-lameco-eskrima-advanced-laban-laro-volume-1/	More	2
https://progressivemartialarts.com.au/product/sulite-lameco-eskrima-advanced-laban-laro-volume-1/	Pictures	2
https://progressivemartialarts.com.au/product/sulite-lameco-eskrima-advanced-laban-laro-volume-1/	Instructors	2
https://progressivemartialarts.com.au/product/sulite-lameco-eskrima-advanced-laban-laro-volume-2/	Arts We Teach	2
https://progressivemartialarts.com.au/product/sulite-lameco-eskrima-advanced-laban-laro-volume-2/	More	2
https://progressivemartialarts.com.au/product/sulite-lameco-eskrima-advanced-laban-laro-volume-2/	Pictures	2
https://progressivemartialarts.com.au/product/sulite-lameco-eskrima-advanced-laban-laro-volume-2/	Instructors	2
https://progressivemartialarts.com.au/product/sulite-lameco-eskrima-at-the-vortex/	Arts We Teach	2
https://progressivemartialarts.com.au/product/sulite-lameco-eskrima-at-the-vortex/	More	2
https://progressivemartialarts.com.au/product/sulite-lameco-eskrima-at-the-vortex/	Pictures	2
https://progressivemartialarts.com.au/product/sulite-lameco-eskrima-at-the-vortex/	Instructors	2
https://progressivemartialarts.com.au/product/sulite-lameco-eskrima-espada-y-daga/	Arts We Teach	2
https://progressivemartialarts.com.au/product/sulite-lameco-eskrima-espada-y-daga/	More	2
https://progressivemartialarts.com.au/product/sulite-lameco-eskrima-espada-y-daga/	Pictures	2
https://progressivemartialarts.com.au/product/sulite-lameco-eskrima-espada-y-daga/	Instructors	2
https://progressivemartialarts.com.au/product/sulite-lameco-eskrima-essential-single-stick-skills-volume-1/	Arts We Teach	2
https://progressivemartialarts.com.au/product/sulite-lameco-eskrima-essential-single-stick-skills-volume-1/	More	2
https://progressivemartialarts.com.au/product/sulite-lameco-eskrima-essential-single-stick-skills-volume-1/	Pictures	2
https://progressivemartialarts.com.au/product/sulite-lameco-eskrima-essential-single-stick-skills-volume-1/	Instructors	2
https://progressivemartialarts.com.au/product/sulite-lameco-eskrima-essential-single-stick-skills-volume-2/	Arts We Teach	2
https://progressivemartialarts.com.au/product/sulite-lameco-eskrima-essential-single-stick-skills-volume-2/	More	2
https://progressivemartialarts.com.au/product/sulite-lameco-eskrima-essential-single-stick-skills-volume-2/	Pictures	2
https://progressivemartialarts.com.au/product/sulite-lameco-eskrima-essential-single-stick-skills-volume-2/	Instructors	2
https://progressivemartialarts.com.au/product/sulite-lameco-eskrima-practical-self-defense-volume-1/	Arts We Teach	2
https://progressivemartialarts.com.au/product/sulite-lameco-eskrima-practical-self-defense-volume-1/	More	2
https://progressivemartialarts.com.au/product/sulite-lameco-eskrima-practical-self-defense-volume-1/	Pictures	2
https://progressivemartialarts.com.au/product/sulite-lameco-eskrima-practical-self-defense-volume-1/	Instructors	2
https://progressivemartialarts.com.au/product/sulite-lameco-eskrima-practical-self-defense-volume-2/	Arts We Teach	2
https://progressivemartialarts.com.au/product/sulite-lameco-eskrima-practical-self-defense-volume-2/	More	2
https://progressivemartialarts.com.au/product/sulite-lameco-eskrima-practical-self-defense-volume-2/	Pictures	2
https://progressivemartialarts.com.au/product/sulite-lameco-eskrima-practical-self-defense-volume-2/	Instructors	2
https://progressivemartialarts.com.au/product/sulite-lameco-eskrima-secrets-of-double-stick-fighting-volume-1/	Arts We Teach	2
https://progressivemartialarts.com.au/product/sulite-lameco-eskrima-secrets-of-double-stick-fighting-volume-1/	More	2
https://progressivemartialarts.com.au/product/sulite-lameco-eskrima-secrets-of-double-stick-fighting-volume-1/	Pictures	2
https://progressivemartialarts.com.au/product/sulite-lameco-eskrima-secrets-of-double-stick-fighting-volume-1/	Instructors	2
https://progressivemartialarts.com.au/product/sulite-lameco-eskrima-secrets-of-double-stick-fighting-volume-2/	Arts We Teach	2
https://progressivemartialarts.com.au/product/sulite-lameco-eskrima-secrets-of-double-stick-fighting-volume-2/	More	2
https://progressivemartialarts.com.au/product/sulite-lameco-eskrima-secrets-of-double-stick-fighting-volume-2/	Pictures	2
https://progressivemartialarts.com.au/product/sulite-lameco-eskrima-secrets-of-double-stick-fighting-volume-2/	Instructors	2
https://progressivemartialarts.com.au/product/suwanda-sarong-system-advanced-techniques-volume-3/	Arts We Teach	2
https://progressivemartialarts.com.au/product/suwanda-sarong-system-advanced-techniques-volume-3/	More	2
https://progressivemartialarts.com.au/product/suwanda-sarong-system-advanced-techniques-volume-3/	Pictures	2
https://progressivemartialarts.com.au/product/suwanda-sarong-system-advanced-techniques-volume-3/	Instructors	2
https://progressivemartialarts.com.au/product/sweatpants-inosanto-academy-black-with-gold-logos/	Arts We Teach	2
https://progressivemartialarts.com.au/product/sweatpants-inosanto-academy-black-with-gold-logos/	More	2
https://progressivemartialarts.com.au/product/sweatpants-inosanto-academy-black-with-gold-logos/	Pictures	2
https://progressivemartialarts.com.au/product/sweatpants-inosanto-academy-black-with-gold-logos/	Instructors	2
https://progressivemartialarts.com.au/product/sweatpants-inosanto-academy-black-with-red-and-gold-logos/	Arts We Teach	2
https://progressivemartialarts.com.au/product/sweatpants-inosanto-academy-black-with-red-and-gold-logos/	More	2
https://progressivemartialarts.com.au/product/sweatpants-inosanto-academy-black-with-red-and-gold-logos/	Pictures	2
https://progressivemartialarts.com.au/product/sweatpants-inosanto-academy-black-with-red-and-gold-logos/	Instructors	2
https://progressivemartialarts.com.au/product/sweatpants-inosanto-academy-black-with-red-and-white-logos/	Arts We Teach	2
https://progressivemartialarts.com.au/product/sweatpants-inosanto-academy-black-with-red-and-white-logos/	More	2
https://progressivemartialarts.com.au/product/sweatpants-inosanto-academy-black-with-red-and-white-logos/	Pictures	2
https://progressivemartialarts.com.au/product/sweatpants-inosanto-academy-black-with-red-and-white-logos/	Instructors	2
https://progressivemartialarts.com.au/product/sweatpants-thai-boxing-association-classic-logo/	Arts We Teach	2
https://progressivemartialarts.com.au/product/sweatpants-thai-boxing-association-classic-logo/	More	2
https://progressivemartialarts.com.au/product/sweatpants-thai-boxing-association-classic-logo/	Pictures	2
https://progressivemartialarts.com.au/product/sweatpants-thai-boxing-association-classic-logo/	Instructors	2
https://progressivemartialarts.com.au/product/t-shirt-15-year-anniversary-train-with-the-legends-2013/	Arts We Teach	2
https://progressivemartialarts.com.au/product/t-shirt-15-year-anniversary-train-with-the-legends-2013/	More	2
https://progressivemartialarts.com.au/product/t-shirt-15-year-anniversary-train-with-the-legends-2013/	Pictures	2
https://progressivemartialarts.com.au/product/t-shirt-15-year-anniversary-train-with-the-legends-2013/	Instructors	2
https://progressivemartialarts.com.au/product/t-shirt-guro-dan-inosanto-2016-australian-tour/	Arts We Teach	2
https://progressivemartialarts.com.au/product/t-shirt-guro-dan-inosanto-2016-australian-tour/	More	2
https://progressivemartialarts.com.au/product/t-shirt-guro-dan-inosanto-2016-australian-tour/	Pictures	2
https://progressivemartialarts.com.au/product/t-shirt-guro-dan-inosanto-2016-australian-tour/	Instructors	2
https://progressivemartialarts.com.au/product/t-shirt-guro-dan-inosanto-2019-australian-tour/	Arts We Teach	2
https://progressivemartialarts.com.au/product/t-shirt-guro-dan-inosanto-2019-australian-tour/	More	2
https://progressivemartialarts.com.au/product/t-shirt-guro-dan-inosanto-2019-australian-tour/	Pictures	2
https://progressivemartialarts.com.au/product/t-shirt-guro-dan-inosanto-2019-australian-tour/	Instructors	2
https://progressivemartialarts.com.au/product/t-shirt-inosanto-absorb-what-is-useful/	Arts We Teach	2
https://progressivemartialarts.com.au/product/t-shirt-inosanto-absorb-what-is-useful/	More	2
https://progressivemartialarts.com.au/product/t-shirt-inosanto-absorb-what-is-useful/	Pictures	2
https://progressivemartialarts.com.au/product/t-shirt-inosanto-absorb-what-is-useful/	Instructors	2
https://progressivemartialarts.com.au/product/t-shirt-inosanto-academy-12-spot/	Arts We Teach	2
https://progressivemartialarts.com.au/product/t-shirt-inosanto-academy-12-spot/	More	2
https://progressivemartialarts.com.au/product/t-shirt-inosanto-academy-12-spot/	Pictures	2
https://progressivemartialarts.com.au/product/t-shirt-inosanto-academy-12-spot/	Instructors	2
https://progressivemartialarts.com.au/product/t-shirt-inosanto-academy-angel-necklace/	Arts We Teach	2
https://progressivemartialarts.com.au/product/t-shirt-inosanto-academy-angel-necklace/	More	2
https://progressivemartialarts.com.au/product/t-shirt-inosanto-academy-angel-necklace/	Pictures	2
https://progressivemartialarts.com.au/product/t-shirt-inosanto-academy-angel-necklace/	Instructors	2
https://progressivemartialarts.com.au/product/t-shirt-inosanto-academy-angel-sash-blue-with-gold/	Arts We Teach	2
https://progressivemartialarts.com.au/product/t-shirt-inosanto-academy-angel-sash-blue-with-gold/	More	2
https://progressivemartialarts.com.au/product/t-shirt-inosanto-academy-angel-sash-blue-with-gold/	Pictures	2
https://progressivemartialarts.com.au/product/t-shirt-inosanto-academy-angel-sash-blue-with-gold/	Instructors	2
https://progressivemartialarts.com.au/product/t-shirt-inosanto-academy-university-t/	Arts We Teach	2
https://progressivemartialarts.com.au/product/t-shirt-inosanto-academy-university-t/	More	2
https://progressivemartialarts.com.au/product/t-shirt-inosanto-academy-university-t/	Pictures	2
https://progressivemartialarts.com.au/product/t-shirt-inosanto-academy-university-t/	Instructors	2
https://progressivemartialarts.com.au/product/t-shirt-inosanto-academy-weapons-of-the-southern-philippines/	Arts We Teach	2
https://progressivemartialarts.com.au/product/t-shirt-inosanto-academy-weapons-of-the-southern-philippines/	More	2
https://progressivemartialarts.com.au/product/t-shirt-inosanto-academy-weapons-of-the-southern-philippines/	Pictures	2
https://progressivemartialarts.com.au/product/t-shirt-inosanto-academy-weapons-of-the-southern-philippines/	Instructors	2
https://progressivemartialarts.com.au/product/t-shirt-inosanto-academy-womens-bella-top/	Arts We Teach	2
https://progressivemartialarts.com.au/product/t-shirt-inosanto-academy-womens-bella-top/	More	2
https://progressivemartialarts.com.au/product/t-shirt-inosanto-academy-womens-bella-top/	Pictures	2
https://progressivemartialarts.com.au/product/t-shirt-inosanto-academy-womens-bella-top/	Instructors	2
https://progressivemartialarts.com.au/product/t-shirt-inosanto-kali/	Arts We Teach	2
https://progressivemartialarts.com.au/product/t-shirt-inosanto-kali/	More	2
https://progressivemartialarts.com.au/product/t-shirt-inosanto-kali/	Pictures	2
https://progressivemartialarts.com.au/product/t-shirt-inosanto-kali/	Instructors	2
https://progressivemartialarts.com.au/product/t-shirt-jean-jacques-machado-academia-de-jiu-jitsu-2/	Arts We Teach	2
https://progressivemartialarts.com.au/product/t-shirt-jean-jacques-machado-academia-de-jiu-jitsu-2/	More	2
https://progressivemartialarts.com.au/product/t-shirt-jean-jacques-machado-academia-de-jiu-jitsu-2/	Pictures	2
https://progressivemartialarts.com.au/product/t-shirt-jean-jacques-machado-academia-de-jiu-jitsu-2/	Instructors	2
https://progressivemartialarts.com.au/product/t-shirt-jean-jacques-machado-academia-de-jiu-jitsu-small-logo/	Arts We Teach	2
https://progressivemartialarts.com.au/product/t-shirt-jean-jacques-machado-academia-de-jiu-jitsu-small-logo/	More	2
https://progressivemartialarts.com.au/product/t-shirt-jean-jacques-machado-academia-de-jiu-jitsu-small-logo/	Pictures	2
https://progressivemartialarts.com.au/product/t-shirt-jean-jacques-machado-academia-de-jiu-jitsu-small-logo/	Instructors	2
https://progressivemartialarts.com.au/product/t-shirt-lacoste-inosanto-system/	Arts We Teach	2
https://progressivemartialarts.com.au/product/t-shirt-lacoste-inosanto-system/	More	2
https://progressivemartialarts.com.au/product/t-shirt-lacoste-inosanto-system/	Pictures	2
https://progressivemartialarts.com.au/product/t-shirt-lacoste-inosanto-system/	Instructors	2
https://progressivemartialarts.com.au/product/t-shirt-mini-muscles/	Arts We Teach	2
https://progressivemartialarts.com.au/product/t-shirt-mini-muscles/	More	2
https://progressivemartialarts.com.au/product/t-shirt-mini-muscles/	Pictures	2
https://progressivemartialarts.com.au/product/t-shirt-mini-muscles/	Instructors	2
https://progressivemartialarts.com.au/product/t-shirt-progressive-martial-arts/	Arts We Teach	2
https://progressivemartialarts.com.au/product/t-shirt-progressive-martial-arts/	More	2
https://progressivemartialarts.com.au/product/t-shirt-progressive-martial-arts/	Pictures	2
https://progressivemartialarts.com.au/product/t-shirt-progressive-martial-arts/	Instructors	2
https://progressivemartialarts.com.au/product/t-shirt-thai-boxing-association-classic/	Arts We Teach	2
https://progressivemartialarts.com.au/product/t-shirt-thai-boxing-association-classic/	More	2
https://progressivemartialarts.com.au/product/t-shirt-thai-boxing-association-classic/	Pictures	2
https://progressivemartialarts.com.au/product/t-shirt-thai-boxing-association-classic/	Instructors	2
https://progressivemartialarts.com.au/product/t-shirt-world-thai-boxing-association-new/	Arts We Teach	2
https://progressivemartialarts.com.au/product/t-shirt-world-thai-boxing-association-new/	More	2
https://progressivemartialarts.com.au/product/t-shirt-world-thai-boxing-association-new/	Pictures	2
https://progressivemartialarts.com.au/product/t-shirt-world-thai-boxing-association-new/	Instructors	2
https://progressivemartialarts.com.au/product/thai-pads-curved-punch-brand/	Arts We Teach	2
https://progressivemartialarts.com.au/product/thai-pads-curved-punch-brand/	More	2
https://progressivemartialarts.com.au/product/thai-pads-curved-punch-brand/	Pictures	2
https://progressivemartialarts.com.au/product/thai-pads-curved-punch-brand/	Instructors	2
https://progressivemartialarts.com.au/product/the-lord-is-my-shepherd-by-chaplain-michael-wise/	Arts We Teach	2
https://progressivemartialarts.com.au/product/the-lord-is-my-shepherd-by-chaplain-michael-wise/	More	2
https://progressivemartialarts.com.au/product/the-lord-is-my-shepherd-by-chaplain-michael-wise/	Pictures	2
https://progressivemartialarts.com.au/product/the-lord-is-my-shepherd-by-chaplain-michael-wise/	Instructors	2
https://progressivemartialarts.com.au/product/the-winning-mindset-jim-brault-and-kevin-seamen/	Arts We Teach	2
https://progressivemartialarts.com.au/product/the-winning-mindset-jim-brault-and-kevin-seamen/	More	2
https://progressivemartialarts.com.au/product/the-winning-mindset-jim-brault-and-kevin-seamen/	Pictures	2
https://progressivemartialarts.com.au/product/the-winning-mindset-jim-brault-and-kevin-seamen/	Instructors	2
https://progressivemartialarts.com.au/product/towels-progressive-martial-arts-body-towels/	Arts We Teach	2
https://progressivemartialarts.com.au/product/towels-progressive-martial-arts-body-towels/	More	2
https://progressivemartialarts.com.au/product/towels-progressive-martial-arts-body-towels/	Pictures	2
https://progressivemartialarts.com.au/product/towels-progressive-martial-arts-body-towels/	Instructors	2
https://progressivemartialarts.com.au/product/towels-progressive-martial-arts-large-bath-towel/	Arts We Teach	2
https://progressivemartialarts.com.au/product/towels-progressive-martial-arts-large-bath-towel/	More	2
https://progressivemartialarts.com.au/product/towels-progressive-martial-arts-large-bath-towel/	Pictures	2
https://progressivemartialarts.com.au/product/towels-progressive-martial-arts-large-bath-towel/	Instructors	2
https://progressivemartialarts.com.au/product/viking-shorts/	Arts We Teach	2
https://progressivemartialarts.com.au/product/viking-shorts/	More	2
https://progressivemartialarts.com.au/product/viking-shorts/	Pictures	2
https://progressivemartialarts.com.au/product/viking-shorts/	Instructors	2
https://progressivemartialarts.com.au/product/womens-yoga-pants/	Arts We Teach	2
https://progressivemartialarts.com.au/product/womens-yoga-pants/	More	2
https://progressivemartialarts.com.au/product/womens-yoga-pants/	Pictures	2
https://progressivemartialarts.com.au/product/womens-yoga-pants/	Instructors	2
https://progressivemartialarts.com.au/product/wraps-ikat/	Arts We Teach	2
https://progressivemartialarts.com.au/product/wraps-ikat/	More	2
https://progressivemartialarts.com.au/product/wraps-ikat/	Pictures	2
https://progressivemartialarts.com.au/product/wraps-ikat/	Instructors	2
https://progressivemartialarts.com.au/product/wraps-malong/	Arts We Teach	2
https://progressivemartialarts.com.au/product/wraps-malong/	More	2
https://progressivemartialarts.com.au/product/wraps-malong/	Pictures	2
https://progressivemartialarts.com.au/product/wraps-malong/	Instructors	2
https://progressivemartialarts.com.au/product/wraps-sarong/	Arts We Teach	2
https://progressivemartialarts.com.au/product/wraps-sarong/	More	2
https://progressivemartialarts.com.au/product/wraps-sarong/	Pictures	2
https://progressivemartialarts.com.au/product/wraps-sarong/	Instructors	2
https://progressivemartialarts.com.au/professor-jean-jacques-seminar/	Arts We Teach	2
https://progressivemartialarts.com.au/professor-jean-jacques-seminar/	More	2
https://progressivemartialarts.com.au/professor-jean-jacques-seminar/	Pictures	2
https://progressivemartialarts.com.au/professor-jean-jacques-seminar/	Instructors	2
https://progressivemartialarts.com.au/ranges/	Arts We Teach	2
https://progressivemartialarts.com.au/ranges/	More	2
https://progressivemartialarts.com.au/ranges/	Pictures	2
https://progressivemartialarts.com.au/ranges/	Instructors	2
https://progressivemartialarts.com.au/?s=test	Arts We Teach	2
https://progressivemartialarts.com.au/?s=test	More	2
https://progressivemartialarts.com.au/?s=test	Pictures	2
https://progressivemartialarts.com.au/?s=test	Instructors	2
https://progressivemartialarts.com.au/shop-2/	Arts We Teach	2
https://progressivemartialarts.com.au/shop-2/	More	2
https://progressivemartialarts.com.au/shop-2/	Pictures	2
https://progressivemartialarts.com.au/shop-2/	Instructors	2
https://progressivemartialarts.com.au/shop/	Arts We Teach	2
https://progressivemartialarts.com.au/shop/	More	2
https://progressivemartialarts.com.au/shop/	Pictures	2
https://progressivemartialarts.com.au/shop/	Instructors	2
https://progressivemartialarts.com.au/shopping-bag/	Arts We Teach	2
https://progressivemartialarts.com.au/shopping-bag/	More	2
https://progressivemartialarts.com.au/shopping-bag/	Pictures	2
https://progressivemartialarts.com.au/shopping-bag/	Instructors	2
https://progressivemartialarts.com.au/sifu-francis/	Arts We Teach	2
https://progressivemartialarts.com.au/sifu-francis/	More	2
https://progressivemartialarts.com.au/sifu-francis/	Pictures	2
https://progressivemartialarts.com.au/sifu-francis/	Instructors	2
https://progressivemartialarts.com.au/silat/	Arts We Teach	2
https://progressivemartialarts.com.au/silat/	More	2
https://progressivemartialarts.com.au/silat/	Pictures	2
https://progressivemartialarts.com.au/silat/	Instructors	2
https://progressivemartialarts.com.au/student-photos/	Arts We Teach	2
https://progressivemartialarts.com.au/student-photos/	More	2
https://progressivemartialarts.com.au/student-photos/	Pictures	2
https://progressivemartialarts.com.au/student-photos/	Instructors	2
https://progressivemartialarts.com.au/tag/bjj/	Arts We Teach	2
https://progressivemartialarts.com.au/tag/bjj/	More	2
https://progressivemartialarts.com.au/tag/bjj/	Pictures	2
https://progressivemartialarts.com.au/tag/bjj/	Instructors	2
https://progressivemartialarts.com.au/tag/brazilian-jiu-jitsu/	Arts We Teach	2
https://progressivemartialarts.com.au/tag/brazilian-jiu-jitsu/	More	2
https://progressivemartialarts.com.au/tag/brazilian-jiu-jitsu/	Pictures	2
https://progressivemartialarts.com.au/tag/brazilian-jiu-jitsu/	Instructors	2
https://progressivemartialarts.com.au/tag/jean-jacques-machado/	Arts We Teach	2
https://progressivemartialarts.com.au/tag/jean-jacques-machado/	More	2
https://progressivemartialarts.com.au/tag/jean-jacques-machado/	Pictures	2
https://progressivemartialarts.com.au/tag/jean-jacques-machado/	Instructors	2
https://progressivemartialarts.com.au/tag/seminar/	Arts We Teach	2
https://progressivemartialarts.com.au/tag/seminar/	More	2
https://progressivemartialarts.com.au/tag/seminar/	Pictures	2
https://progressivemartialarts.com.au/tag/seminar/	Instructors	2
https://progressivemartialarts.com.au/thai-boxing/	Arts We Teach	2
https://progressivemartialarts.com.au/thai-boxing/	More	2
https://progressivemartialarts.com.au/thai-boxing/	Pictures	2
https://progressivemartialarts.com.au/thai-boxing/	Instructors	2
https://progressivemartialarts.com.au/timetable/	Arts We Teach	2
https://progressivemartialarts.com.au/timetable/	More	2
https://progressivemartialarts.com.au/timetable/	Pictures	2
https://progressivemartialarts.com.au/timetable/	Instructors	2
https://progressivemartialarts.com.au/visiting-student-information/	Arts We Teach	2
https://progressivemartialarts.com.au/visiting-student-information/	More	2
https://progressivemartialarts.com.au/visiting-student-information/	Pictures	2
https://progressivemartialarts.com.au/visiting-student-information/	Instructors	2
