https://progressivemartialarts.com.au/	200	0	https://progressivemartialarts.com.au/	text/html	176297	9580e360d723f8b0	Join Our Martial Arts Classes | Brisbane | PMAAI	https://progressivemartialarts.com.au/	index, follow, max-image-preview:large, max-snippet:-1, max-video-preview:-1	Discover the ultimate martial arts classes in Brisbane at Progressive Martial Arts Academy International. Our trainers will nurture your martial arts potential.
https://progressivemartialarts.com.au/?s=test	200	0	https://progressivemartialarts.com.au/?s=test	text/html	114874	e3ff2ec2dfff8f9a	You searched for test - Progressive Martial Arts		noindex, follow	
https://progressivemartialarts.com.au/author/15ef25c842b4a4bf/	200	0	https://progressivemartialarts.com.au/author/15ef25c842b4a4bf/	text/html	111972	4dc3e9973b6b4127	admin, Author at Progressive Martial Arts	https://progressivemartialarts.com.au/author/15ef25c842b4a4bf/	index, follow, max-image-preview:large, max-snippet:-1, max-video-preview:-1	
https://progressivemartialarts.com.au/author/7afa0b863b49dcc6/	200	0	https://progressivemartialarts.com.au/author/7afa0b863b49dcc6/	text/html	108950	cd42d2f12b216572	Cookie, Author at Progressive Martial Arts	https://progressivemartialarts.com.au/author/7afa0b863b49dcc6/	index, follow, max-image-preview:large, max-snippet:-1, max-video-preview:-1	
https://progressivemartialarts.com.au/blog/	200	0	https://progressivemartialarts.com.au/blog/	text/html	122318	246294e387ea0dfc	Blog - Progressive Martial Arts	https://progressivemartialarts.com.au/blog/	index, follow, max-image-preview:large, max-snippet:-1, max-video-preview:-1	
https://progressivemartialarts.com.au/brand/iama/	200	0	https://progressivemartialarts.com.au/brand/iama/	text/html	139086	bac74fa765714681	IAMA Archives - Progressive Martial Arts	https://progressivemartialarts.com.au/brand/iama/	index, follow, max-image-preview:large, max-snippet:-1, max-video-preview:-1	
https://progressivemartialarts.com.au/brand/jj-machado/	200	0	https://progressivemartialarts.com.au/brand/jj-machado/	text/html	124603	2344b37fbcde08a9	JJ Machado Archives - Progressive Martial Arts	https://progressivemartialarts.com.au/brand/jj-machado/	index, follow, max-image-preview:large, max-snippet:-1, max-video-preview:-1	
https://progressivemartialarts.com.au/brand/lameco/	200	0	https://progressivemartialarts.com.au/brand/lameco/	text/html	136133	4f4a0111afa41c2a	Lameco Archives - Progressive Martial Arts	https://progressivemartialarts.com.au/brand/lameco/	index, follow, max-image-preview:large, max-snippet:-1, max-video-preview:-1	
https://progressivemartialarts.com.au/brand/morgan/	200	0	https://progressivemartialarts.com.au/brand/morgan/	text/html	115051	2b799b3878aebb08	Morgan Archives - Progressive Martial Arts	https://progressivemartialarts.com.au/brand/morgan/	index, follow, max-image-preview:large, max-snippet:-1, max-video-preview:-1	
https://progressivemartialarts.com.au/brand/progressive/	200	0	https://progressivemartialarts.com.au/brand/progressive/	text/html	136461	25271dde92977e1c	Progressive Archives - Progressive Martial Arts	https://progressivemartialarts.com.au/brand/progressive/	index, follow, max-image-preview:large, max-snippet:-1, max-video-preview:-1	
https://progressivemartialarts.com.au/brand/punch/	200	0	https://progressivemartialarts.com.au/brand/punch/	text/html	132121	f53a394529995108	Punch Archives - Progressive Martial Arts	https://progressivemartialarts.com.au/brand/punch/	index, follow, max-image-preview:large, max-snippet:-1, max-video-preview:-1	
https://progressivemartialarts.com.au/brand/revgear/	200	0	https://progressivemartialarts.com.au/brand/revgear/	text/html	114926	d05ed305d3597f60	RevGear Archives - Progressive Martial Arts	https://progressivemartialarts.com.au/brand/revgear/	index, follow, max-image-preview:large, max-snippet:-1, max-video-preview:-1	
https://progressivemartialarts.com.au/brand/sharkee/	200	0	https://progressivemartialarts.com.au/brand/sharkee/	text/html	114672	82e7faf294e9dbb2	Sharkee Archives - Progressive Martial Arts	https://progressivemartialarts.com.au/brand/sharkee/	index, follow, max-image-preview:large, max-snippet:-1, max-video-preview:-1	
https://progressivemartialarts.com.au/brand/wtba/	200	0	https://progressivemartialarts.com.au/brand/wtba/	text/html	120187	70a5dcec5c1c2021	WTBA Archives - Progressive Martial Arts	https://progressivemartialarts.com.au/brand/wtba/	index, follow, max-image-preview:large, max-snippet:-1, max-video-preview:-1	
https://progressivemartialarts.com.au/cart/	404	0	https://progressivemartialarts.com.au/cart/	text/html	104771					
https://progressivemartialarts.com.au/category/news/	200	0	https://progressivemartialarts.com.au/category/news/	text/html	112264	5a9cec2127bde848	News Archives - Progressive Martial Arts	https://progressivemartialarts.com.au/category/news/	index, follow, max-image-preview:large, max-snippet:-1, max-video-preview:-1	
https://progressivemartialarts.com.au/category/seminar/	200	0	https://progressivemartialarts.com.au/category/seminar/	text/html	109624	dcf36e7f72461569	Seminar Archives - Progressive Martial Arts	https://progressivemartialarts.com.au/category/seminar/	index, follow, max-image-preview:large, max-snippet:-1, max-video-preview:-1	
https://progressivemartialarts.com.au/category/uncategorized/	200	0	https://progressivemartialarts.com.au/category/uncategorized/	text/html	116867	54ca347f2af83fa5	Uncategorized Archives - Progressive Martial Arts	https://progressivemartialarts.com.au/category/uncategorized/	index, follow, max-image-preview:large, max-snippet:-1, max-video-preview:-1	
https://progressivemartialarts.com.au/certified-instructors-under-guro-daniel-inosanto/	200	0	https://progressivemartialarts.com.au/certified-instructors-under-guro-daniel-inosanto/	text/html	181805	f09e2779fb29e150	Certified Dan Inosanto Instructors | Progressive Martial Arts	https://progressivemartialarts.com.au/certified-instructors-under-guro-daniel-inosanto/	index, follow, max-image-preview:large, max-snippet:-1, max-video-preview:-1	Jeet Kune Do Concepts is a registered trademark and is not open for public use. To be an official instructor of Jeet Kune Do Concepts requires a person to be certified.
https://progressivemartialarts.com.au/checkout/	200	1	https://progressivemartialarts.com.au/shopping-bag/	text/html	176625	f3a6006dbacc1e49	Shopping Bag - Progressive Martial Arts	https://progressivemartialarts.com.au/shopping-bag/	noindex, follow	
https://progressivemartialarts.com.au/contact/	200	0	https://progressivemartialarts.com.au/contact/	text/html	127779	affe7b6f4493fd7e	Contact - Progressive Martial Arts	https://progressivemartialarts.com.au/contact/	index, follow, max-image-preview:large, max-snippet:-1, max-video-preview:-1	Get in touch with Progressive Martial Arts for training inquiries, class schedules, and membership details. We&#039;re here to answer your questions.
https://progressivemartialarts.com.au/courses/hair-advanced-cource/	200	0	https://progressivemartialarts.com.au/courses/hair-advanced-cource/	text/html	139191	abf491f0898769e2	Hair Advanced Cource - Progressive Martial Arts	https://progressivemartialarts.com.au/courses/hair-advanced-cource/	index, follow, max-image-preview:large, max-snippet:-1, max-video-preview:-1	
https://progressivemartialarts.com.au/courses/hair-basic-cource/	200	0	https://progressivemartialarts.com.au/courses/hair-basic-cource/	text/html	120465	1b65b142f150fc6d	Hair Basic Cource - Progressive Martial Arts	https://progressivemartialarts.com.au/courses/hair-basic-cource/	index, follow, max-image-preview:large, max-snippet:-1, max-video-preview:-1	
https://progressivemartialarts.com.au/courses/makeup-basic-cource/	200	0	https://progressivemartialarts.com.au/courses/makeup-basic-cource/	text/html	120873	0980b5c6166f7286	Makeup Basic Cource - Progressive Martial Arts	https://progressivemartialarts.com.au/courses/makeup-basic-cource/	index, follow, max-image-preview:large, max-snippet:-1, max-video-preview:-1	
https://progressivemartialarts.com.au/courses/nail-basic-cource/	200	0	https://progressivemartialarts.com.au/courses/nail-basic-cource/	text/html	120838	4c78ef90389cc215	Nail Basic Cource - Progressive Martial Arts	https://progressivemartialarts.com.au/courses/nail-basic-cource/	index, follow, max-image-preview:large, max-snippet:-1, max-video-preview:-1	
https://progressivemartialarts.com.au/grappling-bjj/	200	0	https://progressivemartialarts.com.au/grappling-bjj/	text/html	147814	4aac5e0334ea021b	BJJ &amp; Grappling Brisbane | Progressive Martial Arts Academy	https://progressivemartialarts.com.au/grappling-bjj/	index, follow, max-image-preview:large, max-snippet:-1, max-video-preview:-1	Discover the art of grappling at Progressive Martial Arts Academy in Brisbane. Learn the effectiveness of BJJ, Jun Fan Grappling &amp; Shooto Wrestling today!
https://progressivemartialarts.com.au/guro-dan-and-sifu-francis-2022-seminar-photos/	200	0	https://progressivemartialarts.com.au/guro-dan-and-sifu-francis-2022-seminar-photos/	text/html	295235	e6530db84a349974	Guro Dan &amp; Sifu Francis Seminar Photos | PMA	https://progressivemartialarts.com.au/guro-dan-and-sifu-francis-2022-seminar-photos/	index, follow, max-image-preview:large, max-snippet:-1, max-video-preview:-1	Experience the 2022 seminar moments with Guro Dan and Sifu Francis through our photo gallery, showcasing training highlights.
https://progressivemartialarts.com.au/guro-dan/	200	0	https://progressivemartialarts.com.au/guro-dan/	text/html	122223	0760964eae8f05b4	Guro Dan - Progressive Martial Arts	https://progressivemartialarts.com.au/guro-dan/	index, follow, max-image-preview:large, max-snippet:-1, max-video-preview:-1	
https://progressivemartialarts.com.au/historical-pictures-from-various-classes/	200	0	https://progressivemartialarts.com.au/historical-pictures-from-various-classes/	text/html	121533	28ebbbfa2db53ff8	Historical Martial Arts Class Photos | PMA	https://progressivemartialarts.com.au/historical-pictures-from-various-classes/	index, follow, max-image-preview:large, max-snippet:-1, max-video-preview:-1	Progressive Martial Arts Academy International has a long and proud history under Guro Dan Inosanto and the Inosanto Academy of Martial Arts.
https://progressivemartialarts.com.au/home-1-boxer/	200	0	https://progressivemartialarts.com.au/home-1-boxer/	text/html	555791	54b7491c877f7b8c	PMA Homepage - Progressive Martial Arts	https://progressivemartialarts.com.au/home-1-boxer/	index, follow, max-image-preview:large, max-snippet:-1, max-video-preview:-1	Progressive Martial Arts Academy International has a long and proud history under Guro Dan Inosanto and the Inosanto Academy of Martial Arts.
https://progressivemartialarts.com.au/jeet-kune-do-concepts/	200	0	https://progressivemartialarts.com.au/jeet-kune-do-concepts/	text/html	117507	3fbe52d2148ee16b	Jeet Kune Do | Brisbane | Progressive Martial Arts	https://progressivemartialarts.com.au/jeet-kune-do-concepts/	index, follow, max-image-preview:large, max-snippet:-1, max-video-preview:-1	Progressive Martial Arts, under Guro Dan Inosanto&#039;s guidance, delivers an authentic Jeet Kune Do experience rooted in Bruce Lee&#039;s principles. Enrol today!
https://progressivemartialarts.com.au/kali/	200	0	https://progressivemartialarts.com.au/kali/	text/html	143321	35af8554b1757542	Kali Brisbane | Filipino Martial Arts | Progressive Martial Arts	https://progressivemartialarts.com.au/kali/	index, follow, max-image-preview:large, max-snippet:-1, max-video-preview:-1	Discover the ancient Filipino martial art of Kali in Brisbane at Progressive Martial Arts. Learn practical self-defense, improve coordination &amp; fitness. Enrol today!
https://progressivemartialarts.com.au/latest-news/	200	0	https://progressivemartialarts.com.au/latest-news/	text/html	114672	e8591bfbf8f8f9ec	Latest Martial Arts News | Progressive Martial Arts Australia	https://progressivemartialarts.com.au/latest-news/	index, follow, max-image-preview:large, max-snippet:-1, max-video-preview:-1	Stay updated with the latest news in martial arts training, events, and seminars. Discover tips, updates, and inspiration from Progressive Martial Arts Australia.
https://progressivemartialarts.com.au/lee-jun-fan-gung-fu/	200	0	https://progressivemartialarts.com.au/lee-jun-fan-gung-fu/	text/html	126558	8a9142f5abb765e0	Lee Jun Fan Gung Fu | Brisbane | Progressive Martial Arts	https://progressivemartialarts.com.au/lee-jun-fan-gung-fu/	index, follow, max-image-preview:large, max-snippet:-1, max-video-preview:-1	Experience the dynamic fusion of Wing Chun, Western Boxing &amp; more in Lee Jun Fan Gung Fu. Learn the art of Jeet Kune Do at Progressive Martial Arts today
https://progressivemartialarts.com.au/links/	200	0	https://progressivemartialarts.com.au/links/	text/html	121465	0546428742d8e8bd	Links - Progressive Martial Arts	https://progressivemartialarts.com.au/links/	index, follow, max-image-preview:large, max-snippet:-1, max-video-preview:-1	Progressive Martial Arts Academy International has a long and proud history under Guro Dan Inosanto and the Inosanto Academy of Martial Arts.
https://progressivemartialarts.com.au/mini-muscles/	200	0	https://progressivemartialarts.com.au/mini-muscles/	text/html	140943	bac285b497d043d5	Mini Muscles | Classes for Kids | Progressive Martial Arts	https://progressivemartialarts.com.au/mini-muscles/	index, follow, max-image-preview:large, max-snippet:-1, max-video-preview:-1	Kids classes to help them enhance their natural attributes such as coordination, timing, speed, endurance, strength and agility. Enrol your child today!
https://progressivemartialarts.com.au/muay-thai/	200	0	https://progressivemartialarts.com.au/muay-thai/	text/html	143984	33cb9de72024b8f9	Muay Thai Brisbane | Thai Boxing | Progressive Martial Arts	https://progressivemartialarts.com.au/muay-thai/	index, follow, max-image-preview:large, max-snippet:-1, max-video-preview:-1	Learn Muay Thai in Brisbane at Progressive Martial Arts. Expert instruction, total body workout, self-defense skills &amp; more. Join us now!
https://progressivemartialarts.com.au/my-account/	404	0	https://progressivemartialarts.com.au/my-account/	text/html	104771					
https://progressivemartialarts.com.au/photos-of-cookie-with-other-instructors/	200	0	https://progressivemartialarts.com.au/photos-of-cookie-with-other-instructors/	text/html	145180	a79f22b90ea4c9af	Photos of Cookie with Martial Arts Instructors	https://progressivemartialarts.com.au/photos-of-cookie-with-other-instructors/	index, follow, max-image-preview:large, max-snippet:-1, max-video-preview:-1	View Cookie&#039;s memorable moments with fellow instructors, celebrating shared expertise and training achievements.
https://progressivemartialarts.com.au/pictures-from-earlier-seminars/	200	0	https://progressivemartialarts.com.au/pictures-from-earlier-seminars/	text/html	127145	feb814e83d949bc6	Pictures From Earlier Seminars - Progressive Martial Arts	https://progressivemartialarts.com.au/pictures-from-earlier-seminars/	index, follow, max-image-preview:large, max-snippet:-1, max-video-preview:-1	Progressive Martial Arts Academy International has a long and proud history under Guro Dan Inosanto and the Inosanto Academy of Martial Arts.
https://progressivemartialarts.com.au/pictures-master-jean-jacques-machado-seminar-2023/	200	0	https://progressivemartialarts.com.au/pictures-master-jean-jacques-machado-seminar-2023/	text/html	114790	ea58f041b91b68b3	Jean Jacques Machado Seminar Photos 2023 | PMA	https://progressivemartialarts.com.au/pictures-master-jean-jacques-machado-seminar-2023/	index, follow, max-image-preview:large, max-snippet:-1, max-video-preview:-1	View photos from the 2023 seminar with Master Jean Jacques Machado. Witness inspiring moments and highlights from this special event.
https://progressivemartialarts.com.au/pmaai-history/	200	0	https://progressivemartialarts.com.au/pmaai-history/	text/html	134808	d88d72acc13efbab	PMAAI History - Progressive Martial Arts	https://progressivemartialarts.com.au/pmaai-history/	index, follow, max-image-preview:large, max-snippet:-1, max-video-preview:-1	At Progressive Martial Arts Academy students are initially instructed in basic self defense skills that may be used immediately.
https://progressivemartialarts.com.au/pmaai-instructors-and-support-crew/	200	0	https://progressivemartialarts.com.au/pmaai-instructors-and-support-crew/	text/html	164832	662ec02bfff64ffc	PMAAI Instructors and Support Crew - Progressive Martial Arts	https://progressivemartialarts.com.au/pmaai-instructors-and-support-crew/	index, follow, max-image-preview:large, max-snippet:-1, max-video-preview:-1	Many martial arts instructors are held in high-regard in multiple arts and thus can, and often are, referred to by various interchangeable titles.
https://progressivemartialarts.com.au/product-category/ankle-guards/	200	0	https://progressivemartialarts.com.au/product-category/ankle-guards/	text/html	115193	9e7cfcca0a0299fc	Ankle Guards for Martial Arts | MMA Support | Brisbane	https://progressivemartialarts.com.au/product-category/ankle-guards/	index, follow, max-image-preview:large, max-snippet:-1, max-video-preview:-1	Shop quality ankle guards for martial arts training in Brisbane. Protect your ankles during kickboxing, Muay Thai &amp; MMA. Fast shipping Australia-wide.
https://progressivemartialarts.com.au/product-category/bag/	200	0	https://progressivemartialarts.com.au/product-category/bag/	text/html	123499	87aa4c392f35bb62	Martial Arts Gear Bags | Training Equipment Bags | Brisbane	https://progressivemartialarts.com.au/product-category/bag/	index, follow, max-image-preview:large, max-snippet:-1, max-video-preview:-1	Durable martial arts gear bags for transporting your training equipment. Perfect for JKD, Kali, BJJ &amp; Muay Thai. Shop bags online at PMAAI Brisbane.
https://progressivemartialarts.com.au/product-category/book/	200	0	https://progressivemartialarts.com.au/product-category/book/	text/html	126053	5f6dd5eff9114a42	Martial Arts Books | JKD &amp; Bruce Lee Books | Brisbane	https://progressivemartialarts.com.au/product-category/book/	index, follow, max-image-preview:large, max-snippet:-1, max-video-preview:-1	Expand your martial arts knowledge with books on Jeet Kune Do, Bruce Lee, Kali &amp; more. Essential reading for serious practitioners. Order online today.
https://progressivemartialarts.com.au/product-category/calendar/	200	0	https://progressivemartialarts.com.au/product-category/calendar/	text/html	115320	34a1f20387ce3f4e	Martial Arts Calendars | Bruce Lee Calendars | Brisbane	https://progressivemartialarts.com.au/product-category/calendar/	index, follow, max-image-preview:large, max-snippet:-1, max-video-preview:-1	Stay inspired year-round with martial arts calendars featuring Bruce Lee and legendary fighters. Perfect gift for martial arts enthusiasts. Shop now.
https://progressivemartialarts.com.au/product-category/dvd/	200	0	https://progressivemartialarts.com.au/product-category/dvd/	text/html	140206	43b46d5fba2faec0	Martial Arts Training DVDs | JKD &amp; Kali Instructional | Brisbane	https://progressivemartialarts.com.au/product-category/dvd/	index, follow, max-image-preview:large, max-snippet:-1, max-video-preview:-1	Master techniques at home with instructional DVDs on Jeet Kune Do, Kali, BJJ &amp; more. Learn from certified instructors. Browse our collection today.
https://progressivemartialarts.com.au/product-category/focus-mitts/	200	0	https://progressivemartialarts.com.au/product-category/focus-mitts/	text/html	124757	153d46d6d39c0b9e	Focus Mitts &amp; Thai Pads | Boxing Training Equipment | Brisbane	https://progressivemartialarts.com.au/product-category/focus-mitts/	index, follow, max-image-preview:large, max-snippet:-1, max-video-preview:-1	Professional focus mitts and Thai pads for striking training. Essential gear for boxing, Muay Thai &amp; JKD. Quality equipment for serious athletes.
https://progressivemartialarts.com.au/product-category/gis/	200	0	https://progressivemartialarts.com.au/product-category/gis/	text/html	119833	d604e86a11850cf0	BJJ Gis &amp; Martial Arts Uniforms | Brazilian Jiu-Jitsu | Brisbane	https://progressivemartialarts.com.au/product-category/gis/	index, follow, max-image-preview:large, max-snippet:-1, max-video-preview:-1	High-quality BJJ gis and martial arts uniforms for training and competition. Durable, comfortable and built to last. Shop gi collection online now.
https://progressivemartialarts.com.au/product-category/gloves/	200	0	https://progressivemartialarts.com.au/product-category/gloves/	text/html	120080	f9ef933046d22b8a	Boxing &amp; MMA Gloves | Martial Arts Training Gloves | Brisbane	https://progressivemartialarts.com.au/product-category/gloves/	index, follow, max-image-preview:large, max-snippet:-1, max-video-preview:-1	Premium boxing gloves, MMA gloves and training gear for all martial arts disciplines. Protect your hands during sparring. Fast delivery Australia.
https://progressivemartialarts.com.au/product-category/hats/	200	0	https://progressivemartialarts.com.au/product-category/hats/	text/html	115434	645f0c044455809b	Martial Arts Hats &amp; Caps | PMAAI Merchandise | Brisbane	https://progressivemartialarts.com.au/product-category/hats/	index, follow, max-image-preview:large, max-snippet:-1, max-video-preview:-1	Represent your academy with PMAAI martial arts hats and caps. Stylish headwear for training and casual wear. Limited stock available—order today.
https://progressivemartialarts.com.au/product-category/hoodies-and-jackets/	200	0	https://progressivemartialarts.com.au/product-category/hoodies-and-jackets/	text/html	123230	26cdd19a03c2f242	Martial Arts Hoodies &amp; Jackets | Training Apparel | Brisbane	https://progressivemartialarts.com.au/product-category/hoodies-and-jackets/	index, follow, max-image-preview:large, max-snippet:-1, max-video-preview:-1	Stay warm in style with martial arts hoodies and jackets. PMAAI branded apparel for training and lifestyle. Quality clothing for martial artists.
https://progressivemartialarts.com.au/product-category/kids-hoodies/	200	0	https://progressivemartialarts.com.au/product-category/kids-hoodies/	text/html	115010	04c38db500647d39	Kid&#039;s Hoodies Archives - Progressive Martial Arts	https://progressivemartialarts.com.au/product-category/kids-hoodies/	index, follow, max-image-preview:large, max-snippet:-1, max-video-preview:-1	
https://progressivemartialarts.com.au/product-category/mini-muscles/	200	0	https://progressivemartialarts.com.au/product-category/mini-muscles/	text/html	114867	141441d8495aac4b	Mini Muscles Archives - Progressive Martial Arts	https://progressivemartialarts.com.au/product-category/mini-muscles/	index, follow, max-image-preview:large, max-snippet:-1, max-video-preview:-1	
https://progressivemartialarts.com.au/product-category/pants/	200	0	https://progressivemartialarts.com.au/product-category/pants/	text/html	126043	4bb9c697247f9a47	Pants Archives - Progressive Martial Arts	https://progressivemartialarts.com.au/product-category/pants/	index, follow, max-image-preview:large, max-snippet:-1, max-video-preview:-1	
https://progressivemartialarts.com.au/product-category/patches/	200	0	https://progressivemartialarts.com.au/product-category/patches/	text/html	117985	2900faa0cd01f13a	Martial Arts Patches | Customised Embroidered Badges	https://progressivemartialarts.com.au/product-category/patches/	index, follow, max-image-preview:large, max-snippet:-1, max-video-preview:-1	Personalise your martial arts uniform with high-quality patches. Choose from a range of embroidered designs that represent your skills and achievements.
https://progressivemartialarts.com.au/product-category/posters/	200	0	https://progressivemartialarts.com.au/product-category/posters/	text/html	116516	76222bdc3c41e31a	Martial Arts Posters | Inspiring Designs for Dojos &amp; Homes	https://progressivemartialarts.com.au/product-category/posters/	index, follow, max-image-preview:large, max-snippet:-1, max-video-preview:-1	Add motivation to your training space with inspiring martial arts posters. Discover unique designs perfect for dojos, gyms, or home décor.
https://progressivemartialarts.com.au/product-category/rash-guards/	200	0	https://progressivemartialarts.com.au/product-category/rash-guards/	text/html	118983	1e82a072b311fdf8	Rash Guards Archives - Progressive Martial Arts	https://progressivemartialarts.com.au/product-category/rash-guards/	index, follow, max-image-preview:large, max-snippet:-1, max-video-preview:-1	
https://progressivemartialarts.com.au/product-category/seminar/	200	0	https://progressivemartialarts.com.au/product-category/seminar/	text/html	118731	fab4abd7c2d70577	Martial Arts Seminars | Progressive Martial Arts Australia	https://progressivemartialarts.com.au/product-category/seminar/	index, follow, max-image-preview:large, max-snippet:-1, max-video-preview:-1	Join expert martial arts seminars &amp; workshops in Australia. Learn from professional instructors at Progressive Martial Arts. Book your spot online today.
https://progressivemartialarts.com.au/product-category/shorts/	200	0	https://progressivemartialarts.com.au/product-category/shorts/	text/html	125337	2ed9fca9189c2856	Shorts Archives - Progressive Martial Arts	https://progressivemartialarts.com.au/product-category/shorts/	index, follow, max-image-preview:large, max-snippet:-1, max-video-preview:-1	
https://progressivemartialarts.com.au/product-category/singlets/	200	0	https://progressivemartialarts.com.au/product-category/singlets/	text/html	129593	31b9e27b1443f022	Singlets Archives - Progressive Martial Arts	https://progressivemartialarts.com.au/product-category/singlets/	index, follow, max-image-preview:large, max-snippet:-1, max-video-preview:-1	
https://progressivemartialarts.com.au/product-category/t-shirts/	200	0	https://progressivemartialarts.com.au/product-category/t-shirts/	text/html	140230	36eb7adac441883c	T-Shirts Archives - Progressive Martial Arts	https://progressivemartialarts.com.au/product-category/t-shirts/	index, follow, max-image-preview:large, max-snippet:-1, max-video-preview:-1	
https://progressivemartialarts.com.au/product-category/thai-pads/	200	0	https://progressivemartialarts.com.au/product-category/thai-pads/	text/html	116809	6cd159d8869cbfd6	Thai Pads Archives - Progressive Martial Arts	https://progressivemartialarts.com.au/product-category/thai-pads/	index, follow, max-image-preview:large, max-snippet:-1, max-video-preview:-1	
https://progressivemartialarts.com.au/product-category/towel/	200	0	https://progressivemartialarts.com.au/product-category/towel/	text/html	118532	09345a098159a31b	Towel Archives - Progressive Martial Arts	https://progressivemartialarts.com.au/product-category/towel/	index, follow, max-image-preview:large, max-snippet:-1, max-video-preview:-1	
https://progressivemartialarts.com.au/product-category/training-equipment/	200	0	https://progressivemartialarts.com.au/product-category/training-equipment/	text/html	140933	42a5314e36ec34fe	Martial Arts Training Equipment | MMA Gear &amp; Weapons | Brisbane	https://progressivemartialarts.com.au/product-category/training-equipment/	index, follow, max-image-preview:large, max-snippet:-1, max-video-preview:-1	Shop professional martial arts training equipment for JKD, Kali, BJJ, Muay Thai and MMA. Quality gear from trusted brands. Fast delivery across Australia.
https://progressivemartialarts.com.au/product-category/wraps/	200	0	https://progressivemartialarts.com.au/product-category/wraps/	text/html	119828	b47c256bb4ccffe1	Wraps Archives - Progressive Martial Arts	https://progressivemartialarts.com.au/product-category/wraps/	index, follow, max-image-preview:large, max-snippet:-1, max-video-preview:-1	
https://progressivemartialarts.com.au/product-tag/accessories/	200	0	https://progressivemartialarts.com.au/product-tag/accessories/	text/html	117122	b34bb87a222c89a3	Accessories Archives - Progressive Martial Arts	https://progressivemartialarts.com.au/product-tag/accessories/	index, follow, max-image-preview:large, max-snippet:-1, max-video-preview:-1	
https://progressivemartialarts.com.au/product-tag/ajarn-chai-sirisute/	200	0	https://progressivemartialarts.com.au/product-tag/ajarn-chai-sirisute/	text/html	139609	bf8a94476b2e7e6a	Ajarn Chai Sirisute Archives - Progressive Martial Arts	https://progressivemartialarts.com.au/product-tag/ajarn-chai-sirisute/	index, follow, max-image-preview:large, max-snippet:-1, max-video-preview:-1	
https://progressivemartialarts.com.au/product-tag/ajarn-dan-inosanto/	200	0	https://progressivemartialarts.com.au/product-tag/ajarn-dan-inosanto/	text/html	113283	8a5b4fccc2c6094d	Ajarn Dan Inosanto Archives - Progressive Martial Arts	https://progressivemartialarts.com.au/product-tag/ajarn-dan-inosanto/	index, follow, max-image-preview:large, max-snippet:-1, max-video-preview:-1	
https://progressivemartialarts.com.au/product-tag/all-dvd/	200	0	https://progressivemartialarts.com.au/product-tag/all-dvd/	text/html	139136	0940a58930fb2824	All DVD Archives - Progressive Martial Arts	https://progressivemartialarts.com.au/product-tag/all-dvd/	index, follow, max-image-preview:large, max-snippet:-1, max-video-preview:-1	
https://progressivemartialarts.com.au/product-tag/aluminium/	200	0	https://progressivemartialarts.com.au/product-tag/aluminium/	text/html	118851	50a8964e2c825140	Aluminium Archives - Progressive Martial Arts	https://progressivemartialarts.com.au/product-tag/aluminium/	index, follow, max-image-preview:large, max-snippet:-1, max-video-preview:-1	
https://progressivemartialarts.com.au/product-tag/aluminum-training-dagger/	200	0	https://progressivemartialarts.com.au/product-tag/aluminum-training-dagger/	text/html	138659	f8aec67da8da8131	Aluminum Training Dagger Archives - Progressive Martial Arts	https://progressivemartialarts.com.au/product-tag/aluminum-training-dagger/	index, follow, max-image-preview:large, max-snippet:-1, max-video-preview:-1	
https://progressivemartialarts.com.au/product-tag/aluminum-training-sword/	200	0	https://progressivemartialarts.com.au/product-tag/aluminum-training-sword/	text/html	115778	ba0a4b8d9e9b1cfd	Aluminum Training Sword Archives - Progressive Martial Arts	https://progressivemartialarts.com.au/product-tag/aluminum-training-sword/	index, follow, max-image-preview:large, max-snippet:-1, max-video-preview:-1	
https://progressivemartialarts.com.au/product-tag/angels/	200	0	https://progressivemartialarts.com.au/product-tag/angels/	text/html	113758	df49fc52f12ca913	Angels Archives - Progressive Martial Arts	https://progressivemartialarts.com.au/product-tag/angels/	index, follow, max-image-preview:large, max-snippet:-1, max-video-preview:-1	
https://progressivemartialarts.com.au/product-tag/anklets/	200	0	https://progressivemartialarts.com.au/product-tag/anklets/	text/html	113033	e0defbe225a9c4c3	Anklets Archives - Progressive Martial Arts	https://progressivemartialarts.com.au/product-tag/anklets/	index, follow, max-image-preview:large, max-snippet:-1, max-video-preview:-1	
https://progressivemartialarts.com.au/product-tag/area-3/	200	0	https://progressivemartialarts.com.au/product-tag/area-3/	text/html	115172	5e5c414c6a6e849c	Area 3 Archives - Progressive Martial Arts	https://progressivemartialarts.com.au/product-tag/area-3/	index, follow, max-image-preview:large, max-snippet:-1, max-video-preview:-1	
https://progressivemartialarts.com.au/product-tag/area-8/	200	0	https://progressivemartialarts.com.au/product-tag/area-8/	text/html	115893	f3f81e05163d70ec	Area 8 Archives - Progressive Martial Arts	https://progressivemartialarts.com.au/product-tag/area-8/	index, follow, max-image-preview:large, max-snippet:-1, max-video-preview:-1	
https://progressivemartialarts.com.au/product-tag/arnis/	200	0	https://progressivemartialarts.com.au/product-tag/arnis/	text/html	137962	cf62cc6ef580f787	Arnis Archives - Progressive Martial Arts	https://progressivemartialarts.com.au/product-tag/arnis/	index, follow, max-image-preview:large, max-snippet:-1, max-video-preview:-1	
https://progressivemartialarts.com.au/product-tag/axe/	200	0	https://progressivemartialarts.com.au/product-tag/axe/	text/html	113616	a3d7e0c8fb5329d7	Axe Archives - Progressive Martial Arts	https://progressivemartialarts.com.au/product-tag/axe/	index, follow, max-image-preview:large, max-snippet:-1, max-video-preview:-1	
https://progressivemartialarts.com.au/product-tag/bags/	200	0	https://progressivemartialarts.com.au/product-tag/bags/	text/html	118070	c661c4fb8b04d82b	Bags Archives - Progressive Martial Arts	https://progressivemartialarts.com.au/product-tag/bags/	index, follow, max-image-preview:large, max-snippet:-1, max-video-preview:-1	
https://progressivemartialarts.com.au/product-tag/baston/	200	0	https://progressivemartialarts.com.au/product-tag/baston/	text/html	117920	28d15efea1d4d6da	Baston Archives - Progressive Martial Arts	https://progressivemartialarts.com.au/product-tag/baston/	index, follow, max-image-preview:large, max-snippet:-1, max-video-preview:-1	
https://progressivemartialarts.com.au/product-tag/bersilat/	200	0	https://progressivemartialarts.com.au/product-tag/bersilat/	text/html	115459	43d5f19a8027d35d	Bersilat Archives - Progressive Martial Arts	https://progressivemartialarts.com.au/product-tag/bersilat/	index, follow, max-image-preview:large, max-snippet:-1, max-video-preview:-1	
https://progressivemartialarts.com.au/product-tag/bjj/	200	0	https://progressivemartialarts.com.au/product-tag/bjj/	text/html	141192	2e7b39a9a0a74fc6	BJJ Archives - Progressive Martial Arts	https://progressivemartialarts.com.au/product-tag/bjj/	index, follow, max-image-preview:large, max-snippet:-1, max-video-preview:-1	
https://progressivemartialarts.com.au/product-tag/blades/	200	0	https://progressivemartialarts.com.au/product-tag/blades/	text/html	138479	dda6a606242ac830	Blades Archives - Progressive Martial Arts	https://progressivemartialarts.com.au/product-tag/blades/	index, follow, max-image-preview:large, max-snippet:-1, max-video-preview:-1	
https://progressivemartialarts.com.au/product-tag/book/	200	0	https://progressivemartialarts.com.au/product-tag/book/	text/html	125484	c834e507483ac071	Book Archives - Progressive Martial Arts	https://progressivemartialarts.com.au/product-tag/book/	index, follow, max-image-preview:large, max-snippet:-1, max-video-preview:-1	
https://progressivemartialarts.com.au/product-tag/boxing-gloves/	200	0	https://progressivemartialarts.com.au/product-tag/boxing-gloves/	text/html	116305	88bbd93d6628ee9d	Boxing Gloves Archives - Progressive Martial Arts	https://progressivemartialarts.com.au/product-tag/boxing-gloves/	index, follow, max-image-preview:large, max-snippet:-1, max-video-preview:-1	
https://progressivemartialarts.com.au/product-tag/boxing/	200	0	https://progressivemartialarts.com.au/product-tag/boxing/	text/html	115418	9831cab9be19ff8e	Boxing Archives - Progressive Martial Arts	https://progressivemartialarts.com.au/product-tag/boxing/	index, follow, max-image-preview:large, max-snippet:-1, max-video-preview:-1	
https://progressivemartialarts.com.au/product-tag/brazilian-jiu-jitsu-bjj/	200	0	https://progressivemartialarts.com.au/product-tag/brazilian-jiu-jitsu-bjj/	text/html	125638	2da2a85dcf835f87	Brazilian Jiu Jitsu/BJJ Archives - Progressive Martial Arts	https://progressivemartialarts.com.au/product-tag/brazilian-jiu-jitsu-bjj/	index, follow, max-image-preview:large, max-snippet:-1, max-video-preview:-1	
https://progressivemartialarts.com.au/product-tag/brazilian-jiu-jitsu/	200	0	https://progressivemartialarts.com.au/product-tag/brazilian-jiu-jitsu/	text/html	125269	b44cedbdfa39646d	Brazilian Jiu Jitsu Archives - Progressive Martial Arts	https://progressivemartialarts.com.au/product-tag/brazilian-jiu-jitsu/	index, follow, max-image-preview:large, max-snippet:-1, max-video-preview:-1	
https://progressivemartialarts.com.au/product-tag/bruce-lee/	200	0	https://progressivemartialarts.com.au/product-tag/bruce-lee/	text/html	142304	d140e54d85d989ce	Bruce Lee Archives - Progressive Martial Arts	https://progressivemartialarts.com.au/product-tag/bruce-lee/	index, follow, max-image-preview:large, max-snippet:-1, max-video-preview:-1	
https://progressivemartialarts.com.au/product-tag/cambodian-kickboxing/	200	0	https://progressivemartialarts.com.au/product-tag/cambodian-kickboxing/	text/html	142970	a99d40fafe23d81a	Cambodian Kickboxing Archives - Progressive Martial Arts	https://progressivemartialarts.com.au/product-tag/cambodian-kickboxing/	index, follow, max-image-preview:large, max-snippet:-1, max-video-preview:-1	
https://progressivemartialarts.com.au/product-tag/cane/	200	0	https://progressivemartialarts.com.au/product-tag/cane/	text/html	113631	59ebda545c53b613	Cane Archives - Progressive Martial Arts	https://progressivemartialarts.com.au/product-tag/cane/	index, follow, max-image-preview:large, max-snippet:-1, max-video-preview:-1	
https://progressivemartialarts.com.au/product-tag/carlos-machado/	200	0	https://progressivemartialarts.com.au/product-tag/carlos-machado/	text/html	113573	f1da826730e773ab	Carlos Machado Archives - Progressive Martial Arts	https://progressivemartialarts.com.au/product-tag/carlos-machado/	index, follow, max-image-preview:large, max-snippet:-1, max-video-preview:-1	
https://progressivemartialarts.com.au/product-tag/catch/	200	0	https://progressivemartialarts.com.au/product-tag/catch/	text/html	122098	25cf102b6c3774a2	Catch Archives - Progressive Martial Arts	https://progressivemartialarts.com.au/product-tag/catch/	index, follow, max-image-preview:large, max-snippet:-1, max-video-preview:-1	
https://progressivemartialarts.com.au/product-tag/cd/	200	0	https://progressivemartialarts.com.au/product-tag/cd/	text/html	114986	e34eb3765369d0c2	CD Archives - Progressive Martial Arts	https://progressivemartialarts.com.au/product-tag/cd/	index, follow, max-image-preview:large, max-snippet:-1, max-video-preview:-1	
https://progressivemartialarts.com.au/product-tag/chi-sao/	200	0	https://progressivemartialarts.com.au/product-tag/chi-sao/	text/html	113869	29006b7be74dd6c7	Chi Sao Archives - Progressive Martial Arts	https://progressivemartialarts.com.au/product-tag/chi-sao/	index, follow, max-image-preview:large, max-snippet:-1, max-video-preview:-1	
https://progressivemartialarts.com.au/product-tag/combat-submission-wrestling-csw/	200	0	https://progressivemartialarts.com.au/product-tag/combat-submission-wrestling-csw/	text/html	117781	ad47b583b36c7a14	Combat Submission Wrestling/CSW Archives - Progressive Martial Arts	https://progressivemartialarts.com.au/product-tag/combat-submission-wrestling-csw/	index, follow, max-image-preview:large, max-snippet:-1, max-video-preview:-1	
https://progressivemartialarts.com.au/product-tag/cotton/	200	0	https://progressivemartialarts.com.au/product-tag/cotton/	text/html	113092	19a2d87b11e8ca16	cotton Archives - Progressive Martial Arts	https://progressivemartialarts.com.au/product-tag/cotton/	index, follow, max-image-preview:large, max-snippet:-1, max-video-preview:-1	
https://progressivemartialarts.com.au/product-tag/definitive-dvd/	200	0	https://progressivemartialarts.com.au/product-tag/definitive-dvd/	text/html	134735	148d2c336e8fb06d	Definitive DVD Archives - Progressive Martial Arts	https://progressivemartialarts.com.au/product-tag/definitive-dvd/	index, follow, max-image-preview:large, max-snippet:-1, max-video-preview:-1	
https://progressivemartialarts.com.au/product-tag/deshon/	200	0	https://progressivemartialarts.com.au/product-tag/deshon/	text/html	113571	abd6a96ac6855aa0	Deshon Archives - Progressive Martial Arts	https://progressivemartialarts.com.au/product-tag/deshon/	index, follow, max-image-preview:large, max-snippet:-1, max-video-preview:-1	
https://progressivemartialarts.com.au/product-tag/dirty-boxing/	200	0	https://progressivemartialarts.com.au/product-tag/dirty-boxing/	text/html	113701	a2bb977d92f52635	Dirty boxing Archives - Progressive Martial Arts	https://progressivemartialarts.com.au/product-tag/dirty-boxing/	index, follow, max-image-preview:large, max-snippet:-1, max-video-preview:-1	
https://progressivemartialarts.com.au/product-tag/double-stick/	200	0	https://progressivemartialarts.com.au/product-tag/double-stick/	text/html	113751	732440c17708bb55	Double Stick Archives - Progressive Martial Arts	https://progressivemartialarts.com.au/product-tag/double-stick/	index, follow, max-image-preview:large, max-snippet:-1, max-video-preview:-1	
https://progressivemartialarts.com.au/product-tag/drums/	200	0	https://progressivemartialarts.com.au/product-tag/drums/	text/html	113292	164774a5ac87fea0	Drums Archives - Progressive Martial Arts	https://progressivemartialarts.com.au/product-tag/drums/	index, follow, max-image-preview:large, max-snippet:-1, max-video-preview:-1	
https://progressivemartialarts.com.au/product-tag/duffle-bag/	200	0	https://progressivemartialarts.com.au/product-tag/duffle-bag/	text/html	113392	bca826b2f3fdf53c	Duffle bag Archives - Progressive Martial Arts	https://progressivemartialarts.com.au/product-tag/duffle-bag/	index, follow, max-image-preview:large, max-snippet:-1, max-video-preview:-1	
https://progressivemartialarts.com.au/product-tag/empty-hand/	200	0	https://progressivemartialarts.com.au/product-tag/empty-hand/	text/html	113226	d59526fadf7de5eb	Empty Hand Archives - Progressive Martial Arts	https://progressivemartialarts.com.au/product-tag/empty-hand/	index, follow, max-image-preview:large, max-snippet:-1, max-video-preview:-1	
https://progressivemartialarts.com.au/product-tag/escrima/	200	0	https://progressivemartialarts.com.au/product-tag/escrima/	text/html	133371	1a28a155785bd0e1	escrima Archives - Progressive Martial Arts	https://progressivemartialarts.com.au/product-tag/escrima/	index, follow, max-image-preview:large, max-snippet:-1, max-video-preview:-1	
https://progressivemartialarts.com.au/product-tag/eskrima-sticks/	200	0	https://progressivemartialarts.com.au/product-tag/eskrima-sticks/	text/html	120811	df9c348120a63f12	Eskrima Sticks Archives - Progressive Martial Arts	https://progressivemartialarts.com.au/product-tag/eskrima-sticks/	index, follow, max-image-preview:large, max-snippet:-1, max-video-preview:-1	
https://progressivemartialarts.com.au/product-tag/eskrima/	200	0	https://progressivemartialarts.com.au/product-tag/eskrima/	text/html	140660	d6ae06e31e770878	eskrima Archives - Progressive Martial Arts	https://progressivemartialarts.com.au/product-tag/eskrima/	index, follow, max-image-preview:large, max-snippet:-1, max-video-preview:-1	
https://progressivemartialarts.com.au/product-tag/ffia/	200	0	https://progressivemartialarts.com.au/product-tag/ffia/	text/html	113885	f7707fd5a9010833	FFIA Archives - Progressive Martial Arts	https://progressivemartialarts.com.au/product-tag/ffia/	index, follow, max-image-preview:large, max-snippet:-1, max-video-preview:-1	
https://progressivemartialarts.com.au/product-tag/filipino-american-history/	200	0	https://progressivemartialarts.com.au/product-tag/filipino-american-history/	text/html	113490	e34bf80fd1ed4cf5	Filipino-American history Archives - Progressive Martial Arts	https://progressivemartialarts.com.au/product-tag/filipino-american-history/	index, follow, max-image-preview:large, max-snippet:-1, max-video-preview:-1	
https://progressivemartialarts.com.au/product-tag/filipino-boxing/	200	0	https://progressivemartialarts.com.au/product-tag/filipino-boxing/	text/html	115359	1ce2bf91aa2e7816	Filipino Boxing Archives - Progressive Martial Arts	https://progressivemartialarts.com.au/product-tag/filipino-boxing/	index, follow, max-image-preview:large, max-snippet:-1, max-video-preview:-1	
https://progressivemartialarts.com.au/product-tag/filipino-martial-art/	200	0	https://progressivemartialarts.com.au/product-tag/filipino-martial-art/	text/html	136906	fe409c82c9efa0e9	Filipino martial art Archives - Progressive Martial Arts	https://progressivemartialarts.com.au/product-tag/filipino-martial-art/	index, follow, max-image-preview:large, max-snippet:-1, max-video-preview:-1	
https://progressivemartialarts.com.au/product-tag/filipino-martial-arts-fma/	200	0	https://progressivemartialarts.com.au/product-tag/filipino-martial-arts-fma/	text/html	118680	b47c354f72618e10	Filipino Martial Arts/FMA Archives - Progressive Martial Arts	https://progressivemartialarts.com.au/product-tag/filipino-martial-arts-fma/	index, follow, max-image-preview:large, max-snippet:-1, max-video-preview:-1	
https://progressivemartialarts.com.au/product-tag/filipino-martial-arts/	200	0	https://progressivemartialarts.com.au/product-tag/filipino-martial-arts/	text/html	140510	6da3a76159e61091	Filipino Martial Arts Archives - Progressive Martial Arts	https://progressivemartialarts.com.au/product-tag/filipino-martial-arts/	index, follow, max-image-preview:large, max-snippet:-1, max-video-preview:-1	
https://progressivemartialarts.com.au/product-tag/fma/	200	0	https://progressivemartialarts.com.au/product-tag/fma/	text/html	138984	c4a952597f8892b8	FMA Archives - Progressive Martial Arts	https://progressivemartialarts.com.au/product-tag/fma/	index, follow, max-image-preview:large, max-snippet:-1, max-video-preview:-1	
https://progressivemartialarts.com.au/product-tag/focus-mitts/	200	0	https://progressivemartialarts.com.au/product-tag/focus-mitts/	text/html	118730	de6fbc3553117dc8	Focus Mitts Archives - Progressive Martial Arts	https://progressivemartialarts.com.au/product-tag/focus-mitts/	index, follow, max-image-preview:large, max-snippet:-1, max-video-preview:-1	
https://progressivemartialarts.com.au/product-tag/focus-paddles/	200	0	https://progressivemartialarts.com.au/product-tag/focus-paddles/	text/html	113581	1ca4a81a8df64f1e	Focus Paddles Archives - Progressive Martial Arts	https://progressivemartialarts.com.au/product-tag/focus-paddles/	index, follow, max-image-preview:large, max-snippet:-1, max-video-preview:-1	
https://progressivemartialarts.com.au/product-tag/fong-dvd/	200	0	https://progressivemartialarts.com.au/product-tag/fong-dvd/	text/html	114523	bb4d3305d5e5c134	Fong DVD Archives - Progressive Martial Arts	https://progressivemartialarts.com.au/product-tag/fong-dvd/	index, follow, max-image-preview:large, max-snippet:-1, max-video-preview:-1	
https://progressivemartialarts.com.au/product-tag/gi-patch-kit/	200	0	https://progressivemartialarts.com.au/product-tag/gi-patch-kit/	text/html	113780	96419445244c0876	Gi Patch Kit Archives - Progressive Martial Arts	https://progressivemartialarts.com.au/product-tag/gi-patch-kit/	index, follow, max-image-preview:large, max-snippet:-1, max-video-preview:-1	
https://progressivemartialarts.com.au/product-tag/gi-patch/	200	0	https://progressivemartialarts.com.au/product-tag/gi-patch/	text/html	113800	56181b9ff70f06a5	Gi Patch Archives - Progressive Martial Arts	https://progressivemartialarts.com.au/product-tag/gi-patch/	index, follow, max-image-preview:large, max-snippet:-1, max-video-preview:-1	
https://progressivemartialarts.com.au/product-tag/grappling/	200	0	https://progressivemartialarts.com.au/product-tag/grappling/	text/html	141687	9a24282ff660ae9a	Grappling Archives - Progressive Martial Arts	https://progressivemartialarts.com.au/product-tag/grappling/	index, follow, max-image-preview:large, max-snippet:-1, max-video-preview:-1	
https://progressivemartialarts.com.au/product-tag/gung-fu/	200	0	https://progressivemartialarts.com.au/product-tag/gung-fu/	text/html	113930	01b79ee16023fc0b	Gung fu Archives - Progressive Martial Arts	https://progressivemartialarts.com.au/product-tag/gung-fu/	index, follow, max-image-preview:large, max-snippet:-1, max-video-preview:-1	
https://progressivemartialarts.com.au/product-tag/guro-dan-inosanto/	200	0	https://progressivemartialarts.com.au/product-tag/guro-dan-inosanto/	text/html	139309	8c98d6f620ff7591	Guro Dan Inosanto Archives - Progressive Martial Arts	https://progressivemartialarts.com.au/product-tag/guro-dan-inosanto/	index, follow, max-image-preview:large, max-snippet:-1, max-video-preview:-1	
https://progressivemartialarts.com.au/product-tag/guru-dan-inosanto/	200	0	https://progressivemartialarts.com.au/product-tag/guru-dan-inosanto/	text/html	113602	6cf35fe52c6776f0	Guru Dan Inosanto Archives - Progressive Martial Arts	https://progressivemartialarts.com.au/product-tag/guru-dan-inosanto/	index, follow, max-image-preview:large, max-snippet:-1, max-video-preview:-1	
https://progressivemartialarts.com.au/product-tag/guru/	200	0	https://progressivemartialarts.com.au/product-tag/guru/	text/html	113703	7acd4608ad6bc27b	Guru Archives - Progressive Martial Arts	https://progressivemartialarts.com.au/product-tag/guru/	index, follow, max-image-preview:large, max-snippet:-1, max-video-preview:-1	
https://progressivemartialarts.com.au/product-tag/hoodie/	200	0	https://progressivemartialarts.com.au/product-tag/hoodie/	text/html	117449	52609ccdc67d4e1a	Hoodie Archives - Progressive Martial Arts	https://progressivemartialarts.com.au/product-tag/hoodie/	index, follow, max-image-preview:large, max-snippet:-1, max-video-preview:-1	
https://progressivemartialarts.com.au/product-tag/hoodies/	200	0	https://progressivemartialarts.com.au/product-tag/hoodies/	text/html	114591	f5909c0967e7826c	Hoodies Archives - Progressive Martial Arts	https://progressivemartialarts.com.au/product-tag/hoodies/	index, follow, max-image-preview:large, max-snippet:-1, max-video-preview:-1	
https://progressivemartialarts.com.au/product-tag/ikat/	200	0	https://progressivemartialarts.com.au/product-tag/ikat/	text/html	135878	b383e8ad72a9d5a3	Ikat Archives - Progressive Martial Arts	https://progressivemartialarts.com.au/product-tag/ikat/	index, follow, max-image-preview:large, max-snippet:-1, max-video-preview:-1	
https://progressivemartialarts.com.au/product-tag/indonesia/	200	0	https://progressivemartialarts.com.au/product-tag/indonesia/	text/html	113749	7884742b4f280d09	Indonesia Archives - Progressive Martial Arts	https://progressivemartialarts.com.au/product-tag/indonesia/	index, follow, max-image-preview:large, max-snippet:-1, max-video-preview:-1	
https://progressivemartialarts.com.au/product-tag/indonesian/	200	0	https://progressivemartialarts.com.au/product-tag/indonesian/	text/html	113204	aa15969ff5cfa4bb	Indonesian Archives - Progressive Martial Arts	https://progressivemartialarts.com.au/product-tag/indonesian/	index, follow, max-image-preview:large, max-snippet:-1, max-video-preview:-1	
https://progressivemartialarts.com.au/product-tag/inosanto-academy/	200	0	https://progressivemartialarts.com.au/product-tag/inosanto-academy/	text/html	139570	5183fad45c917f20	Inosanto Academy Archives - Progressive Martial Arts	https://progressivemartialarts.com.au/product-tag/inosanto-academy/	index, follow, max-image-preview:large, max-snippet:-1, max-video-preview:-1	
https://progressivemartialarts.com.au/product-tag/inosanto-dvd/	200	0	https://progressivemartialarts.com.au/product-tag/inosanto-dvd/	text/html	142723	e832e9448699e28f	Inosanto DVD Archives - Progressive Martial Arts	https://progressivemartialarts.com.au/product-tag/inosanto-dvd/	index, follow, max-image-preview:large, max-snippet:-1, max-video-preview:-1	
https://progressivemartialarts.com.au/product-tag/inosanto/	200	0	https://progressivemartialarts.com.au/product-tag/inosanto/	text/html	136064	95f6902d8907bb4f	Inosanto Archives - Progressive Martial Arts	https://progressivemartialarts.com.au/product-tag/inosanto/	index, follow, max-image-preview:large, max-snippet:-1, max-video-preview:-1	
https://progressivemartialarts.com.au/product-tag/jean-jacques-machado/	200	0	https://progressivemartialarts.com.au/product-tag/jean-jacques-machado/	text/html	115524	4d805910b0dae8b0	Jean Jacques Machado Archives - Progressive Martial Arts	https://progressivemartialarts.com.au/product-tag/jean-jacques-machado/	index, follow, max-image-preview:large, max-snippet:-1, max-video-preview:-1	
https://progressivemartialarts.com.au/product-tag/jeet-kune-do/	200	0	https://progressivemartialarts.com.au/product-tag/jeet-kune-do/	text/html	115676	618edf147646c6e9	Jeet Kune Do Archives - Progressive Martial Arts	https://progressivemartialarts.com.au/product-tag/jeet-kune-do/	index, follow, max-image-preview:large, max-snippet:-1, max-video-preview:-1	
https://progressivemartialarts.com.au/product-tag/jkd/	200	0	https://progressivemartialarts.com.au/product-tag/jkd/	text/html	140374	ca9deef9e6c581fb	JKD Archives - Progressive Martial Arts	https://progressivemartialarts.com.au/product-tag/jkd/	index, follow, max-image-preview:large, max-snippet:-1, max-video-preview:-1	
https://progressivemartialarts.com.au/product-tag/john-lacoste/	200	0	https://progressivemartialarts.com.au/product-tag/john-lacoste/	text/html	113712	726edf3e6e8834b4	John LaCoste Archives - Progressive Martial Arts	https://progressivemartialarts.com.au/product-tag/john-lacoste/	index, follow, max-image-preview:large, max-snippet:-1, max-video-preview:-1	
https://progressivemartialarts.com.au/product-tag/john-machado/	200	0	https://progressivemartialarts.com.au/product-tag/john-machado/	text/html	113543	f14eec90a22411d0	John Machado Archives - Progressive Martial Arts	https://progressivemartialarts.com.au/product-tag/john-machado/	index, follow, max-image-preview:large, max-snippet:-1, max-video-preview:-1	
https://progressivemartialarts.com.au/product-tag/jun-fan-gung-fu-jkd/	200	0	https://progressivemartialarts.com.au/product-tag/jun-fan-gung-fu-jkd/	text/html	130763	662b6691fa97843c	Jun fan Gung Fu/JKD Archives - Progressive Martial Arts	https://progressivemartialarts.com.au/product-tag/jun-fan-gung-fu-jkd/	index, follow, max-image-preview:large, max-snippet:-1, max-video-preview:-1	
https://progressivemartialarts.com.au/product-tag/jun-fan-gung-fu/	200	0	https://progressivemartialarts.com.au/product-tag/jun-fan-gung-fu/	text/html	140743	405c23c465407d87	Jun Fan Gung Fu Archives - Progressive Martial Arts	https://progressivemartialarts.com.au/product-tag/jun-fan-gung-fu/	index, follow, max-image-preview:large, max-snippet:-1, max-video-preview:-1	
https://progressivemartialarts.com.au/product-tag/kali/	200	0	https://progressivemartialarts.com.au/product-tag/kali/	text/html	139007	d0dd9c84d20858f6	Kali Archives - Progressive Martial Arts	https://progressivemartialarts.com.au/product-tag/kali/	index, follow, max-image-preview:large, max-snippet:-1, max-video-preview:-1	
https://progressivemartialarts.com.au/product-tag/kamot-lihok/	200	0	https://progressivemartialarts.com.au/product-tag/kamot-lihok/	text/html	113619	0cf3d0969175445d	Kamot Lihok Archives - Progressive Martial Arts	https://progressivemartialarts.com.au/product-tag/kamot-lihok/	index, follow, max-image-preview:large, max-snippet:-1, max-video-preview:-1	
https://progressivemartialarts.com.au/product-tag/kapulubad/	200	0	https://progressivemartialarts.com.au/product-tag/kapulubad/	text/html	113616	ff8e6d637d5f0dd1	Kapulubad Archives - Progressive Martial Arts	https://progressivemartialarts.com.au/product-tag/kapulubad/	index, follow, max-image-preview:large, max-snippet:-1, max-video-preview:-1	
https://progressivemartialarts.com.au/product-tag/keris/	200	0	https://progressivemartialarts.com.au/product-tag/keris/	text/html	113712	ad72b1eaa9e7c36a	Keris Archives - Progressive Martial Arts	https://progressivemartialarts.com.au/product-tag/keris/	index, follow, max-image-preview:large, max-snippet:-1, max-video-preview:-1	
https://progressivemartialarts.com.au/product-tag/kick-boxing/	200	0	https://progressivemartialarts.com.au/product-tag/kick-boxing/	text/html	116648	32cbcf8e924c1447	Kick Boxing Archives - Progressive Martial Arts	https://progressivemartialarts.com.au/product-tag/kick-boxing/	index, follow, max-image-preview:large, max-snippet:-1, max-video-preview:-1	
https://progressivemartialarts.com.au/product-tag/kickboxing/	200	0	https://progressivemartialarts.com.au/product-tag/kickboxing/	text/html	140543	b268601b533da40e	KickBoxing Archives - Progressive Martial Arts	https://progressivemartialarts.com.au/product-tag/kickboxing/	index, follow, max-image-preview:large, max-snippet:-1, max-video-preview:-1	
https://progressivemartialarts.com.au/product-tag/kicking-shield/	200	0	https://progressivemartialarts.com.au/product-tag/kicking-shield/	text/html	113639	3ae21ff4931360e1	Kicking Shield Archives - Progressive Martial Arts	https://progressivemartialarts.com.au/product-tag/kicking-shield/	index, follow, max-image-preview:large, max-snippet:-1, max-video-preview:-1	
https://progressivemartialarts.com.au/product-tag/knife/	200	0	https://progressivemartialarts.com.au/product-tag/knife/	text/html	140080	2b9c880571b3caa7	Knife Archives - Progressive Martial Arts	https://progressivemartialarts.com.au/product-tag/knife/	index, follow, max-image-preview:large, max-snippet:-1, max-video-preview:-1	
https://progressivemartialarts.com.au/product-tag/krabi-krabong/	200	0	https://progressivemartialarts.com.au/product-tag/krabi-krabong/	text/html	119225	ebedc8b81b650c99	Krabi-Krabong Archives - Progressive Martial Arts	https://progressivemartialarts.com.au/product-tag/krabi-krabong/	index, follow, max-image-preview:large, max-snippet:-1, max-video-preview:-1	
https://progressivemartialarts.com.au/product-tag/kris/	200	0	https://progressivemartialarts.com.au/product-tag/kris/	text/html	113697	5c83f5c1040a9815	Kris Archives - Progressive Martial Arts	https://progressivemartialarts.com.au/product-tag/kris/	index, follow, max-image-preview:large, max-snippet:-1, max-video-preview:-1	
https://progressivemartialarts.com.au/product-tag/kun-khmer-pradal-serey/	200	0	https://progressivemartialarts.com.au/product-tag/kun-khmer-pradal-serey/	text/html	140312	026213ec23c7beb7	Kun Khmer - Pradal Serey Archives - Progressive Martial Arts	https://progressivemartialarts.com.au/product-tag/kun-khmer-pradal-serey/	index, follow, max-image-preview:large, max-snippet:-1, max-video-preview:-1	
https://progressivemartialarts.com.au/product-tag/ladies/	200	0	https://progressivemartialarts.com.au/product-tag/ladies/	text/html	119825	ad3cecb7728e502a	Ladies Archives - Progressive Martial Arts	https://progressivemartialarts.com.au/product-tag/ladies/	index, follow, max-image-preview:large, max-snippet:-1, max-video-preview:-1	
https://progressivemartialarts.com.au/product-tag/lameco-eskrima/	200	0	https://progressivemartialarts.com.au/product-tag/lameco-eskrima/	text/html	130467	db418ddb294fc50f	Lameco Eskrima Archives - Progressive Martial Arts	https://progressivemartialarts.com.au/product-tag/lameco-eskrima/	index, follow, max-image-preview:large, max-snippet:-1, max-video-preview:-1	
https://progressivemartialarts.com.au/product-tag/lameco-padded-dagger/	200	0	https://progressivemartialarts.com.au/product-tag/lameco-padded-dagger/	text/html	113623	b0e14caa80185003	Lameco Padded Dagger Archives - Progressive Martial Arts	https://progressivemartialarts.com.au/product-tag/lameco-padded-dagger/	index, follow, max-image-preview:large, max-snippet:-1, max-video-preview:-1	
https://progressivemartialarts.com.au/product-tag/lameco-padded-sticks/	200	0	https://progressivemartialarts.com.au/product-tag/lameco-padded-sticks/	text/html	113669	b33e7ef74f1649a5	Lameco Padded Sticks Archives - Progressive Martial Arts	https://progressivemartialarts.com.au/product-tag/lameco-padded-sticks/	index, follow, max-image-preview:large, max-snippet:-1, max-video-preview:-1	
https://progressivemartialarts.com.au/product-tag/lameco/	200	0	https://progressivemartialarts.com.au/product-tag/lameco/	text/html	113499	a5205b03c7bb7870	Lameco Archives - Progressive Martial Arts	https://progressivemartialarts.com.au/product-tag/lameco/	index, follow, max-image-preview:large, max-snippet:-1, max-video-preview:-1	
https://progressivemartialarts.com.au/product-tag/layog/	200	0	https://progressivemartialarts.com.au/product-tag/layog/	text/html	113556	de70a6b8fa1f3507	Layog Archives - Progressive Martial Arts	https://progressivemartialarts.com.au/product-tag/layog/	index, follow, max-image-preview:large, max-snippet:-1, max-video-preview:-1	
https://progressivemartialarts.com.au/product-tag/legends-dvd/	200	0	https://progressivemartialarts.com.au/product-tag/legends-dvd/	text/html	116437	b8f5a9b75fc736b1	Legends DVD Archives - Progressive Martial Arts	https://progressivemartialarts.com.au/product-tag/legends-dvd/	index, follow, max-image-preview:large, max-snippet:-1, max-video-preview:-1	
https://progressivemartialarts.com.au/product-tag/legends/	200	0	https://progressivemartialarts.com.au/product-tag/legends/	text/html	119994	40f0e66cb75b5380	Legends Archives - Progressive Martial Arts	https://progressivemartialarts.com.au/product-tag/legends/	index, follow, max-image-preview:large, max-snippet:-1, max-video-preview:-1	
https://progressivemartialarts.com.au/product-tag/little-dragons/	200	0	https://progressivemartialarts.com.au/product-tag/little-dragons/	text/html	113514	d9d0aef03c9be75c	Little Dragons Archives - Progressive Martial Arts	https://progressivemartialarts.com.au/product-tag/little-dragons/	index, follow, max-image-preview:large, max-snippet:-1, max-video-preview:-1	
https://progressivemartialarts.com.au/product-tag/long-sleeve/	200	0	https://progressivemartialarts.com.au/product-tag/long-sleeve/	text/html	123493	7252fb440ee38547	Long sleeve Archives - Progressive Martial Arts	https://progressivemartialarts.com.au/product-tag/long-sleeve/	index, follow, max-image-preview:large, max-snippet:-1, max-video-preview:-1	
https://progressivemartialarts.com.au/product-tag/madjapahit-martial-arts/	200	0	https://progressivemartialarts.com.au/product-tag/madjapahit-martial-arts/	text/html	116591	edc8084812ca67d1	Madjapahit Martial Arts Archives - Progressive Martial Arts	https://progressivemartialarts.com.au/product-tag/madjapahit-martial-arts/	index, follow, max-image-preview:large, max-snippet:-1, max-video-preview:-1	
https://progressivemartialarts.com.au/product-tag/majapahit/	200	0	https://progressivemartialarts.com.au/product-tag/majapahit/	text/html	139752	e115e832df76835e	Majapahit Archives - Progressive Martial Arts	https://progressivemartialarts.com.au/product-tag/majapahit/	index, follow, max-image-preview:large, max-snippet:-1, max-video-preview:-1	
https://progressivemartialarts.com.au/product-tag/malong/	200	0	https://progressivemartialarts.com.au/product-tag/malong/	text/html	139916	867142afb33b9f90	Malong Archives - Progressive Martial Arts	https://progressivemartialarts.com.au/product-tag/malong/	index, follow, max-image-preview:large, max-snippet:-1, max-video-preview:-1	
https://progressivemartialarts.com.au/product-tag/mande-muda-pencak-silat/	200	0	https://progressivemartialarts.com.au/product-tag/mande-muda-pencak-silat/	text/html	113399	ca63063f7401d8b0	Mande Muda Pencak Silat Archives - Progressive Martial Arts	https://progressivemartialarts.com.au/product-tag/mande-muda-pencak-silat/	index, follow, max-image-preview:large, max-snippet:-1, max-video-preview:-1	
https://progressivemartialarts.com.au/product-tag/mande-muda/	200	0	https://progressivemartialarts.com.au/product-tag/mande-muda/	text/html	140410	5de7601233ef5f77	Mande Muda Archives - Progressive Martial Arts	https://progressivemartialarts.com.au/product-tag/mande-muda/	index, follow, max-image-preview:large, max-snippet:-1, max-video-preview:-1	
https://progressivemartialarts.com.au/product-tag/maphilindo-silat/	200	0	https://progressivemartialarts.com.au/product-tag/maphilindo-silat/	text/html	139899	27036229b7a9633d	Maphilindo Silat Archives - Progressive Martial Arts	https://progressivemartialarts.com.au/product-tag/maphilindo-silat/	index, follow, max-image-preview:large, max-snippet:-1, max-video-preview:-1	
https://progressivemartialarts.com.au/product-tag/mini-muscles/	200	0	https://progressivemartialarts.com.au/product-tag/mini-muscles/	text/html	113362	8629a729911577b9	Mini-Muscles Archives - Progressive Martial Arts	https://progressivemartialarts.com.au/product-tag/mini-muscles/	index, follow, max-image-preview:large, max-snippet:-1, max-video-preview:-1	
https://progressivemartialarts.com.au/product-tag/mma/	200	0	https://progressivemartialarts.com.au/product-tag/mma/	text/html	139819	d06604653fe30df6	MMA Archives - Progressive Martial Arts	https://progressivemartialarts.com.au/product-tag/mma/	index, follow, max-image-preview:large, max-snippet:-1, max-video-preview:-1	
https://progressivemartialarts.com.au/product-tag/muay-thai-thai-boxing/	200	0	https://progressivemartialarts.com.au/product-tag/muay-thai-thai-boxing/	text/html	140372	80365cc79b35a491	Muay Thai-Thai Boxing Archives - Progressive Martial Arts	https://progressivemartialarts.com.au/product-tag/muay-thai-thai-boxing/	index, follow, max-image-preview:large, max-snippet:-1, max-video-preview:-1	
https://progressivemartialarts.com.au/product-tag/muay-thai/	200	0	https://progressivemartialarts.com.au/product-tag/muay-thai/	text/html	139915	63a7e9105f105744	Muay Thai Archives - Progressive Martial Arts	https://progressivemartialarts.com.au/product-tag/muay-thai/	index, follow, max-image-preview:large, max-snippet:-1, max-video-preview:-1	
https://progressivemartialarts.com.au/product-tag/nempel-kaki/	200	0	https://progressivemartialarts.com.au/product-tag/nempel-kaki/	text/html	113929	6b9feb6675955522	Nempel Kaki Archives - Progressive Martial Arts	https://progressivemartialarts.com.au/product-tag/nempel-kaki/	index, follow, max-image-preview:large, max-snippet:-1, max-video-preview:-1	
https://progressivemartialarts.com.au/product-tag/other-dvd/	200	0	https://progressivemartialarts.com.au/product-tag/other-dvd/	text/html	126775	11d836f798573e94	Other DVD Archives - Progressive Martial Arts	https://progressivemartialarts.com.au/product-tag/other-dvd/	index, follow, max-image-preview:large, max-snippet:-1, max-video-preview:-1	
https://progressivemartialarts.com.au/product-tag/oumry-ban/	200	0	https://progressivemartialarts.com.au/product-tag/oumry-ban/	text/html	114674	d0521f64fa6578a5	Oumry Ban Archives - Progressive Martial Arts	https://progressivemartialarts.com.au/product-tag/oumry-ban/	index, follow, max-image-preview:large, max-snippet:-1, max-video-preview:-1	
https://progressivemartialarts.com.au/product-tag/panantukan/	200	0	https://progressivemartialarts.com.au/product-tag/panantukan/	text/html	116854	505c91a261c74371	Panantukan Archives - Progressive Martial Arts	https://progressivemartialarts.com.au/product-tag/panantukan/	index, follow, max-image-preview:large, max-snippet:-1, max-video-preview:-1	
https://progressivemartialarts.com.au/product-tag/pangamut/	200	0	https://progressivemartialarts.com.au/product-tag/pangamut/	text/html	116757	8bf645d1aef5fe77	Pangamut Archives - Progressive Martial Arts	https://progressivemartialarts.com.au/product-tag/pangamut/	index, follow, max-image-preview:large, max-snippet:-1, max-video-preview:-1	
https://progressivemartialarts.com.au/product-tag/patches/	200	0	https://progressivemartialarts.com.au/product-tag/patches/	text/html	113785	f11db0411abf5b21	Patches Archives - Progressive Martial Arts	https://progressivemartialarts.com.au/product-tag/patches/	index, follow, max-image-preview:large, max-snippet:-1, max-video-preview:-1	
https://progressivemartialarts.com.au/product-tag/pencak-silat/	200	0	https://progressivemartialarts.com.au/product-tag/pencak-silat/	text/html	140652	3f792479abd4e393	Pencak Silat Archives - Progressive Martial Arts	https://progressivemartialarts.com.au/product-tag/pencak-silat/	index, follow, max-image-preview:large, max-snippet:-1, max-video-preview:-1	
https://progressivemartialarts.com.au/product-tag/pendekar-herman-suwanda/	200	0	https://progressivemartialarts.com.au/product-tag/pendekar-herman-suwanda/	text/html	133423	a1d588be716c5bb0	Pendekar Herman Suwanda Archives - Progressive Martial Arts	https://progressivemartialarts.com.au/product-tag/pendekar-herman-suwanda/	index, follow, max-image-preview:large, max-snippet:-1, max-video-preview:-1	
https://progressivemartialarts.com.au/product-tag/pentjak-silat/	200	0	https://progressivemartialarts.com.au/product-tag/pentjak-silat/	text/html	140449	526c90016db57f02	Pentjak Silat Archives - Progressive Martial Arts	https://progressivemartialarts.com.au/product-tag/pentjak-silat/	index, follow, max-image-preview:large, max-snippet:-1, max-video-preview:-1	
https://progressivemartialarts.com.au/product-tag/philosophy/	200	0	https://progressivemartialarts.com.au/product-tag/philosophy/	text/html	114885	d01b17d250ee788f	Philosophy Archives - Progressive Martial Arts	https://progressivemartialarts.com.au/product-tag/philosophy/	index, follow, max-image-preview:large, max-snippet:-1, max-video-preview:-1	
https://progressivemartialarts.com.au/product-tag/professor-dan-inosanto/	200	0	https://progressivemartialarts.com.au/product-tag/professor-dan-inosanto/	text/html	114010	0554adc286ac14fc	Professor Dan Inosanto Archives - Progressive Martial Arts	https://progressivemartialarts.com.au/product-tag/professor-dan-inosanto/	index, follow, max-image-preview:large, max-snippet:-1, max-video-preview:-1	
https://progressivemartialarts.com.au/product-tag/professor-jean-jacques-machado/	200	0	https://progressivemartialarts.com.au/product-tag/professor-jean-jacques-machado/	text/html	120904	6175ddca32d7bf97	Professor Jean Jacques Machado Archives - Progressive Martial Arts	https://progressivemartialarts.com.au/product-tag/professor-jean-jacques-machado/	index, follow, max-image-preview:large, max-snippet:-1, max-video-preview:-1	
https://progressivemartialarts.com.au/product-tag/progressive-martial-arts/	200	0	https://progressivemartialarts.com.au/product-tag/progressive-martial-arts/	text/html	119897	defad9b92f68a8ce	Progressive Martial Arts Archives - Progressive Martial Arts	https://progressivemartialarts.com.au/product-tag/progressive-martial-arts/	index, follow, max-image-preview:large, max-snippet:-1, max-video-preview:-1	
https://progressivemartialarts.com.au/product-tag/punong-guro-edgar-sulite/	200	0	https://progressivemartialarts.com.au/product-tag/punong-guro-edgar-sulite/	text/html	134412	179e9a50d7500eae	Punong Guro Edgar Sulite Archives - Progressive Martial Arts	https://progressivemartialarts.com.au/product-tag/punong-guro-edgar-sulite/	index, follow, max-image-preview:large, max-snippet:-1, max-video-preview:-1	
https://progressivemartialarts.com.au/product-tag/racerback/	200	0	https://progressivemartialarts.com.au/product-tag/racerback/	text/html	113626	c89117d10949ff9f	Racerback Archives - Progressive Martial Arts	https://progressivemartialarts.com.au/product-tag/racerback/	index, follow, max-image-preview:large, max-snippet:-1, max-video-preview:-1	
https://progressivemartialarts.com.au/product-tag/rashguard/	200	0	https://progressivemartialarts.com.au/product-tag/rashguard/	text/html	117449	c4a86e5d5e0691fe	Rashguard Archives - Progressive Martial Arts	https://progressivemartialarts.com.au/product-tag/rashguard/	index, follow, max-image-preview:large, max-snippet:-1, max-video-preview:-1	
https://progressivemartialarts.com.au/product-tag/rattan-sticks/	200	0	https://progressivemartialarts.com.au/product-tag/rattan-sticks/	text/html	113429	dddc2de207416dbc	Rattan Sticks Archives - Progressive Martial Arts	https://progressivemartialarts.com.au/product-tag/rattan-sticks/	index, follow, max-image-preview:large, max-snippet:-1, max-video-preview:-1	
https://progressivemartialarts.com.au/product-tag/regino-ilustrisimo/	200	0	https://progressivemartialarts.com.au/product-tag/regino-ilustrisimo/	text/html	113807	528c75f2e154be79	Regino Ilustrísimo Archives - Progressive Martial Arts	https://progressivemartialarts.com.au/product-tag/regino-ilustrisimo/	index, follow, max-image-preview:large, max-snippet:-1, max-video-preview:-1	
https://progressivemartialarts.com.au/product-tag/rigan-machado/	200	0	https://progressivemartialarts.com.au/product-tag/rigan-machado/	text/html	113558	cf383c99f99a02ff	Rigan Machado Archives - Progressive Martial Arts	https://progressivemartialarts.com.au/product-tag/rigan-machado/	index, follow, max-image-preview:large, max-snippet:-1, max-video-preview:-1	
https://progressivemartialarts.com.au/product-tag/roger-machado/	200	0	https://progressivemartialarts.com.au/product-tag/roger-machado/	text/html	113558	fdba59c549409816	Roger Machado Archives - Progressive Martial Arts	https://progressivemartialarts.com.au/product-tag/roger-machado/	index, follow, max-image-preview:large, max-snippet:-1, max-video-preview:-1	
https://progressivemartialarts.com.au/product-tag/sarong/	200	0	https://progressivemartialarts.com.au/product-tag/sarong/	text/html	140051	04162d6231f5077d	Sarong Archives - Progressive Martial Arts	https://progressivemartialarts.com.au/product-tag/sarong/	index, follow, max-image-preview:large, max-snippet:-1, max-video-preview:-1	
https://progressivemartialarts.com.au/product-tag/seama/	200	0	https://progressivemartialarts.com.au/product-tag/seama/	text/html	117822	ac657b9c78ad037d	SEAMA Archives - Progressive Martial Arts	https://progressivemartialarts.com.au/product-tag/seama/	index, follow, max-image-preview:large, max-snippet:-1, max-video-preview:-1	
https://progressivemartialarts.com.au/product-tag/self-defence/	200	0	https://progressivemartialarts.com.au/product-tag/self-defence/	text/html	136819	baadec5d45c5ada1	Self defence Archives - Progressive Martial Arts	https://progressivemartialarts.com.au/product-tag/self-defence/	index, follow, max-image-preview:large, max-snippet:-1, max-video-preview:-1	
https://progressivemartialarts.com.au/product-tag/self-defense/	200	0	https://progressivemartialarts.com.au/product-tag/self-defense/	text/html	113549	6168e3bb22f4c077	Self Defense Archives - Progressive Martial Arts	https://progressivemartialarts.com.au/product-tag/self-defense/	index, follow, max-image-preview:large, max-snippet:-1, max-video-preview:-1	
https://progressivemartialarts.com.au/product-tag/shield/	200	0	https://progressivemartialarts.com.au/product-tag/shield/	text/html	113798	7b9714e7d5caef17	Shield Archives - Progressive Martial Arts	https://progressivemartialarts.com.au/product-tag/shield/	index, follow, max-image-preview:large, max-snippet:-1, max-video-preview:-1	
https://progressivemartialarts.com.au/product-tag/shoot-wrestling/	200	0	https://progressivemartialarts.com.au/product-tag/shoot-wrestling/	text/html	122248	982b3f74a80fe572	Shoot Wrestling Archives - Progressive Martial Arts	https://progressivemartialarts.com.au/product-tag/shoot-wrestling/	index, follow, max-image-preview:large, max-snippet:-1, max-video-preview:-1	
https://progressivemartialarts.com.au/product-tag/shooto/	200	0	https://progressivemartialarts.com.au/product-tag/shooto/	text/html	122113	ee68235fa731e63d	Shooto Archives - Progressive Martial Arts	https://progressivemartialarts.com.au/product-tag/shooto/	index, follow, max-image-preview:large, max-snippet:-1, max-video-preview:-1	
https://progressivemartialarts.com.au/product-tag/shorts/	200	0	https://progressivemartialarts.com.au/product-tag/shorts/	text/html	119161	b02d5dad933efb33	Shorts Archives - Progressive Martial Arts	https://progressivemartialarts.com.au/product-tag/shorts/	index, follow, max-image-preview:large, max-snippet:-1, max-video-preview:-1	
https://progressivemartialarts.com.au/product-tag/sifu-bruce-lee/	200	0	https://progressivemartialarts.com.au/product-tag/sifu-bruce-lee/	text/html	117377	cb8a6c1267f1f792	Sifu Bruce Lee Archives - Progressive Martial Arts	https://progressivemartialarts.com.au/product-tag/sifu-bruce-lee/	index, follow, max-image-preview:large, max-snippet:-1, max-video-preview:-1	
https://progressivemartialarts.com.au/product-tag/sifu-dan-inosanto/	200	0	https://progressivemartialarts.com.au/product-tag/sifu-dan-inosanto/	text/html	131861	6fa2e549b5069239	Sifu Dan Inosanto Archives - Progressive Martial Arts	https://progressivemartialarts.com.au/product-tag/sifu-dan-inosanto/	index, follow, max-image-preview:large, max-snippet:-1, max-video-preview:-1	
https://progressivemartialarts.com.au/product-tag/sifu-francis-fong/	200	0	https://progressivemartialarts.com.au/product-tag/sifu-francis-fong/	text/html	120425	f105ea91879b653d	Sifu Francis Fong Archives - Progressive Martial Arts	https://progressivemartialarts.com.au/product-tag/sifu-francis-fong/	index, follow, max-image-preview:large, max-snippet:-1, max-video-preview:-1	
https://progressivemartialarts.com.au/product-tag/sifu-taky-kimura/	200	0	https://progressivemartialarts.com.au/product-tag/sifu-taky-kimura/	text/html	113087	f23406d269ba0043	Sifu Taky Kimura Archives - Progressive Martial Arts	https://progressivemartialarts.com.au/product-tag/sifu-taky-kimura/	index, follow, max-image-preview:large, max-snippet:-1, max-video-preview:-1	
https://progressivemartialarts.com.au/product-tag/sifu/	200	0	https://progressivemartialarts.com.au/product-tag/sifu/	text/html	140082	3aca57dad5af0760	Sifu Archives - Progressive Martial Arts	https://progressivemartialarts.com.au/product-tag/sifu/	index, follow, max-image-preview:large, max-snippet:-1, max-video-preview:-1	
https://progressivemartialarts.com.au/product-tag/singlet/	200	0	https://progressivemartialarts.com.au/product-tag/singlet/	text/html	124237	9669b81afb20503e	Singlet Archives - Progressive Martial Arts	https://progressivemartialarts.com.au/product-tag/singlet/	index, follow, max-image-preview:large, max-snippet:-1, max-video-preview:-1	
https://progressivemartialarts.com.au/product-tag/southeast-asian/	200	0	https://progressivemartialarts.com.au/product-tag/southeast-asian/	text/html	113223	582fdf21511d49a3	Southeast Asian Archives - Progressive Martial Arts	https://progressivemartialarts.com.au/product-tag/southeast-asian/	index, follow, max-image-preview:large, max-snippet:-1, max-video-preview:-1	
https://progressivemartialarts.com.au/product-tag/spear/	200	0	https://progressivemartialarts.com.au/product-tag/spear/	text/html	120113	0283942bcb5ef026	Spear Archives - Progressive Martial Arts	https://progressivemartialarts.com.au/product-tag/spear/	index, follow, max-image-preview:large, max-snippet:-1, max-video-preview:-1	
https://progressivemartialarts.com.au/product-tag/staff/	200	0	https://progressivemartialarts.com.au/product-tag/staff/	text/html	127987	09f72342e70fcb2b	Staff Archives - Progressive Martial Arts	https://progressivemartialarts.com.au/product-tag/staff/	index, follow, max-image-preview:large, max-snippet:-1, max-video-preview:-1	
https://progressivemartialarts.com.au/product-tag/stick-and-dagger/	200	0	https://progressivemartialarts.com.au/product-tag/stick-and-dagger/	text/html	141911	0a21385a8ee52940	Stick and Dagger Archives - Progressive Martial Arts	https://progressivemartialarts.com.au/product-tag/stick-and-dagger/	index, follow, max-image-preview:large, max-snippet:-1, max-video-preview:-1	
https://progressivemartialarts.com.au/product-tag/stick-dagger/	200	0	https://progressivemartialarts.com.au/product-tag/stick-dagger/	text/html	113769	c55a9c4b1e9f16c4	Stick &amp; Dagger Archives - Progressive Martial Arts	https://progressivemartialarts.com.au/product-tag/stick-dagger/	index, follow, max-image-preview:large, max-snippet:-1, max-video-preview:-1	
https://progressivemartialarts.com.au/product-tag/stick/	200	0	https://progressivemartialarts.com.au/product-tag/stick/	text/html	113657	1e66b22fb2c81284	stick Archives - Progressive Martial Arts	https://progressivemartialarts.com.au/product-tag/stick/	index, follow, max-image-preview:large, max-snippet:-1, max-video-preview:-1	
https://progressivemartialarts.com.au/product-tag/sticks/	200	0	https://progressivemartialarts.com.au/product-tag/sticks/	text/html	113459	78b846d7c0b72276	Sticks Archives - Progressive Martial Arts	https://progressivemartialarts.com.au/product-tag/sticks/	index, follow, max-image-preview:large, max-snippet:-1, max-video-preview:-1	
https://progressivemartialarts.com.au/product-tag/sticky-hands/	200	0	https://progressivemartialarts.com.au/product-tag/sticky-hands/	text/html	113944	17512dd8d7b11302	Sticky Hands Archives - Progressive Martial Arts	https://progressivemartialarts.com.au/product-tag/sticky-hands/	index, follow, max-image-preview:large, max-snippet:-1, max-video-preview:-1	
https://progressivemartialarts.com.au/product-tag/stockton-california-usa/	200	0	https://progressivemartialarts.com.au/product-tag/stockton-california-usa/	text/html	113460	65bd1144d26db5dc	Stockton California USA Archives - Progressive Martial Arts	https://progressivemartialarts.com.au/product-tag/stockton-california-usa/	index, follow, max-image-preview:large, max-snippet:-1, max-video-preview:-1	
https://progressivemartialarts.com.au/product-tag/sulite-dvd/	200	0	https://progressivemartialarts.com.au/product-tag/sulite-dvd/	text/html	128909	09b5e93d2cce22ca	Sulite DVD Archives - Progressive Martial Arts	https://progressivemartialarts.com.au/product-tag/sulite-dvd/	index, follow, max-image-preview:large, max-snippet:-1, max-video-preview:-1	
https://progressivemartialarts.com.au/product-tag/sweatpants/	200	0	https://progressivemartialarts.com.au/product-tag/sweatpants/	text/html	120104	6de37cd74b9d0322	Sweatpants Archives - Progressive Martial Arts	https://progressivemartialarts.com.au/product-tag/sweatpants/	index, follow, max-image-preview:large, max-snippet:-1, max-video-preview:-1	
https://progressivemartialarts.com.au/product-tag/sword/	200	0	https://progressivemartialarts.com.au/product-tag/sword/	text/html	122235	2b08eeb77216a696	Sword Archives - Progressive Martial Arts	https://progressivemartialarts.com.au/product-tag/sword/	index, follow, max-image-preview:large, max-snippet:-1, max-video-preview:-1	
https://progressivemartialarts.com.au/product-tag/t-shirt/	200	0	https://progressivemartialarts.com.au/product-tag/t-shirt/	text/html	124039	b30cfae843ecdca0	T-Shirt Archives - Progressive Martial Arts	https://progressivemartialarts.com.au/product-tag/t-shirt/	index, follow, max-image-preview:large, max-snippet:-1, max-video-preview:-1	
https://progressivemartialarts.com.au/product-tag/tba-wtba/	200	0	https://progressivemartialarts.com.au/product-tag/tba-wtba/	text/html	115078	cf47267c3e3879c9	TBA WTBA Archives - Progressive Martial Arts	https://progressivemartialarts.com.au/product-tag/tba-wtba/	index, follow, max-image-preview:large, max-snippet:-1, max-video-preview:-1	
https://progressivemartialarts.com.au/product-tag/thai-chi/	200	0	https://progressivemartialarts.com.au/product-tag/thai-chi/	text/html	113884	31b70b1ff036d491	Thai Chi Archives - Progressive Martial Arts	https://progressivemartialarts.com.au/product-tag/thai-chi/	index, follow, max-image-preview:large, max-snippet:-1, max-video-preview:-1	
https://progressivemartialarts.com.au/product-tag/thai-pads/	200	0	https://progressivemartialarts.com.au/product-tag/thai-pads/	text/html	115307	eb0f5589796a0fc5	Thai Pads Archives - Progressive Martial Arts	https://progressivemartialarts.com.au/product-tag/thai-pads/	index, follow, max-image-preview:large, max-snippet:-1, max-video-preview:-1	
https://progressivemartialarts.com.au/product-tag/thumpas/	200	0	https://progressivemartialarts.com.au/product-tag/thumpas/	text/html	115125	0a66fd54bb9d365d	Thumpas Archives - Progressive Martial Arts	https://progressivemartialarts.com.au/product-tag/thumpas/	index, follow, max-image-preview:large, max-snippet:-1, max-video-preview:-1	
https://progressivemartialarts.com.au/product-tag/towels/	200	0	https://progressivemartialarts.com.au/product-tag/towels/	text/html	117049	ed57b7a19a37fd81	Towels Archives - Progressive Martial Arts	https://progressivemartialarts.com.au/product-tag/towels/	index, follow, max-image-preview:large, max-snippet:-1, max-video-preview:-1	
https://progressivemartialarts.com.au/product-tag/training-dagger/	200	0	https://progressivemartialarts.com.au/product-tag/training-dagger/	text/html	115313	c07f577b5919d98c	Training Dagger Archives - Progressive Martial Arts	https://progressivemartialarts.com.au/product-tag/training-dagger/	index, follow, max-image-preview:large, max-snippet:-1, max-video-preview:-1	
https://progressivemartialarts.com.au/product-tag/training-equipment/	200	0	https://progressivemartialarts.com.au/product-tag/training-equipment/	text/html	114932	020811cc5e66c73d	Training Equipment Archives - Progressive Martial Arts	https://progressivemartialarts.com.au/product-tag/training-equipment/	index, follow, max-image-preview:large, max-snippet:-1, max-video-preview:-1	
https://progressivemartialarts.com.au/product-tag/training-music/	200	0	https://progressivemartialarts.com.au/product-tag/training-music/	text/html	115166	2252e790f9567192	Training Music Archives - Progressive Martial Arts	https://progressivemartialarts.com.au/product-tag/training-music/	index, follow, max-image-preview:large, max-snippet:-1, max-video-preview:-1	
https://progressivemartialarts.com.au/product-tag/trapping/	200	0	https://progressivemartialarts.com.au/product-tag/trapping/	text/html	123543	c286b2a529125d79	Trapping Archives - Progressive Martial Arts	https://progressivemartialarts.com.au/product-tag/trapping/	index, follow, max-image-preview:large, max-snippet:-1, max-video-preview:-1	
https://progressivemartialarts.com.au/product-tag/triangle-gi/	200	0	https://progressivemartialarts.com.au/product-tag/triangle-gi/	text/html	113524	c7e5e40dea069c74	Triangle Gi Archives - Progressive Martial Arts	https://progressivemartialarts.com.au/product-tag/triangle-gi/	index, follow, max-image-preview:large, max-snippet:-1, max-video-preview:-1	
https://progressivemartialarts.com.au/product-tag/weapon/	200	0	https://progressivemartialarts.com.au/product-tag/weapon/	text/html	113166	9392fdbfed3a20b2	weapon Archives - Progressive Martial Arts	https://progressivemartialarts.com.au/product-tag/weapon/	index, follow, max-image-preview:large, max-snippet:-1, max-video-preview:-1	
https://progressivemartialarts.com.au/product-tag/weapons/	200	0	https://progressivemartialarts.com.au/product-tag/weapons/	text/html	114100	bd356c89ca554e65	Weapons Archives - Progressive Martial Arts	https://progressivemartialarts.com.au/product-tag/weapons/	index, follow, max-image-preview:large, max-snippet:-1, max-video-preview:-1	
https://progressivemartialarts.com.au/product-tag/wing-chun-kung-fu/	200	0	https://progressivemartialarts.com.au/product-tag/wing-chun-kung-fu/	text/html	114080	18b336f33ccd5460	Wing Chun Kung Fu Archives - Progressive Martial Arts	https://progressivemartialarts.com.au/product-tag/wing-chun-kung-fu/	index, follow, max-image-preview:large, max-snippet:-1, max-video-preview:-1	
https://progressivemartialarts.com.au/product-tag/wing-chun/	200	0	https://progressivemartialarts.com.au/product-tag/wing-chun/	text/html	129076	234ec2bf2b628582	Wing Chun Archives - Progressive Martial Arts	https://progressivemartialarts.com.au/product-tag/wing-chun/	index, follow, max-image-preview:large, max-snippet:-1, max-video-preview:-1	
https://progressivemartialarts.com.au/product-tag/women/	200	0	https://progressivemartialarts.com.au/product-tag/women/	text/html	135024	f8aadc0646e3976e	Women Archives - Progressive Martial Arts	https://progressivemartialarts.com.au/product-tag/women/	index, follow, max-image-preview:large, max-snippet:-1, max-video-preview:-1	
https://progressivemartialarts.com.au/product-tag/world-thai-boxing-association/	200	0	https://progressivemartialarts.com.au/product-tag/world-thai-boxing-association/	text/html	118904	29c0e137bf913c0d	World Thai Boxing Association Archives - Progressive Martial Arts	https://progressivemartialarts.com.au/product-tag/world-thai-boxing-association/	index, follow, max-image-preview:large, max-snippet:-1, max-video-preview:-1	
https://progressivemartialarts.com.au/product-tag/wraps/	200	0	https://progressivemartialarts.com.au/product-tag/wraps/	text/html	113055	ffda49117f71d143	Wraps Archives - Progressive Martial Arts	https://progressivemartialarts.com.au/product-tag/wraps/	index, follow, max-image-preview:large, max-snippet:-1, max-video-preview:-1	
https://progressivemartialarts.com.au/product-tag/wtba/	200	0	https://progressivemartialarts.com.au/product-tag/wtba/	text/html	113062	f27fa1bca04fc8c3	WTBA Archives - Progressive Martial Arts	https://progressivemartialarts.com.au/product-tag/wtba/	index, follow, max-image-preview:large, max-snippet:-1, max-video-preview:-1	
https://progressivemartialarts.com.au/product-tag/yoga-pants/	200	0	https://progressivemartialarts.com.au/product-tag/yoga-pants/	text/html	112865	6faffe88f0081615	Yoga Pants Archives - Progressive Martial Arts	https://progressivemartialarts.com.au/product-tag/yoga-pants/	index, follow, max-image-preview:large, max-snippet:-1, max-video-preview:-1	
https://progressivemartialarts.com.au/product/10-urban-floor-to-ceiling-ball/	200	0	https://progressivemartialarts.com.au/product/10-urban-floor-to-ceiling-ball/	text/html	135152	8f8f017e4839d3f5	10&quot; Urban Floor to Ceiling Ball - Black and Yellow - Progressive Martial Arts	https://progressivemartialarts.com.au/product/10-urban-floor-to-ceiling-ball/	index, follow, max-image-preview:large, max-snippet:-1, max-video-preview:-1	Adjustable high-grade straps, replaceable bladder10&#039; inch round cowhide leather ball for punching accuracyNo metal or rivetsZipper opening with hook &amp; loop cover for easy bladder replacement
https://progressivemartialarts.com.au/product/aluminum-training-dagger-breast-cancer-awareness/	200	0	https://progressivemartialarts.com.au/product/aluminum-training-dagger-breast-cancer-awareness/	text/html	137615	8db9754c166151bd	Aluminum Training Dagger - Breast Cancer Awareness - Progressive Martial Arts	https://progressivemartialarts.com.au/product/aluminum-training-dagger-breast-cancer-awareness/	index, follow, max-image-preview:large, max-snippet:-1, max-video-preview:-1	
https://progressivemartialarts.com.au/product/aluminum-training-dagger-kris-dagger/	200	0	https://progressivemartialarts.com.au/product/aluminum-training-dagger-kris-dagger/	text/html	138929	a987046f1dafd642	Aluminum Training Dagger - Kris Dagger - Progressive Martial Arts	https://progressivemartialarts.com.au/product/aluminum-training-dagger-kris-dagger/	index, follow, max-image-preview:large, max-snippet:-1, max-video-preview:-1	
https://progressivemartialarts.com.au/product/aluminum-training-dagger-large-carbon-fibre-knife/	200	0	https://progressivemartialarts.com.au/product/aluminum-training-dagger-large-carbon-fibre-knife/	text/html	138007	5acc4799a0422468	Large Carbon Fibre Training Knife | Progressive Martial Arts Australia	https://progressivemartialarts.com.au/product/aluminum-training-dagger-large-carbon-fibre-knife/	index, follow, max-image-preview:large, max-snippet:-1, max-video-preview:-1	Professional carbon fibre training knife for martial arts &amp; self-defence practice. Durable, lightweight design. Shop now for fast delivery across Australia.
https://progressivemartialarts.com.au/product/aluminum-training-dagger-large-dipped-knives/	200	0	https://progressivemartialarts.com.au/product/aluminum-training-dagger-large-dipped-knives/	text/html	159501	0a68f737ebfaaf4b	Blue Dipped Training Knives | Kali Practice Knives | Brisbane	https://progressivemartialarts.com.au/product/aluminum-training-dagger-large-dipped-knives/	index, follow, max-image-preview:large, max-snippet:-1, max-video-preview:-1	Safe blue dipped training knives for Kali and Filipino martial arts practice. Durable rubber construction for realistic drills. Shop PMAAI online.
https://progressivemartialarts.com.au/product/aluminum-training-dagger-large-faded/	200	0	https://progressivemartialarts.com.au/product/aluminum-training-dagger-large-faded/	text/html	163690	f721e34fa881bc29	Large Faded Training Knives | Professional Martial Arts Gear	https://progressivemartialarts.com.au/product/aluminum-training-dagger-large-faded/	index, follow, max-image-preview:large, max-snippet:-1, max-video-preview:-1	Large faded training knives for advanced martial arts training. Premium quality from Progressive Martial Arts Australia. Order online for fast delivery.
https://progressivemartialarts.com.au/product/aluminum-training-dagger-large-sand-camo/	200	0	https://progressivemartialarts.com.au/product/aluminum-training-dagger-large-sand-camo/	text/html	148088	a9399222b100a335	Large Camo Training Knives | Tactical Martial Arts Equipment	https://progressivemartialarts.com.au/product/aluminum-training-dagger-large-sand-camo/	index, follow, max-image-preview:large, max-snippet:-1, max-video-preview:-1	Large camo training knives for realistic tactical training. Professional martial arts equipment from Progressive Martial Arts. Shop online Australia-wide.
https://progressivemartialarts.com.au/product/aluminum-training-dagger-medium-spattered-knives/	200	0	https://progressivemartialarts.com.au/product/aluminum-training-dagger-medium-spattered-knives/	text/html	152008	317a7b92a0e6dffe	Medium Spattered Training Knives | Progressive Martial Arts	https://progressivemartialarts.com.au/product/aluminum-training-dagger-medium-spattered-knives/	index, follow, max-image-preview:large, max-snippet:-1, max-video-preview:-1	Medium spattered training knives for realistic self-defence practice. Quality martial arts equipment from Australia&#039;s trusted supplier. Shop securely now.
https://progressivemartialarts.com.au/product/aluminum-training-dagger-no-001-2/	200	0	https://progressivemartialarts.com.au/product/aluminum-training-dagger-no-001-2/	text/html	147273	c89b634498c67dbd	Aluminum Training Dagger - No. 001 - Progressive Martial Arts	https://progressivemartialarts.com.au/product/aluminum-training-dagger-no-001-2/	index, follow, max-image-preview:large, max-snippet:-1, max-video-preview:-1	
https://progressivemartialarts.com.au/product/aluminum-training-dagger-no-002/	200	0	https://progressivemartialarts.com.au/product/aluminum-training-dagger-no-002/	text/html	136613	3572f22887e7c77d	Aluminum Training Dagger No. 2 | Kali Practice Weapon | Shop PMAAI	https://progressivemartialarts.com.au/product/aluminum-training-dagger-no-002/	index, follow, max-image-preview:large, max-snippet:-1, max-video-preview:-1	Professional aluminum training dagger for Filipino martial arts practice. Lightweight, durable and safe for partner drills. Essential Kali equipment online.
https://progressivemartialarts.com.au/product/aluminum-training-dagger-no-003/	200	0	https://progressivemartialarts.com.au/product/aluminum-training-dagger-no-003/	text/html	135997	ebbedd4da1724299	Aluminum Training Dagger - No. 003 - Progressive Martial Arts	https://progressivemartialarts.com.au/product/aluminum-training-dagger-no-003/	index, follow, max-image-preview:large, max-snippet:-1, max-video-preview:-1	
https://progressivemartialarts.com.au/product/aluminum-training-dagger-no-004/	200	0	https://progressivemartialarts.com.au/product/aluminum-training-dagger-no-004/	text/html	135644	6e73cc6c52d73b27	Aluminum Training Dagger - No. 004 - Progressive Martial Arts	https://progressivemartialarts.com.au/product/aluminum-training-dagger-no-004/	index, follow, max-image-preview:large, max-snippet:-1, max-video-preview:-1	
https://progressivemartialarts.com.au/product/aluminum-training-dagger-no-005-2/	200	0	https://progressivemartialarts.com.au/product/aluminum-training-dagger-no-005-2/	text/html	137378	8ffe8513359df26e	Aluminum Training Dagger - No. 005 - Progressive Martial Arts	https://progressivemartialarts.com.au/product/aluminum-training-dagger-no-005-2/	index, follow, max-image-preview:large, max-snippet:-1, max-video-preview:-1	
https://progressivemartialarts.com.au/product/aluminum-training-dagger-no-006/	200	0	https://progressivemartialarts.com.au/product/aluminum-training-dagger-no-006/	text/html	136092	d910bdf6a2fc57a3	Aluminum Training Dagger - No. 006 - Progressive Martial Arts	https://progressivemartialarts.com.au/product/aluminum-training-dagger-no-006/	index, follow, max-image-preview:large, max-snippet:-1, max-video-preview:-1	
https://progressivemartialarts.com.au/product/aluminum-training-dagger-no-007/	200	0	https://progressivemartialarts.com.au/product/aluminum-training-dagger-no-007/	text/html	170730	192728a68dbdcc47	Small Plain Training Knives | Self Defence Equipment Australia	https://progressivemartialarts.com.au/product/aluminum-training-dagger-no-007/	index, follow, max-image-preview:large, max-snippet:-1, max-video-preview:-1	Compact plain training knives perfect for martial arts beginners. Safe, durable construction from Progressive Martial Arts. Buy online with fast shipping.
https://progressivemartialarts.com.au/product/aluminum-training-dagger-orange-and-brown-lizard-scale/	200	0	https://progressivemartialarts.com.au/product/aluminum-training-dagger-orange-and-brown-lizard-scale/	text/html	138568	c389b0cefa5306a9	Large Scaled Training Knife | Martial Arts Equipment Australia	https://progressivemartialarts.com.au/product/aluminum-training-dagger-orange-and-brown-lizard-scale/	index, follow, max-image-preview:large, max-snippet:-1, max-video-preview:-1	Premium scaled training knife for advanced martial arts practice. Professional-grade quality from Progressive Martial Arts. Order online today Australia-wide.
https://progressivemartialarts.com.au/product/aluminum-training-karambit/	200	0	https://progressivemartialarts.com.au/product/aluminum-training-karambit/	text/html	135102	844811c2c61e812c	Martial Arts Training Australia	https://progressivemartialarts.com.au/product/aluminum-training-karambit/	index, follow, max-image-preview:large, max-snippet:-1, max-video-preview:-1	For self-defence training &amp; personal protection. Quality martial arts equipment from Progressive Martial Arts. Buy online now.
https://progressivemartialarts.com.au/product/aluminum-training-sword-inosanto-academy-barong/	200	0	https://progressivemartialarts.com.au/product/aluminum-training-sword-inosanto-academy-barong/	text/html	138338	b180cab3c70540e8	Aluminum Training Sword - Inosanto Academy - Barong - Progressive Martial Arts	https://progressivemartialarts.com.au/product/aluminum-training-sword-inosanto-academy-barong/	index, follow, max-image-preview:large, max-snippet:-1, max-video-preview:-1	
https://progressivemartialarts.com.au/product/aluminum-training-sword-inosanto-academy-kris-sword/	200	0	https://progressivemartialarts.com.au/product/aluminum-training-sword-inosanto-academy-kris-sword/	text/html	138423	bfecd3008fa29e89	Aluminum Training Sword - Inosanto Academy - Kris Sword - Progressive Martial Arts	https://progressivemartialarts.com.au/product/aluminum-training-sword-inosanto-academy-kris-sword/	index, follow, max-image-preview:large, max-snippet:-1, max-video-preview:-1	
https://progressivemartialarts.com.au/product/arm-guard/	200	0	https://progressivemartialarts.com.au/product/arm-guard/	text/html	149562	66750c225f72aa40	Martial Arts Arm Guard | Protection for Training &amp; Sparring	https://progressivemartialarts.com.au/product/arm-guard/	index, follow, max-image-preview:large, max-snippet:-1, max-video-preview:-1	Protect yourself during intense martial arts training with a durable arm guard. Designed for comfort and maximum impact resistance.
https://progressivemartialarts.com.au/product/bag-inosanto-academy-duffel-bag-24/	200	0	https://progressivemartialarts.com.au/product/bag-inosanto-academy-duffel-bag-24/	text/html	135947	f3a89a1029059742	Inosanto Academy Duffel Bag 24 | Premium Gear Bag | Shop PMAAI	https://progressivemartialarts.com.au/product/bag-inosanto-academy-duffel-bag-24/	index, follow, max-image-preview:large, max-snippet:-1, max-video-preview:-1	Premium Inosanto Academy 24&quot; duffel bag for all your training equipment. Official merchandise with authentic branding. Fast shipping Australia-wide.
https://progressivemartialarts.com.au/product/bag-inosanto-academy-duffel-bag-with-mesh-panel/	200	0	https://progressivemartialarts.com.au/product/bag-inosanto-academy-duffel-bag-with-mesh-panel/	text/html	136940	3963920da40c15f7	Bag - Inosanto Academy - Duffel Bag with Mesh Panel - Progressive Martial Arts	https://progressivemartialarts.com.au/product/bag-inosanto-academy-duffel-bag-with-mesh-panel/	index, follow, max-image-preview:large, max-snippet:-1, max-video-preview:-1	
https://progressivemartialarts.com.au/product/bag-inosanto-academy-duffel-bag/	200	0	https://progressivemartialarts.com.au/product/bag-inosanto-academy-duffel-bag/	text/html	137262	02da8f13277a3152	Inosanto Academy Duffle Bags | Official Gear Bags | Brisbane	https://progressivemartialarts.com.au/product/bag-inosanto-academy-duffel-bag/	index, follow, max-image-preview:large, max-snippet:-1, max-video-preview:-1	Official Inosanto Academy duffle bags for martial arts training gear. Durable, spacious and stylish. Perfect for JKD, Kali and BJJ. Order online now.
https://progressivemartialarts.com.au/product/bag-inosanto-academy-training-dagger-bag/	200	0	https://progressivemartialarts.com.au/product/bag-inosanto-academy-training-dagger-bag/	text/html	136086	c87d8ad921563ca1	Bag - Inosanto Academy - Training Dagger Bag - Progressive Martial Arts	https://progressivemartialarts.com.au/product/bag-inosanto-academy-training-dagger-bag/	index, follow, max-image-preview:large, max-snippet:-1, max-video-preview:-1	
https://progressivemartialarts.com.au/product/baseball-hat-inosanto-baseball-cap/	200	0	https://progressivemartialarts.com.au/product/baseball-hat-inosanto-baseball-cap/	text/html	134586	aa5e6d538d2b721d	Baseball Hat - Inosanto Baseball Cap - Progressive Martial Arts	https://progressivemartialarts.com.au/product/baseball-hat-inosanto-baseball-cap/	index, follow, max-image-preview:large, max-snippet:-1, max-video-preview:-1	
https://progressivemartialarts.com.au/product/bolt-basics-of-learning-and-teaching/	200	0	https://progressivemartialarts.com.au/product/bolt-basics-of-learning-and-teaching/	text/html	136102	7e489c0a3b78494f	Bolt: Basics of Learning &amp; Teaching | Essential Martial Arts Guide	https://progressivemartialarts.com.au/product/bolt-basics-of-learning-and-teaching/	index, follow, max-image-preview:large, max-snippet:-1, max-video-preview:-1	Master martial arts teaching techniques with Bolt: Basics of Learning and Teaching. A comprehensive guide for trainers and students alike.
https://progressivemartialarts.com.au/product/book-a-path-of-mastery/	200	0	https://progressivemartialarts.com.au/product/book-a-path-of-mastery/	text/html	136266	0f211c3a239ba471	A Path of Mastery: Lessons on Wing Chun &amp; Life by Jim Brault	https://progressivemartialarts.com.au/product/book-a-path-of-mastery/	index, follow, max-image-preview:large, max-snippet:-1, max-video-preview:-1	A Path of Mastery contains profound insights from Sifu Francis Fong&#039;s 50 years of Wing Chun expertise, shared by Senior Instructor Jim Brault. Buy now!
https://progressivemartialarts.com.au/product/boxing-gloves-12oz-morgan-brand-brown-leather/	200	0	https://progressivemartialarts.com.au/product/boxing-gloves-12oz-morgan-brand-brown-leather/	text/html	142675	66b4920d33c40aa2	Morgan 12oz Leather Boxing Gloves | Progressive Martial Arts	https://progressivemartialarts.com.au/product/boxing-gloves-12oz-morgan-brand-brown-leather/	index, follow, max-image-preview:large, max-snippet:-1, max-video-preview:-1	
https://progressivemartialarts.com.au/product/boxing-gloves-12oz-punch-brand-black-red-and-blue/	200	0	https://progressivemartialarts.com.au/product/boxing-gloves-12oz-punch-brand-black-red-and-blue/	text/html	151581	2ef4cb87f7e8108c	12oz Black &amp; Red Punch Gloves – Optimal Support &amp; Comfort	https://progressivemartialarts.com.au/product/boxing-gloves-12oz-punch-brand-black-red-and-blue/	index, follow, max-image-preview:large, max-snippet:-1, max-video-preview:-1	Protect your hands with 12oz Black &amp; Red Gloves built for comfort and support. Gear up now and take your training to the next level.
https://progressivemartialarts.com.au/product/boxing-gloves-12oz-punch-brand-black-with-gold-skulls/	200	0	https://progressivemartialarts.com.au/product/boxing-gloves-12oz-punch-brand-black-with-gold-skulls/	text/html	144855	7715f705bc82a6e6	Boxing Gloves - 12oz - Punch Brand - Black with Gold Skulls - Progressive Martial Arts	https://progressivemartialarts.com.au/product/boxing-gloves-12oz-punch-brand-black-with-gold-skulls/	index, follow, max-image-preview:large, max-snippet:-1, max-video-preview:-1	Get durable 12oz Punch Skull Gloves in black, perfect for training and sparring. Built for comfort, protection, and performance.
https://progressivemartialarts.com.au/product/boxing-gloves-12oz-punch-brand-white-with-gold-skulls/	200	0	https://progressivemartialarts.com.au/product/boxing-gloves-12oz-punch-brand-white-with-gold-skulls/	text/html	140223	97c30ba2abc4d6e2	Punch Skull Gloves 12oz | High-Quality Boxing Gear	https://progressivemartialarts.com.au/product/boxing-gloves-12oz-punch-brand-white-with-gold-skulls/	index, follow, max-image-preview:large, max-snippet:-1, max-video-preview:-1	Train confidently with Punch Skull Gloves 12oz. Designed for durability, comfort, and style, these gloves are perfect for boxing and martial arts enthusiasts.
https://progressivemartialarts.com.au/product/brazilian-jiu-jitsu-black-belt-techniques/	200	0	https://progressivemartialarts.com.au/product/brazilian-jiu-jitsu-black-belt-techniques/	text/html	139709	1586fcb84b11ae5a	Brazilian Jiu-Jitsu - Black Belt Techniques - Progressive Martial Arts	https://progressivemartialarts.com.au/product/brazilian-jiu-jitsu-black-belt-techniques/	index, follow, max-image-preview:large, max-snippet:-1, max-video-preview:-1	
https://progressivemartialarts.com.au/product/bruce-lee-forever-a-tribute-to-the-one-and-only-taky-kimura/	200	0	https://progressivemartialarts.com.au/product/bruce-lee-forever-a-tribute-to-the-one-and-only-taky-kimura/	text/html	133785	ce6101b052fd91a3	Bruce Lee Forever Tribute DVD | Progressive Martial Arts	https://progressivemartialarts.com.au/product/bruce-lee-forever-a-tribute-to-the-one-and-only-taky-kimura/	index, follow, max-image-preview:large, max-snippet:-1, max-video-preview:-1	
https://progressivemartialarts.com.au/product/bruce-lee-tao-of-jeet-kune-do/	200	0	https://progressivemartialarts.com.au/product/bruce-lee-tao-of-jeet-kune-do/	text/html	134315	233e35c685d7ef1b	Tao of Jeet Kune Do by Bruce Lee | Progressive Martial Arts	https://progressivemartialarts.com.au/product/bruce-lee-tao-of-jeet-kune-do/	index, follow, max-image-preview:large, max-snippet:-1, max-video-preview:-1	Discover Bruce Lee&#039;s profound martial arts philosophy in &quot;Tao of Jeet Kune Do.&quot; An essential guide on Zen, techniques &amp; Lee&#039;s illustrations. Buy now!
https://progressivemartialarts.com.au/product/calendar-2010-remember-reclaim/	200	0	https://progressivemartialarts.com.au/product/calendar-2010-remember-reclaim/	text/html	135181	3df5c9af298d534c	Calendar - 2010 Remember &amp; Reclaim - Progressive Martial Arts	https://progressivemartialarts.com.au/product/calendar-2010-remember-reclaim/	index, follow, max-image-preview:large, max-snippet:-1, max-video-preview:-1	
https://progressivemartialarts.com.au/product/capoeira-for-active-adults/	200	0	https://progressivemartialarts.com.au/product/capoeira-for-active-adults/	text/html	135172	36ed04978274ce13	Capoeira For Active Adults - Progressive Martial Arts	https://progressivemartialarts.com.au/product/capoeira-for-active-adults/	index, follow, max-image-preview:large, max-snippet:-1, max-video-preview:-1	
https://progressivemartialarts.com.au/product/cd-buddy-helm-training-music/	200	0	https://progressivemartialarts.com.au/product/cd-buddy-helm-training-music/	text/html	140013	e9cb5b3e202f6798	CD - Buddy Helm Training Music - Progressive Martial Arts	https://progressivemartialarts.com.au/product/cd-buddy-helm-training-music/	index, follow, max-image-preview:large, max-snippet:-1, max-video-preview:-1	
https://progressivemartialarts.com.au/product/cd-heavens-drums/	200	0	https://progressivemartialarts.com.au/product/cd-heavens-drums/	text/html	140245	8bf15acd1fcb5f31	CD - Heaven&#039;s Drums - Progressive Martial Arts	https://progressivemartialarts.com.au/product/cd-heavens-drums/	index, follow, max-image-preview:large, max-snippet:-1, max-video-preview:-1	
https://progressivemartialarts.com.au/product/dan-inosanto-legends-foldout-poster-with-bruce-lee/	200	0	https://progressivemartialarts.com.au/product/dan-inosanto-legends-foldout-poster-with-bruce-lee/	text/html	138427	b0bf5f4fda2de9b1	Dan Inosanto - Legends Foldout Poster - with Bruce Lee - Progressive Martial Arts	https://progressivemartialarts.com.au/product/dan-inosanto-legends-foldout-poster-with-bruce-lee/	index, follow, max-image-preview:large, max-snippet:-1, max-video-preview:-1	
https://progressivemartialarts.com.au/product/dosmanos-sticks/	200	0	https://progressivemartialarts.com.au/product/dosmanos-sticks/	text/html	130439	e4f040f2768fdc57	Dos Manos sticks - Progressive Martial Arts	https://progressivemartialarts.com.au/product/dosmanos-sticks/	index, follow, max-image-preview:large, max-snippet:-1, max-video-preview:-1	
https://progressivemartialarts.com.au/product/dubin-michael-dubin-drumming-seven-essential-rhythms-for-instructors/	200	0	https://progressivemartialarts.com.au/product/dubin-michael-dubin-drumming-seven-essential-rhythms-for-instructors/	text/html	136850	f6c2aee9a32f8dfe	Michael Dubin Drumming Rhythms DVD | Progressive Martial Arts	https://progressivemartialarts.com.au/product/dubin-michael-dubin-drumming-seven-essential-rhythms-for-instructors/	index, follow, max-image-preview:large, max-snippet:-1, max-video-preview:-1	
https://progressivemartialarts.com.au/product/dubin-rhythmic-training-for-martial-arts/	200	0	https://progressivemartialarts.com.au/product/dubin-rhythmic-training-for-martial-arts/	text/html	134673	517014035dac4848	Dubin - Rhythmic Training For Martial Arts - Progressive Martial Arts	https://progressivemartialarts.com.au/product/dubin-rhythmic-training-for-martial-arts/	index, follow, max-image-preview:large, max-snippet:-1, max-video-preview:-1	
https://progressivemartialarts.com.au/product/focus-mitts-micro-fuerte-punch-brand-thumpas/	200	0	https://progressivemartialarts.com.au/product/focus-mitts-micro-fuerte-punch-brand-thumpas/	text/html	134867	77ad9f7d54173a73	Focus Mitts - Micro - Fuerte - Punch Brand Thumpas - Progressive Martial Arts	https://progressivemartialarts.com.au/product/focus-mitts-micro-fuerte-punch-brand-thumpas/	index, follow, max-image-preview:large, max-snippet:-1, max-video-preview:-1	Improve accuracy with Punch Micro Fuerto Focus Mitts, designed for compact, durable, and comfortable training sessions.
https://progressivemartialarts.com.au/product/focus-mitts-morgan-brand-thumpas/	200	0	https://progressivemartialarts.com.au/product/focus-mitts-morgan-brand-thumpas/	text/html	142378	a368632871bc6b2d	Focus Mitts - Morgan Brand Thumpas - Progressive Martial Arts	https://progressivemartialarts.com.au/product/focus-mitts-morgan-brand-thumpas/	index, follow, max-image-preview:large, max-snippet:-1, max-video-preview:-1	Improve accuracy with Morgan Brand Focus Mitts, designed for compact, durable, and comfortable training sessions. Signature Morgan embossed dragon and embroidered branding.
https://progressivemartialarts.com.au/product/focus-mitts-punch-brand-thumpas-2/	200	0	https://progressivemartialarts.com.au/product/focus-mitts-punch-brand-thumpas-2/	text/html	133453	438de440da95d1fe	Punch Focus Mits – Durable Training Pads for Martial Arts	https://progressivemartialarts.com.au/product/focus-mitts-punch-brand-thumpas-2/	index, follow, max-image-preview:large, max-snippet:-1, max-video-preview:-1	Improve your accuracy and speed with Punch Focus Mits. Built to last and absorb impact. Train smarter—order your pair today.
https://progressivemartialarts.com.au/product/focus-mitts-punch-brand-thumpas/	200	0	https://progressivemartialarts.com.au/product/focus-mitts-punch-brand-thumpas/	text/html	138584	5d829e4c0adb03be	Focus Mitts - Punch Brand Thumpas - Progressive Martial Arts	https://progressivemartialarts.com.au/product/focus-mitts-punch-brand-thumpas/	index, follow, max-image-preview:large, max-snippet:-1, max-video-preview:-1	Improve accuracy with Punch Micro Fuerto Focus Mitts, designed for compact, durable, and comfortable training sessions.
https://progressivemartialarts.com.au/product/focus-paddles-mexican-fuerte-paddles-punch-brand/	200	0	https://progressivemartialarts.com.au/product/focus-paddles-mexican-fuerte-paddles-punch-brand/	text/html	133273	0dad916903abbf33	Focus Paddles - Mexican Fuerte Paddles - Punch Brand - Progressive Martial Arts	https://progressivemartialarts.com.au/product/focus-paddles-mexican-fuerte-paddles-punch-brand/	index, follow, max-image-preview:large, max-snippet:-1, max-video-preview:-1	
https://progressivemartialarts.com.au/product/gi-jean-jacques-machado-triangle-brand/	200	0	https://progressivemartialarts.com.au/product/gi-jean-jacques-machado-triangle-brand/	text/html	219753	e53fb6fd40273fec	Gi - Jean Jacques Machado - Triangle Brand - Progressive Martial Arts	https://progressivemartialarts.com.au/product/gi-jean-jacques-machado-triangle-brand/	index, follow, max-image-preview:large, max-snippet:-1, max-video-preview:-1	
https://progressivemartialarts.com.au/product/gi-patch-kit-inosanto-academy-shield/	200	0	https://progressivemartialarts.com.au/product/gi-patch-kit-inosanto-academy-shield/	text/html	157628	fc2e130a82aeab73	Gi Patch Kit - Inosanto Academy Shield - Progressive Martial Arts	https://progressivemartialarts.com.au/product/gi-patch-kit-inosanto-academy-shield/	index, follow, max-image-preview:large, max-snippet:-1, max-video-preview:-1	
https://progressivemartialarts.com.au/product/gi-patch-kit-jean-jacques-machado/	200	0	https://progressivemartialarts.com.au/product/gi-patch-kit-jean-jacques-machado/	text/html	155948	5d792654206736ef	Gi Patch Kit - Jean Jacques Machado - Progressive Martial Arts	https://progressivemartialarts.com.au/product/gi-patch-kit-jean-jacques-machado/	index, follow, max-image-preview:large, max-snippet:-1, max-video-preview:-1	
https://progressivemartialarts.com.au/product/groin-guard/	200	0	https://progressivemartialarts.com.au/product/groin-guard/	text/html	145856	f5b02f672b5164d3	Groin Guards | Martial Arts Protection Equipment Australia	https://progressivemartialarts.com.au/product/groin-guard/	index, follow, max-image-preview:large, max-snippet:-1, max-video-preview:-1	Professional groin guards for martial arts training safety. Quality protective gear from Progressive Martial Arts. Shop online with secure checkout today.
https://progressivemartialarts.com.au/product/guro-dan-inosanto-australia-tour-november-2026/	200	0	https://progressivemartialarts.com.au/product/guro-dan-inosanto-australia-tour-november-2026/	text/html	167799	1644a6646a839ee8	Guro Dan Inosanto Australia Tour 2026 | Book Now	https://progressivemartialarts.com.au/product/guro-dan-inosanto-australia-tour-november-2026/	index, follow, max-image-preview:large, max-snippet:-1, max-video-preview:-1	guro-dan-inosanto-australia-tour-november-2026
https://progressivemartialarts.com.au/product/hand-towels/	200	0	https://progressivemartialarts.com.au/product/hand-towels/	text/html	144161	6b5b04e26c10a1e2	Towels - Progressive Martial Arts - Hand Towels - Progressive Martial Arts	https://progressivemartialarts.com.au/product/hand-towels/	index, follow, max-image-preview:large, max-snippet:-1, max-video-preview:-1	
https://progressivemartialarts.com.au/product/hand-wraps-stretch-punch-brand/	200	0	https://progressivemartialarts.com.au/product/hand-wraps-stretch-punch-brand/	text/html	137998	fe5ff8349037298a	Punch Hand Wraps | Boxing &amp; Martial Arts Training Australia	https://progressivemartialarts.com.au/product/hand-wraps-stretch-punch-brand/	index, follow, max-image-preview:large, max-snippet:-1, max-video-preview:-1	Premium stretch hand wraps for boxing &amp; martial arts training. Superior support and protection. Order from Progressive Martial Arts online today.
https://progressivemartialarts.com.au/product/hoodie-inosanto-academy-sweatshirt-black-with-gold-logos/	200	0	https://progressivemartialarts.com.au/product/hoodie-inosanto-academy-sweatshirt-black-with-gold-logos/	text/html	152507	0a0b5164e99918e3	Inosanto Academy Gold Logo Hoodie | Progressive Martial Arts	https://progressivemartialarts.com.au/product/hoodie-inosanto-academy-sweatshirt-black-with-gold-logos/	index, follow, max-image-preview:large, max-snippet:-1, max-video-preview:-1	
https://progressivemartialarts.com.au/product/hoodie-inosanto-academy-sweatshirt-shield-logo/	200	0	https://progressivemartialarts.com.au/product/hoodie-inosanto-academy-sweatshirt-shield-logo/	text/html	155682	f6d876f84acdbc45	Hoodie - Inosanto Academy - Sweatshirt - Shield Logo - Progressive Martial Arts	https://progressivemartialarts.com.au/product/hoodie-inosanto-academy-sweatshirt-shield-logo/	index, follow, max-image-preview:large, max-snippet:-1, max-video-preview:-1	
https://progressivemartialarts.com.au/product/hoodie-with-zipper-inosanto-academy-sweatshirt-black-with-gold-logos/	200	0	https://progressivemartialarts.com.au/product/hoodie-with-zipper-inosanto-academy-sweatshirt-black-with-gold-logos/	text/html	166113	b94a1f6171ffb186	Inosanto Academy Zip Hoodie Black Gold | Progressive Martial Arts	https://progressivemartialarts.com.au/product/hoodie-with-zipper-inosanto-academy-sweatshirt-black-with-gold-logos/	index, follow, max-image-preview:large, max-snippet:-1, max-video-preview:-1	
https://progressivemartialarts.com.au/product/hoodie-with-zipper-inosanto-academy-sweatshirt-shield-logo/	200	0	https://progressivemartialarts.com.au/product/hoodie-with-zipper-inosanto-academy-sweatshirt-shield-logo/	text/html	153159	12293c4468a1106c	Inosanto Academy Shield Hoodie | Progressive Martial Arts	https://progressivemartialarts.com.au/product/hoodie-with-zipper-inosanto-academy-sweatshirt-shield-logo/	index, follow, max-image-preview:large, max-snippet:-1, max-video-preview:-1	
https://progressivemartialarts.com.au/product/hoodie-with-zipper-little-dragons-sweatshirt/	200	0	https://progressivemartialarts.com.au/product/hoodie-with-zipper-little-dragons-sweatshirt/	text/html	149413	5e4b021834ae09be	Hoodie with Zipper - Little Dragons - Sweatshirt - Progressive Martial Arts	https://progressivemartialarts.com.au/product/hoodie-with-zipper-little-dragons-sweatshirt/	index, follow, max-image-preview:large, max-snippet:-1, max-video-preview:-1	
https://progressivemartialarts.com.au/product/inosanto-2012-abecedario-contradas/	200	0	https://progressivemartialarts.com.au/product/inosanto-2012-abecedario-contradas/	text/html	138307	184e3ed1e86cc02e	Inosanto - 2012 - Abecedario Contradas - Progressive Martial Arts	https://progressivemartialarts.com.au/product/inosanto-2012-abecedario-contradas/	index, follow, max-image-preview:large, max-snippet:-1, max-video-preview:-1	
https://progressivemartialarts.com.au/product/inosanto-2012-australia-mixed-arts/	200	0	https://progressivemartialarts.com.au/product/inosanto-2012-australia-mixed-arts/	text/html	139531	de45bde644ce945e	Inosanto - 2012 - Australia - Mixed Arts - 2 Discs - Progressive Martial Arts	https://progressivemartialarts.com.au/product/inosanto-2012-australia-mixed-arts/	index, follow, max-image-preview:large, max-snippet:-1, max-video-preview:-1	
https://progressivemartialarts.com.au/product/inosanto-2012-australia-silat/	200	0	https://progressivemartialarts.com.au/product/inosanto-2012-australia-silat/	text/html	137052	5754ab09fd85a70a	Inosanto - 2012 - Australia - Silat - Progressive Martial Arts	https://progressivemartialarts.com.au/product/inosanto-2012-australia-silat/	index, follow, max-image-preview:large, max-snippet:-1, max-video-preview:-1	
https://progressivemartialarts.com.au/product/inosanto-2012-australia-thai-boxing/	200	0	https://progressivemartialarts.com.au/product/inosanto-2012-australia-thai-boxing/	text/html	137136	2d7b9a316cdcbbbb	Inosanto - 2012 - Australia - Thai Boxing - Progressive Martial Arts	https://progressivemartialarts.com.au/product/inosanto-2012-australia-thai-boxing/	index, follow, max-image-preview:large, max-snippet:-1, max-video-preview:-1	
https://progressivemartialarts.com.au/product/inosanto-2012-mixed-silat-training-camp-8-dvd-set/	200	0	https://progressivemartialarts.com.au/product/inosanto-2012-mixed-silat-training-camp-8-dvd-set/	text/html	139561	6477d454ebfd0545	Inosanto - 2012 - Mixed Silat Training Camp - 8 DVD Set - Progressive Martial Arts	https://progressivemartialarts.com.au/product/inosanto-2012-mixed-silat-training-camp-8-dvd-set/	index, follow, max-image-preview:large, max-snippet:-1, max-video-preview:-1	
https://progressivemartialarts.com.au/product/inosanto-2012-pangamut/	200	0	https://progressivemartialarts.com.au/product/inosanto-2012-pangamut/	text/html	137180	33d10e31c5c2bdd6	Inosanto - 2012 - Pangamut - Progressive Martial Arts	https://progressivemartialarts.com.au/product/inosanto-2012-pangamut/	index, follow, max-image-preview:large, max-snippet:-1, max-video-preview:-1	
https://progressivemartialarts.com.au/product/inosanto-2012-sensitivity/	200	0	https://progressivemartialarts.com.au/product/inosanto-2012-sensitivity/	text/html	139025	c45eec8e8179b448	Inosanto - 2012 - Sensitivity - Progressive Martial Arts	https://progressivemartialarts.com.au/product/inosanto-2012-sensitivity/	index, follow, max-image-preview:large, max-snippet:-1, max-video-preview:-1	
https://progressivemartialarts.com.au/product/inosanto-2012-stick-dagger/	200	0	https://progressivemartialarts.com.au/product/inosanto-2012-stick-dagger/	text/html	137534	ebcf64e07d143520	Inosanto - 2012 - Stick &amp; Dagger/Double Dagger - Progressive Martial Arts	https://progressivemartialarts.com.au/product/inosanto-2012-stick-dagger/	index, follow, max-image-preview:large, max-snippet:-1, max-video-preview:-1	
https://progressivemartialarts.com.au/product/inosanto-2013-12-areas-of-kali-area-1/	200	0	https://progressivemartialarts.com.au/product/inosanto-2013-12-areas-of-kali-area-1/	text/html	138512	7727fade9af0e67e	Inosanto - 2013 - 12 Areas of Kali - Area 1 - Progressive Martial Arts	https://progressivemartialarts.com.au/product/inosanto-2013-12-areas-of-kali-area-1/	index, follow, max-image-preview:large, max-snippet:-1, max-video-preview:-1	
https://progressivemartialarts.com.au/product/inosanto-2013-12-areas-of-kali-area-2/	200	0	https://progressivemartialarts.com.au/product/inosanto-2013-12-areas-of-kali-area-2/	text/html	138625	f270d2a81abbfe9a	Inosanto - 2013 - 12 Areas of Kali - Area 2 - Progressive Martial Arts	https://progressivemartialarts.com.au/product/inosanto-2013-12-areas-of-kali-area-2/	index, follow, max-image-preview:large, max-snippet:-1, max-video-preview:-1	
https://progressivemartialarts.com.au/product/inosanto-2013-australia-jun-fan-gung-fu-jkd/	200	0	https://progressivemartialarts.com.au/product/inosanto-2013-australia-jun-fan-gung-fu-jkd/	text/html	138400	de77030114c021fc	Inosanto - 2013 - Australia - Jun Fan Gung Fu-JKD - Progressive Martial Arts	https://progressivemartialarts.com.au/product/inosanto-2013-australia-jun-fan-gung-fu-jkd/	index, follow, max-image-preview:large, max-snippet:-1, max-video-preview:-1	
https://progressivemartialarts.com.au/product/inosanto-2013-australia-mma-4-dvd-set/	200	0	https://progressivemartialarts.com.au/product/inosanto-2013-australia-mma-4-dvd-set/	text/html	140879	be89466d5e776c86	Inosanto - 2013 - Australia - MMA 4 DVD Set - Progressive Martial Arts	https://progressivemartialarts.com.au/product/inosanto-2013-australia-mma-4-dvd-set/	index, follow, max-image-preview:large, max-snippet:-1, max-video-preview:-1	
https://progressivemartialarts.com.au/product/inosanto-2013-australia-thai-boxing/	200	0	https://progressivemartialarts.com.au/product/inosanto-2013-australia-thai-boxing/	text/html	137855	6f9c2bc3dd17cc71	Inosanto - 2013 - Australia - Thai Boxing - Progressive Martial Arts	https://progressivemartialarts.com.au/product/inosanto-2013-australia-thai-boxing/	index, follow, max-image-preview:large, max-snippet:-1, max-video-preview:-1	
https://progressivemartialarts.com.au/product/inosanto-2013-australia-weaponry-disarms/	200	0	https://progressivemartialarts.com.au/product/inosanto-2013-australia-weaponry-disarms/	text/html	137947	efb012bf90b2fe28	Inosanto - 2013 - Australia - Weaponry Disarms - Progressive Martial Arts	https://progressivemartialarts.com.au/product/inosanto-2013-australia-weaponry-disarms/	index, follow, max-image-preview:large, max-snippet:-1, max-video-preview:-1	
https://progressivemartialarts.com.au/product/inosanto-2013-dumog/	200	0	https://progressivemartialarts.com.au/product/inosanto-2013-dumog/	text/html	138050	5fa8d5f3ebff0ad5	Inosanto - 2013 - Dumog - Progressive Martial Arts	https://progressivemartialarts.com.au/product/inosanto-2013-dumog/	index, follow, max-image-preview:large, max-snippet:-1, max-video-preview:-1	
https://progressivemartialarts.com.au/product/inosanto-2013-legends-8-dvd-set/	200	0	https://progressivemartialarts.com.au/product/inosanto-2013-legends-8-dvd-set/	text/html	138332	0c18438d715fefe8	Inosanto - 2013 - Legends - 8 DVD Set - Progressive Martial Arts	https://progressivemartialarts.com.au/product/inosanto-2013-legends-8-dvd-set/	index, follow, max-image-preview:large, max-snippet:-1, max-video-preview:-1	
https://progressivemartialarts.com.au/product/inosanto-2013-mixed-silat-training-camp-8-dvd-set/	200	0	https://progressivemartialarts.com.au/product/inosanto-2013-mixed-silat-training-camp-8-dvd-set/	text/html	138667	b30f64c13848ad9b	Inosanto - 2013 - Mixed Silat Training Camp - 8 DVD Set - Progressive Martial Arts	https://progressivemartialarts.com.au/product/inosanto-2013-mixed-silat-training-camp-8-dvd-set/	index, follow, max-image-preview:large, max-snippet:-1, max-video-preview:-1	
https://progressivemartialarts.com.au/product/inosanto-2013-panantukan/	200	0	https://progressivemartialarts.com.au/product/inosanto-2013-panantukan/	text/html	137573	faf59504d2af1b28	Inosanto - 2013 - Panantukan - Progressive Martial Arts	https://progressivemartialarts.com.au/product/inosanto-2013-panantukan/	index, follow, max-image-preview:large, max-snippet:-1, max-video-preview:-1	
https://progressivemartialarts.com.au/product/inosanto-2014-australia-joint-locking/	200	0	https://progressivemartialarts.com.au/product/inosanto-2014-australia-joint-locking/	text/html	137393	3e1a7268f2e00078	Inosanto - 2014 - Australia - Joint Locking - Progressive Martial Arts	https://progressivemartialarts.com.au/product/inosanto-2014-australia-joint-locking/	index, follow, max-image-preview:large, max-snippet:-1, max-video-preview:-1	
https://progressivemartialarts.com.au/product/inosanto-2014-australia-jun-fan-gung-fu-jkd/	200	0	https://progressivemartialarts.com.au/product/inosanto-2014-australia-jun-fan-gung-fu-jkd/	text/html	137186	e841289eabe0ffcd	Inosanto - 2014 - Australia - Jun Fan Gung Fu JKD - Progressive Martial Arts	https://progressivemartialarts.com.au/product/inosanto-2014-australia-jun-fan-gung-fu-jkd/	index, follow, max-image-preview:large, max-snippet:-1, max-video-preview:-1	
https://progressivemartialarts.com.au/product/inosanto-2014-australia-mma-4-dvd-set/	200	0	https://progressivemartialarts.com.au/product/inosanto-2014-australia-mma-4-dvd-set/	text/html	137226	9badc7a56583b6bc	Inosanto - 2014 - Australia - MMA 4 DVD Set - Progressive Martial Arts	https://progressivemartialarts.com.au/product/inosanto-2014-australia-mma-4-dvd-set/	index, follow, max-image-preview:large, max-snippet:-1, max-video-preview:-1	
https://progressivemartialarts.com.au/product/inosanto-2014-australia-thai-boxing/	200	0	https://progressivemartialarts.com.au/product/inosanto-2014-australia-thai-boxing/	text/html	137756	ffc44f198d0887bb	Inosanto - 2014 - Australia - Thai Boxing - Progressive Martial Arts	https://progressivemartialarts.com.au/product/inosanto-2014-australia-thai-boxing/	index, follow, max-image-preview:large, max-snippet:-1, max-video-preview:-1	
https://progressivemartialarts.com.au/product/inosanto-2014-lacoste-ilustrisimo-inosanto-systems/	200	0	https://progressivemartialarts.com.au/product/inosanto-2014-lacoste-ilustrisimo-inosanto-systems/	text/html	137092	299a8f0350a70b61	Inosanto Lacoste Ilustrisimo Systems | Progressive Martial Arts	https://progressivemartialarts.com.au/product/inosanto-2014-lacoste-ilustrisimo-inosanto-systems/	index, follow, max-image-preview:large, max-snippet:-1, max-video-preview:-1	
https://progressivemartialarts.com.au/product/inosanto-2014-maphilindo-silat-day-1/	200	0	https://progressivemartialarts.com.au/product/inosanto-2014-maphilindo-silat-day-1/	text/html	136742	bfbc0d93a9d6c650	Inosanto - 2014 - Maphilindo Silat - Day 1 - Progressive Martial Arts	https://progressivemartialarts.com.au/product/inosanto-2014-maphilindo-silat-day-1/	index, follow, max-image-preview:large, max-snippet:-1, max-video-preview:-1	
https://progressivemartialarts.com.au/product/inosanto-2014-maphilindo-silat-day-2/	200	0	https://progressivemartialarts.com.au/product/inosanto-2014-maphilindo-silat-day-2/	text/html	137612	cfd3562845f8d476	Inosanto - 2014 - Maphilindo Silat - Day 2 - Progressive Martial Arts	https://progressivemartialarts.com.au/product/inosanto-2014-maphilindo-silat-day-2/	index, follow, max-image-preview:large, max-snippet:-1, max-video-preview:-1	
https://progressivemartialarts.com.au/product/inosanto-2014-mixed-silat-training-camp-8-dvd-set/	200	0	https://progressivemartialarts.com.au/product/inosanto-2014-mixed-silat-training-camp-8-dvd-set/	text/html	139089	2e2dca9552e71bb4	Inosanto - 2014 - Mixed Silat Training Camp - 8 DVD Set - Progressive Martial Arts	https://progressivemartialarts.com.au/product/inosanto-2014-mixed-silat-training-camp-8-dvd-set/	index, follow, max-image-preview:large, max-snippet:-1, max-video-preview:-1	
https://progressivemartialarts.com.au/product/inosanto-2014-weaponry-disarms/	200	0	https://progressivemartialarts.com.au/product/inosanto-2014-weaponry-disarms/	text/html	136788	fc2e50aee8fae1aa	Inosanto - 2014 - Weaponry Disarms - Progressive Martial Arts	https://progressivemartialarts.com.au/product/inosanto-2014-weaponry-disarms/	index, follow, max-image-preview:large, max-snippet:-1, max-video-preview:-1	
https://progressivemartialarts.com.au/product/inosanto-2015-abecedario-contradas-day-1/	200	0	https://progressivemartialarts.com.au/product/inosanto-2015-abecedario-contradas-day-1/	text/html	137447	36354647c2254a62	Inosanto - 2015 - Abecedario Contradas day 1 - Progressive Martial Arts	https://progressivemartialarts.com.au/product/inosanto-2015-abecedario-contradas-day-1/	index, follow, max-image-preview:large, max-snippet:-1, max-video-preview:-1	
https://progressivemartialarts.com.au/product/inosanto-2015-abecedario-contradas-day-2/	200	0	https://progressivemartialarts.com.au/product/inosanto-2015-abecedario-contradas-day-2/	text/html	136928	ed5e87920f4d5d69	Inosanto - 2015 - Abecedario Contradas day 2 - Progressive Martial Arts	https://progressivemartialarts.com.au/product/inosanto-2015-abecedario-contradas-day-2/	index, follow, max-image-preview:large, max-snippet:-1, max-video-preview:-1	
https://progressivemartialarts.com.au/product/inosanto-2015-australia-flexible-weapons/	200	0	https://progressivemartialarts.com.au/product/inosanto-2015-australia-flexible-weapons/	text/html	137870	fd9a51752e0aa989	Inosanto - 2015 - Australia - Flexible Weapons - Progressive Martial Arts	https://progressivemartialarts.com.au/product/inosanto-2015-australia-flexible-weapons/	index, follow, max-image-preview:large, max-snippet:-1, max-video-preview:-1	
https://progressivemartialarts.com.au/product/inosanto-2015-australia-jun-fan-gung-fu-jkd/	200	0	https://progressivemartialarts.com.au/product/inosanto-2015-australia-jun-fan-gung-fu-jkd/	text/html	135959	6ea8e4c3e8f8e741	Inosanto - 2015 - Australia - Jun Fan Gung Fu/JKD - Progressive Martial Arts	https://progressivemartialarts.com.au/product/inosanto-2015-australia-jun-fan-gung-fu-jkd/	index, follow, max-image-preview:large, max-snippet:-1, max-video-preview:-1	
https://progressivemartialarts.com.au/product/inosanto-2015-australia-mixed-arts-3-dvd-set/	200	0	https://progressivemartialarts.com.au/product/inosanto-2015-australia-mixed-arts-3-dvd-set/	text/html	135332	b356d5d2aae457d1	Inosanto - 2015 - Australia - Mixed Arts - 3 DVD Set - Progressive Martial Arts	https://progressivemartialarts.com.au/product/inosanto-2015-australia-mixed-arts-3-dvd-set/	index, follow, max-image-preview:large, max-snippet:-1, max-video-preview:-1	
https://progressivemartialarts.com.au/product/inosanto-2015-australia-sensitivity-drills/	200	0	https://progressivemartialarts.com.au/product/inosanto-2015-australia-sensitivity-drills/	text/html	138475	50ace41cae0b2fe4	Inosanto - 2015 - Australia - Sensitivity Drills - Progressive Martial Arts	https://progressivemartialarts.com.au/product/inosanto-2015-australia-sensitivity-drills/	index, follow, max-image-preview:large, max-snippet:-1, max-video-preview:-1	
https://progressivemartialarts.com.au/product/inosanto-2015-australia-stick-dagger/	200	0	https://progressivemartialarts.com.au/product/inosanto-2015-australia-stick-dagger/	text/html	137210	adca23110513c222	Inosanto - 2015 - Australia - Stick &amp; Dagger - Progressive Martial Arts	https://progressivemartialarts.com.au/product/inosanto-2015-australia-stick-dagger/	index, follow, max-image-preview:large, max-snippet:-1, max-video-preview:-1	
https://progressivemartialarts.com.au/product/inosanto-2015-australia-thai-boxing/	200	0	https://progressivemartialarts.com.au/product/inosanto-2015-australia-thai-boxing/	text/html	138023	e20d7ac6a1ebce72	Inosanto - 2015 - Australia - Thai Boxing - Progressive Martial Arts	https://progressivemartialarts.com.au/product/inosanto-2015-australia-thai-boxing/	index, follow, max-image-preview:large, max-snippet:-1, max-video-preview:-1	
https://progressivemartialarts.com.au/product/inosanto-2015-flexible-weapons-march/	200	0	https://progressivemartialarts.com.au/product/inosanto-2015-flexible-weapons-march/	text/html	138399	9ce5f22fd4292729	Inosanto - 2015 - Flexible Weapons	https://progressivemartialarts.com.au/product/inosanto-2015-flexible-weapons-march/	index, follow, max-image-preview:large, max-snippet:-1, max-video-preview:-1	
https://progressivemartialarts.com.au/product/inosanto-2015-joint-locking/	200	0	https://progressivemartialarts.com.au/product/inosanto-2015-joint-locking/	text/html	136089	736e8dccc8e7860b	Inosanto - 2015 - Joint Locking - Progressive Martial Arts	https://progressivemartialarts.com.au/product/inosanto-2015-joint-locking/	index, follow, max-image-preview:large, max-snippet:-1, max-video-preview:-1	
https://progressivemartialarts.com.au/product/inosanto-2015-legends-8-dvd-set/	200	0	https://progressivemartialarts.com.au/product/inosanto-2015-legends-8-dvd-set/	text/html	136755	17219047ae41dffb	Inosanto - 2015 - Legends - 8 DVD Set - Progressive Martial Arts	https://progressivemartialarts.com.au/product/inosanto-2015-legends-8-dvd-set/	index, follow, max-image-preview:large, max-snippet:-1, max-video-preview:-1	
https://progressivemartialarts.com.au/product/inosanto-2015-mixed-silat-training-camp-8-dvd-set/	200	0	https://progressivemartialarts.com.au/product/inosanto-2015-mixed-silat-training-camp-8-dvd-set/	text/html	138781	c388147abac1c796	Inosanto - 2015 - Mixed Silat Training Camp - 8 DVD Set - Progressive Martial Arts	https://progressivemartialarts.com.au/product/inosanto-2015-mixed-silat-training-camp-8-dvd-set/	index, follow, max-image-preview:large, max-snippet:-1, max-video-preview:-1	
https://progressivemartialarts.com.au/product/inosanto-2016-australia-empty-hand-vs-weapons/	200	0	https://progressivemartialarts.com.au/product/inosanto-2016-australia-empty-hand-vs-weapons/	text/html	137931	abc659bbe595e6e8	Inosanto - 2016 - Australia - Empty Hand vs Weapons - Progressive Martial Arts	https://progressivemartialarts.com.au/product/inosanto-2016-australia-empty-hand-vs-weapons/	index, follow, max-image-preview:large, max-snippet:-1, max-video-preview:-1	
https://progressivemartialarts.com.au/product/inosanto-2016-australia-jun-fan-gung-fu-jkd/	200	0	https://progressivemartialarts.com.au/product/inosanto-2016-australia-jun-fan-gung-fu-jkd/	text/html	136431	fe34e7bb14ce46d7	Inosanto - 2016 - Australia - Jun Fan Gung Fu/JKD - Progressive Martial Arts	https://progressivemartialarts.com.au/product/inosanto-2016-australia-jun-fan-gung-fu-jkd/	index, follow, max-image-preview:large, max-snippet:-1, max-video-preview:-1	
https://progressivemartialarts.com.au/product/inosanto-2016-australia-mixed-arts-day-1-2-disc-set/	200	0	https://progressivemartialarts.com.au/product/inosanto-2016-australia-mixed-arts-day-1-2-disc-set/	text/html	136807	7b0e7225f9794f4c	Inosanto - 2016 - Australia - Mixed Arts day 1 (2 disc set) - Progressive Martial Arts	https://progressivemartialarts.com.au/product/inosanto-2016-australia-mixed-arts-day-1-2-disc-set/	index, follow, max-image-preview:large, max-snippet:-1, max-video-preview:-1	
https://progressivemartialarts.com.au/product/inosanto-2016-australia-mixed-arts-day-2-2-disc-set/	200	0	https://progressivemartialarts.com.au/product/inosanto-2016-australia-mixed-arts-day-2-2-disc-set/	text/html	137708	eafa92157ddc0dfe	Inosanto - 2016 - Australia - Mixed Arts day 2 (2 disc set) - Progressive Martial Arts	https://progressivemartialarts.com.au/product/inosanto-2016-australia-mixed-arts-day-2-2-disc-set/	index, follow, max-image-preview:large, max-snippet:-1, max-video-preview:-1	
https://progressivemartialarts.com.au/product/inosanto-2016-australia-panantukan-filipino-boxing/	200	0	https://progressivemartialarts.com.au/product/inosanto-2016-australia-panantukan-filipino-boxing/	text/html	137085	ccbc314628294ecd	Inosanto - 2016 - Australia - Panantukan (Filipino Boxing) - Progressive Martial Arts	https://progressivemartialarts.com.au/product/inosanto-2016-australia-panantukan-filipino-boxing/	index, follow, max-image-preview:large, max-snippet:-1, max-video-preview:-1	
https://progressivemartialarts.com.au/product/inosanto-2016-australia-self-defense/	200	0	https://progressivemartialarts.com.au/product/inosanto-2016-australia-self-defense/	text/html	135998	d52f8d7f0a059334	Inosanto - 2016 - Australia - Self Defense - Progressive Martial Arts	https://progressivemartialarts.com.au/product/inosanto-2016-australia-self-defense/	index, follow, max-image-preview:large, max-snippet:-1, max-video-preview:-1	
https://progressivemartialarts.com.au/product/inosanto-2016-australia-thai-boxing/	200	0	https://progressivemartialarts.com.au/product/inosanto-2016-australia-thai-boxing/	text/html	137106	307adf69852c8984	Inosanto - 2016 - Australia - Thai Boxing - Progressive Martial Arts	https://progressivemartialarts.com.au/product/inosanto-2016-australia-thai-boxing/	index, follow, max-image-preview:large, max-snippet:-1, max-video-preview:-1	
https://progressivemartialarts.com.au/product/inosanto-2016-legends-8-dvd-set/	200	0	https://progressivemartialarts.com.au/product/inosanto-2016-legends-8-dvd-set/	text/html	136665	1fd144ca4879e649	Inosanto - 2016 - Legends - 8 DVD Set - Progressive Martial Arts	https://progressivemartialarts.com.au/product/inosanto-2016-legends-8-dvd-set/	index, follow, max-image-preview:large, max-snippet:-1, max-video-preview:-1	
https://progressivemartialarts.com.au/product/inosanto-2016-se-asian-cambodian-kickboxing/	200	0	https://progressivemartialarts.com.au/product/inosanto-2016-se-asian-cambodian-kickboxing/	text/html	137210	d0134d429e2da0fa	Inosanto - 2016 - SE Asian &amp; Cambodian Kickboxing - Progressive Martial Arts	https://progressivemartialarts.com.au/product/inosanto-2016-se-asian-cambodian-kickboxing/	index, follow, max-image-preview:large, max-snippet:-1, max-video-preview:-1	
https://progressivemartialarts.com.au/product/inosanto-2016-self-defense-volume-1/	200	0	https://progressivemartialarts.com.au/product/inosanto-2016-self-defense-volume-1/	text/html	136036	91ca0932e0fa6749	Inosanto - 2016 - Self Defense - Volume 1 - Progressive Martial Arts	https://progressivemartialarts.com.au/product/inosanto-2016-self-defense-volume-1/	index, follow, max-image-preview:large, max-snippet:-1, max-video-preview:-1	
https://progressivemartialarts.com.au/product/inosanto-2017-12-areas-of-kali-area-8-staff-day-1/	200	0	https://progressivemartialarts.com.au/product/inosanto-2017-12-areas-of-kali-area-8-staff-day-1/	text/html	137631	d0fdd303ffe0b5c2	12 Areas of Kali Staff Day 1 | Progressive Martial Arts	https://progressivemartialarts.com.au/product/inosanto-2017-12-areas-of-kali-area-8-staff-day-1/	index, follow, max-image-preview:large, max-snippet:-1, max-video-preview:-1	
https://progressivemartialarts.com.au/product/inosanto-2017-12-areas-of-kali-area-8-staff-day-2/	200	0	https://progressivemartialarts.com.au/product/inosanto-2017-12-areas-of-kali-area-8-staff-day-2/	text/html	138466	84c3402fa8f4f80a	12 Areas of Kali Staff Day 2 | Progressive Martial Arts	https://progressivemartialarts.com.au/product/inosanto-2017-12-areas-of-kali-area-8-staff-day-2/	index, follow, max-image-preview:large, max-snippet:-1, max-video-preview:-1	
https://progressivemartialarts.com.au/product/inosanto-2017-australia-jun-fan-gung-fu-jkd/	200	0	https://progressivemartialarts.com.au/product/inosanto-2017-australia-jun-fan-gung-fu-jkd/	text/html	137577	5dccfa4bf83a7462	Inosanto - 2017 - Australia - Jun Fan Gung Fu/JKD - Progressive Martial Arts	https://progressivemartialarts.com.au/product/inosanto-2017-australia-jun-fan-gung-fu-jkd/	index, follow, max-image-preview:large, max-snippet:-1, max-video-preview:-1	
https://progressivemartialarts.com.au/product/inosanto-2017-australia-locks-and-controls/	200	0	https://progressivemartialarts.com.au/product/inosanto-2017-australia-locks-and-controls/	text/html	137689	2472594f35ffa63e	Inosanto - 2017 - Australia - Locks and Controls - Progressive Martial Arts	https://progressivemartialarts.com.au/product/inosanto-2017-australia-locks-and-controls/	index, follow, max-image-preview:large, max-snippet:-1, max-video-preview:-1	
https://progressivemartialarts.com.au/product/inosanto-2017-australia-maphilindo-silat/	200	0	https://progressivemartialarts.com.au/product/inosanto-2017-australia-maphilindo-silat/	text/html	138155	11458bec02a2b6e3	Inosanto - 2017 - Australia - Maphilindo Silat - Progressive Martial Arts	https://progressivemartialarts.com.au/product/inosanto-2017-australia-maphilindo-silat/	index, follow, max-image-preview:large, max-snippet:-1, max-video-preview:-1	
https://progressivemartialarts.com.au/product/inosanto-2017-australia-mixed-arts-day-1/	200	0	https://progressivemartialarts.com.au/product/inosanto-2017-australia-mixed-arts-day-1/	text/html	138531	ad1d9a80721686e6	Inosanto - 2017 - Australia - Mixed Arts day 1 - Progressive Martial Arts	https://progressivemartialarts.com.au/product/inosanto-2017-australia-mixed-arts-day-1/	index, follow, max-image-preview:large, max-snippet:-1, max-video-preview:-1	
https://progressivemartialarts.com.au/product/inosanto-2017-australia-mixed-arts-day-2/	200	0	https://progressivemartialarts.com.au/product/inosanto-2017-australia-mixed-arts-day-2/	text/html	138397	8e85bf96509f95e3	Inosanto - 2017 - Australia - Mixed Arts day 2 - Progressive Martial Arts	https://progressivemartialarts.com.au/product/inosanto-2017-australia-mixed-arts-day-2/	index, follow, max-image-preview:large, max-snippet:-1, max-video-preview:-1	
https://progressivemartialarts.com.au/product/inosanto-2017-australia-thai-boxing/	200	0	https://progressivemartialarts.com.au/product/inosanto-2017-australia-thai-boxing/	text/html	138262	41fd0cc297c16925	Inosanto - 2017 - Australia - Thai Boxing - Progressive Martial Arts	https://progressivemartialarts.com.au/product/inosanto-2017-australia-thai-boxing/	index, follow, max-image-preview:large, max-snippet:-1, max-video-preview:-1	
https://progressivemartialarts.com.au/product/inosanto-2017-australia-weaponry-disarms/	200	0	https://progressivemartialarts.com.au/product/inosanto-2017-australia-weaponry-disarms/	text/html	138424	792c685d251ac3d4	Inosanto - 2017 - Australia - Weaponry Disarms - Progressive Martial Arts	https://progressivemartialarts.com.au/product/inosanto-2017-australia-weaponry-disarms/	index, follow, max-image-preview:large, max-snippet:-1, max-video-preview:-1	
https://progressivemartialarts.com.au/product/inosanto-2017-sarong-malong/	200	0	https://progressivemartialarts.com.au/product/inosanto-2017-sarong-malong/	text/html	137093	15ae1b924101c566	Inosanto - 2017 - Sarong/Malong - Progressive Martial Arts	https://progressivemartialarts.com.au/product/inosanto-2017-sarong-malong/	index, follow, max-image-preview:large, max-snippet:-1, max-video-preview:-1	
https://progressivemartialarts.com.au/product/inosanto-2017-stick-dagger-tie-ups-counters/	200	0	https://progressivemartialarts.com.au/product/inosanto-2017-stick-dagger-tie-ups-counters/	text/html	137043	d43ab5139bcdd111	Inosanto - 2017 - Stick &amp; Dagger Tie Ups &amp; Counters - Progressive Martial Arts	https://progressivemartialarts.com.au/product/inosanto-2017-stick-dagger-tie-ups-counters/	index, follow, max-image-preview:large, max-snippet:-1, max-video-preview:-1	
https://progressivemartialarts.com.au/product/inosanto-2018-australia-jun-fan-gung-fu-jkd/	200	0	https://progressivemartialarts.com.au/product/inosanto-2018-australia-jun-fan-gung-fu-jkd/	text/html	138060	930c4f1f4a2cbfa3	Inosanto - 2018 - Australia - Jun Fan Gung Fu/JKD - Progressive Martial Arts	https://progressivemartialarts.com.au/product/inosanto-2018-australia-jun-fan-gung-fu-jkd/	index, follow, max-image-preview:large, max-snippet:-1, max-video-preview:-1	
https://progressivemartialarts.com.au/product/inosanto-2018-australia-locks-and-controls/	200	0	https://progressivemartialarts.com.au/product/inosanto-2018-australia-locks-and-controls/	text/html	137594	2b6b72cb59e29d00	Inosanto - 2018 - Australia - Locks and Controls - Progressive Martial Arts	https://progressivemartialarts.com.au/product/inosanto-2018-australia-locks-and-controls/	index, follow, max-image-preview:large, max-snippet:-1, max-video-preview:-1	
https://progressivemartialarts.com.au/product/inosanto-2018-australia-mixed-arts-day-1-2-disc-set/	200	0	https://progressivemartialarts.com.au/product/inosanto-2018-australia-mixed-arts-day-1-2-disc-set/	text/html	139155	5d61b9bac8823c5e	Inosanto - 2018 - Australia - Mixed Arts day 1 (2 disc set) - Progressive Martial Arts	https://progressivemartialarts.com.au/product/inosanto-2018-australia-mixed-arts-day-1-2-disc-set/	index, follow, max-image-preview:large, max-snippet:-1, max-video-preview:-1	
https://progressivemartialarts.com.au/product/inosanto-2018-australia-mixed-arts-day-2-2-disc-set/	200	0	https://progressivemartialarts.com.au/product/inosanto-2018-australia-mixed-arts-day-2-2-disc-set/	text/html	139702	936f5e8c40be5c6c	Inosanto Mixed Arts Australia 2018 | Progressive Martial Arts	https://progressivemartialarts.com.au/product/inosanto-2018-australia-mixed-arts-day-2-2-disc-set/	index, follow, max-image-preview:large, max-snippet:-1, max-video-preview:-1	
https://progressivemartialarts.com.au/product/inosanto-2018-australia-thai-boxing/	200	0	https://progressivemartialarts.com.au/product/inosanto-2018-australia-thai-boxing/	text/html	138172	2c0cbad98e8960b7	Inosanto - 2018 - Australia - Thai Boxing - Progressive Martial Arts	https://progressivemartialarts.com.au/product/inosanto-2018-australia-thai-boxing/	index, follow, max-image-preview:large, max-snippet:-1, max-video-preview:-1	
https://progressivemartialarts.com.au/product/inosanto-2018-mixed-silat/	200	0	https://progressivemartialarts.com.au/product/inosanto-2018-mixed-silat/	text/html	138509	8a62d3c82079254b	Inosanto - 2018 - Mixed Silat - Progressive Martial Arts	https://progressivemartialarts.com.au/product/inosanto-2018-mixed-silat/	index, follow, max-image-preview:large, max-snippet:-1, max-video-preview:-1	
https://progressivemartialarts.com.au/product/inosanto-2018-weaponry/	200	0	https://progressivemartialarts.com.au/product/inosanto-2018-weaponry/	text/html	137384	8544a64fc5b69fd5	Inosanto - 2018 - Weaponry - Progressive Martial Arts	https://progressivemartialarts.com.au/product/inosanto-2018-weaponry/	index, follow, max-image-preview:large, max-snippet:-1, max-video-preview:-1	
https://progressivemartialarts.com.au/product/inosanto-2019-australia-flexible-weapons/	200	0	https://progressivemartialarts.com.au/product/inosanto-2019-australia-flexible-weapons/	text/html	138113	c88364d976835e6e	Inosanto - 2019 - Flexible Weapons	https://progressivemartialarts.com.au/product/inosanto-2019-australia-flexible-weapons/	index, follow, max-image-preview:large, max-snippet:-1, max-video-preview:-1	
https://progressivemartialarts.com.au/product/inosanto-2019-australia-locks-and-controls/	200	0	https://progressivemartialarts.com.au/product/inosanto-2019-australia-locks-and-controls/	text/html	138938	ebccca8bcede33f1	Dan Inosanto Seminar 2019 Vol. 1 – Foundational Martial Arts	https://progressivemartialarts.com.au/product/inosanto-2019-australia-locks-and-controls/	index, follow, max-image-preview:large, max-snippet:-1, max-video-preview:-1	Start strong with foundational techniques from Inosanto’s 2019 Seminar Vol. 1. Boost your skills—add it to your library now.
https://progressivemartialarts.com.au/product/inosanto-2019-australia-weaponry/	200	0	https://progressivemartialarts.com.au/product/inosanto-2019-australia-weaponry/	text/html	138648	a90a68f48d03d020	Inosanto - 2019 - Australia - Weaponry - Progressive Martial Arts	https://progressivemartialarts.com.au/product/inosanto-2019-australia-weaponry/	index, follow, max-image-preview:large, max-snippet:-1, max-video-preview:-1	
https://progressivemartialarts.com.au/product/inosanto-2019-jun-fan-gung-fu-jkd/	200	0	https://progressivemartialarts.com.au/product/inosanto-2019-jun-fan-gung-fu-jkd/	text/html	138705	ec6c4620be1b8865	Dan Inosanto Seminar 2019 Vol. 3 – Advanced Martial Techniques	https://progressivemartialarts.com.au/product/inosanto-2019-jun-fan-gung-fu-jkd/	index, follow, max-image-preview:large, max-snippet:-1, max-video-preview:-1	Learn advanced concepts from Dan Inosanto in Volume 3 of his 2019 series. Add this seminar to your collection and upgrade your skills now.
https://progressivemartialarts.com.au/product/inosanto-2023-australia-jun-fan-gung-fu-jkd/	200	0	https://progressivemartialarts.com.au/product/inosanto-2023-australia-jun-fan-gung-fu-jkd/	text/html	137434	acd1bd221030d6e7	Inosanto - 2023 - Australia - Jun Fan Gung Fu/JKD - Progressive Martial Arts	https://progressivemartialarts.com.au/product/inosanto-2023-australia-jun-fan-gung-fu-jkd/	index, follow, max-image-preview:large, max-snippet:-1, max-video-preview:-1	
https://progressivemartialarts.com.au/product/inosanto-2023-australia-locks-and-controls/	200	0	https://progressivemartialarts.com.au/product/inosanto-2023-australia-locks-and-controls/	text/html	139251	7b574ed9680532ac	Inosanto - 2023 - Australia - Locks and Controls - Progressive Martial Arts	https://progressivemartialarts.com.au/product/inosanto-2023-australia-locks-and-controls/	index, follow, max-image-preview:large, max-snippet:-1, max-video-preview:-1	
https://progressivemartialarts.com.au/product/inosanto-2023-australia-mixed-arts-day-2/	200	0	https://progressivemartialarts.com.au/product/inosanto-2023-australia-mixed-arts-day-2/	text/html	140832	0cd9b24df64e27d5	Inosanto - 2023 - Australia - Mixed Arts day 2 - Progressive Martial Arts	https://progressivemartialarts.com.au/product/inosanto-2023-australia-mixed-arts-day-2/	index, follow, max-image-preview:large, max-snippet:-1, max-video-preview:-1	
https://progressivemartialarts.com.au/product/inosanto-2023-australia-silat/	200	0	https://progressivemartialarts.com.au/product/inosanto-2023-australia-silat/	text/html	137849	615fb7da5ca3b56e	Inosanto - 2023 - Australia - Silat - Progressive Martial Arts	https://progressivemartialarts.com.au/product/inosanto-2023-australia-silat/	index, follow, max-image-preview:large, max-snippet:-1, max-video-preview:-1	
https://progressivemartialarts.com.au/product/inosanto-2023-australia-thai-boxing/	200	0	https://progressivemartialarts.com.au/product/inosanto-2023-australia-thai-boxing/	text/html	138384	ed46c60046b57be3	Inosanto - 2023 - Australia - Thai Boxing - Progressive Martial Arts	https://progressivemartialarts.com.au/product/inosanto-2023-australia-thai-boxing/	index, follow, max-image-preview:large, max-snippet:-1, max-video-preview:-1	
https://progressivemartialarts.com.au/product/inosanto-2023-krabi-krabong-seama-day-1/	200	0	https://progressivemartialarts.com.au/product/inosanto-2023-krabi-krabong-seama-day-1/	text/html	140417	3a19feb3aa8c6c3e	Inosanto - 2023 - Krabi Krabong/SEAMA - day 1 - Progressive Martial Arts	https://progressivemartialarts.com.au/product/inosanto-2023-krabi-krabong-seama-day-1/	index, follow, max-image-preview:large, max-snippet:-1, max-video-preview:-1	
https://progressivemartialarts.com.au/product/inosanto-2023-krabi-krabong-seama-day-2/	200	0	https://progressivemartialarts.com.au/product/inosanto-2023-krabi-krabong-seama-day-2/	text/html	140228	226ae62f63d58bd6	Inosanto - 2023 - Krabi Krabong/SEAMA - day 2 - Progressive Martial Arts	https://progressivemartialarts.com.au/product/inosanto-2023-krabi-krabong-seama-day-2/	index, follow, max-image-preview:large, max-snippet:-1, max-video-preview:-1	
https://progressivemartialarts.com.au/product/inosanto-2024-legends-8-dvd-set/	200	0	https://progressivemartialarts.com.au/product/inosanto-2024-legends-8-dvd-set/	text/html	139368	5efc919ccf93d93a	Guro Dan Inosanto 2024 Seminar Collection | JKD Training Videos | Shop	https://progressivemartialarts.com.au/product/inosanto-2024-legends-8-dvd-set/	index, follow, max-image-preview:large, max-snippet:-1, max-video-preview:-1	Own the complete Guro Dan Inosanto 2024 seminar collection. Learn JKD, Kali and Filipino martial arts from the master himself. Order your copy today.
https://progressivemartialarts.com.au/product/inosanto-academy-rattan-kali-sticks-1-pair/	200	0	https://progressivemartialarts.com.au/product/inosanto-academy-rattan-kali-sticks-1-pair/	text/html	136647	6bf1a1faef68b37b	Inosanto Academy Rattan Kali Sticks | Progressive Martial Arts	https://progressivemartialarts.com.au/product/inosanto-academy-rattan-kali-sticks-1-pair/	index, follow, max-image-preview:large, max-snippet:-1, max-video-preview:-1	
https://progressivemartialarts.com.au/product/inosanto-academy-windbreaker-jacket/	200	0	https://progressivemartialarts.com.au/product/inosanto-academy-windbreaker-jacket/	text/html	151440	b1ef523d640b8697	Inosanto Academy - Windbreaker Jacket - Progressive Martial Arts	https://progressivemartialarts.com.au/product/inosanto-academy-windbreaker-jacket/	index, follow, max-image-preview:large, max-snippet:-1, max-video-preview:-1	
https://progressivemartialarts.com.au/product/inosanto-collector-series-training-in-the-martial-arts-3-dvd-set/	200	0	https://progressivemartialarts.com.au/product/inosanto-collector-series-training-in-the-martial-arts-3-dvd-set/	text/html	140258	64e167a15f0ade63	Inosanto Martial Arts 3 DVD Set | Progressive Martial Arts	https://progressivemartialarts.com.au/product/inosanto-collector-series-training-in-the-martial-arts-3-dvd-set/	index, follow, max-image-preview:large, max-snippet:-1, max-video-preview:-1	
https://progressivemartialarts.com.au/product/inosanto-definitive-collection-5-dvd-set/	200	0	https://progressivemartialarts.com.au/product/inosanto-definitive-collection-5-dvd-set/	text/html	148512	f3c92d55e1be6104	Inosanto - Definitive Collection - 5 DVD Set - Progressive Martial Arts	https://progressivemartialarts.com.au/product/inosanto-definitive-collection-5-dvd-set/	index, follow, max-image-preview:large, max-snippet:-1, max-video-preview:-1	
https://progressivemartialarts.com.au/product/inosanto-definitive-collection-9-dvd-set/	200	0	https://progressivemartialarts.com.au/product/inosanto-definitive-collection-9-dvd-set/	text/html	160776	51d6fc248ce526bd	Inosanto - Definitive Collection - 9 DVD Set - Progressive Martial Arts	https://progressivemartialarts.com.au/product/inosanto-definitive-collection-9-dvd-set/	index, follow, max-image-preview:large, max-snippet:-1, max-video-preview:-1	
https://progressivemartialarts.com.au/product/inosanto-definitive-collection-volume-1-jun-fan-kickboxing/	200	0	https://progressivemartialarts.com.au/product/inosanto-definitive-collection-volume-1-jun-fan-kickboxing/	text/html	138078	b4c03e0da90269b0	Inosanto Jun Fan Kickboxing Vol 1 | Progressive Martial Arts	https://progressivemartialarts.com.au/product/inosanto-definitive-collection-volume-1-jun-fan-kickboxing/	index, follow, max-image-preview:large, max-snippet:-1, max-video-preview:-1	
https://progressivemartialarts.com.au/product/inosanto-definitive-collection-volume-2-jun-fan-trapping/	200	0	https://progressivemartialarts.com.au/product/inosanto-definitive-collection-volume-2-jun-fan-trapping/	text/html	138045	e4ab2cff51d060d2	Inosanto Jun Fan Trapping Vol 2 | Progressive Martial Arts	https://progressivemartialarts.com.au/product/inosanto-definitive-collection-volume-2-jun-fan-trapping/	index, follow, max-image-preview:large, max-snippet:-1, max-video-preview:-1	
https://progressivemartialarts.com.au/product/inosanto-definitive-collection-volume-3-jun-fan-grappling/	200	0	https://progressivemartialarts.com.au/product/inosanto-definitive-collection-volume-3-jun-fan-grappling/	text/html	138887	5a158ccfb7b5ceee	Inosanto Jun Fan Grappling Vol 3 | Progressive Martial Arts	https://progressivemartialarts.com.au/product/inosanto-definitive-collection-volume-3-jun-fan-grappling/	index, follow, max-image-preview:large, max-snippet:-1, max-video-preview:-1	
https://progressivemartialarts.com.au/product/inosanto-definitive-collection-volume-4-panantukan/	200	0	https://progressivemartialarts.com.au/product/inosanto-definitive-collection-volume-4-panantukan/	text/html	138804	cbbf9f62a08974aa	Inosanto - Definitive Collection - Volume 4 - Panantukan - Progressive Martial Arts	https://progressivemartialarts.com.au/product/inosanto-definitive-collection-volume-4-panantukan/	index, follow, max-image-preview:large, max-snippet:-1, max-video-preview:-1	
https://progressivemartialarts.com.au/product/inosanto-definitive-collection-volume-5-dumog/	200	0	https://progressivemartialarts.com.au/product/inosanto-definitive-collection-volume-5-dumog/	text/html	139073	b695f4b422ae36f6	Inosanto - Definitive Collection - Volume 5 - Dumog - Progressive Martial Arts	https://progressivemartialarts.com.au/product/inosanto-definitive-collection-volume-5-dumog/	index, follow, max-image-preview:large, max-snippet:-1, max-video-preview:-1	
https://progressivemartialarts.com.au/product/inosanto-definitive-collection-volume-6-single-stick/	200	0	https://progressivemartialarts.com.au/product/inosanto-definitive-collection-volume-6-single-stick/	text/html	138589	8202a4be7108322e	Inosanto - Definitive Collection - Volume 6 - Single Stick - Progressive Martial Arts	https://progressivemartialarts.com.au/product/inosanto-definitive-collection-volume-6-single-stick/	index, follow, max-image-preview:large, max-snippet:-1, max-video-preview:-1	
https://progressivemartialarts.com.au/product/inosanto-definitive-collection-volume-7-stick-and-dagger/	200	0	https://progressivemartialarts.com.au/product/inosanto-definitive-collection-volume-7-stick-and-dagger/	text/html	138879	73a4793b1e6b93c6	Inosanto Stick &amp; Dagger Vol 7 | Progressive Martial Arts	https://progressivemartialarts.com.au/product/inosanto-definitive-collection-volume-7-stick-and-dagger/	index, follow, max-image-preview:large, max-snippet:-1, max-video-preview:-1	
https://progressivemartialarts.com.au/product/inosanto-definitive-collection-volume-8-edged-weapons-defense-1/	200	0	https://progressivemartialarts.com.au/product/inosanto-definitive-collection-volume-8-edged-weapons-defense-1/	text/html	138037	41a32bea7a18a533	Inosanto Edged Weapons Defense Vol 8 | Progressive Martial Arts	https://progressivemartialarts.com.au/product/inosanto-definitive-collection-volume-8-edged-weapons-defense-1/	index, follow, max-image-preview:large, max-snippet:-1, max-video-preview:-1	
https://progressivemartialarts.com.au/product/inosanto-definitive-collection-volume-9-edged-weapons-defense-2/	200	0	https://progressivemartialarts.com.au/product/inosanto-definitive-collection-volume-9-edged-weapons-defense-2/	text/html	138488	9b1e174f704af5c4	Inosanto Edged Weapons Defense Vol 9 | Progressive Martial Arts	https://progressivemartialarts.com.au/product/inosanto-definitive-collection-volume-9-edged-weapons-defense-2/	index, follow, max-image-preview:large, max-snippet:-1, max-video-preview:-1	
https://progressivemartialarts.com.au/product/journal-of-the-unknown-soldier-michael-wise/	200	0	https://progressivemartialarts.com.au/product/journal-of-the-unknown-soldier-michael-wise/	text/html	130339	694e8ff8cb61efdf	Journal of the Unknown Soldier - Michael Wise - Progressive Martial Arts	https://progressivemartialarts.com.au/product/journal-of-the-unknown-soldier-michael-wise/	index, follow, max-image-preview:large, max-snippet:-1, max-video-preview:-1	
https://progressivemartialarts.com.au/product/kick-shield-dummy-for-self-defense-punch-brand/	200	0	https://progressivemartialarts.com.au/product/kick-shield-dummy-for-self-defense-punch-brand/	text/html	138313	7915f8cfe0113964	Punch Self-Defence Kick Shield | Perfect Training Dummy	https://progressivemartialarts.com.au/product/kick-shield-dummy-for-self-defense-punch-brand/	index, follow, max-image-preview:large, max-snippet:-1, max-video-preview:-1	Enhance your self-defence training with the Punch Kick Shield Dummy. Built for durability and impact absorption, it’s a must-have for martial arts practice.
https://progressivemartialarts.com.au/product/lameco-hand-guard-priced-individually/	200	0	https://progressivemartialarts.com.au/product/lameco-hand-guard-priced-individually/	text/html	150665	2537a58491ccd0c2	Hand Guards for Martial Arts | Protective Gear Australia	https://progressivemartialarts.com.au/product/lameco-hand-guard-priced-individually/	index, follow, max-image-preview:large, max-snippet:-1, max-video-preview:-1	Premium hand guards for martial arts training &amp; sparring. Superior protection from Progressive Martial Arts Australia. Order online for fast delivery.
https://progressivemartialarts.com.au/product/large-spattered-knives/	200	0	https://progressivemartialarts.com.au/product/large-spattered-knives/	text/html	166738	22942f4879fba4a1	Large Spattered Training Knives | Advanced Self Defence Gear	https://progressivemartialarts.com.au/product/large-spattered-knives/	index, follow, max-image-preview:large, max-snippet:-1, max-video-preview:-1	Large spattered training knives for professional martial arts practice. Durable construction from Progressive Martial Arts. Buy online with confidence.
https://progressivemartialarts.com.au/product/long-pants-progressive-martial-arts/	200	0	https://progressivemartialarts.com.au/product/long-pants-progressive-martial-arts/	text/html	148344	779c4cda02095fda	Long Pants - Progressive Martial Arts - Progressive Martial Arts	https://progressivemartialarts.com.au/product/long-pants-progressive-martial-arts/	index, follow, max-image-preview:large, max-snippet:-1, max-video-preview:-1	
https://progressivemartialarts.com.au/product/long-sleeve-absorb-what-is-useful-baseball-shirt-black-gray/	200	0	https://progressivemartialarts.com.au/product/long-sleeve-absorb-what-is-useful-baseball-shirt-black-gray/	text/html	151222	19503fef98da6846	Absorb What Is Useful Baseball Shirt | Progressive Martial Arts	https://progressivemartialarts.com.au/product/long-sleeve-absorb-what-is-useful-baseball-shirt-black-gray/	index, follow, max-image-preview:large, max-snippet:-1, max-video-preview:-1	
https://progressivemartialarts.com.au/product/long-sleeve-absorb-what-is-useful-baseball-shirt-blue-gold/	200	0	https://progressivemartialarts.com.au/product/long-sleeve-absorb-what-is-useful-baseball-shirt-blue-gold/	text/html	155712	6b2bd1ac1d6ced66	Blue Gold Baseball Shirt Long Sleeve | Progressive Martial Arts	https://progressivemartialarts.com.au/product/long-sleeve-absorb-what-is-useful-baseball-shirt-blue-gold/	index, follow, max-image-preview:large, max-snippet:-1, max-video-preview:-1	
https://progressivemartialarts.com.au/product/long-sleeve-inosanto-academy-sport-tek-members-baseball-jersey/	200	0	https://progressivemartialarts.com.au/product/long-sleeve-inosanto-academy-sport-tek-members-baseball-jersey/	text/html	157974	a21ab0ed56422382	Inosanto Academy Baseball Jersey | Progressive Martial Arts	https://progressivemartialarts.com.au/product/long-sleeve-inosanto-academy-sport-tek-members-baseball-jersey/	index, follow, max-image-preview:large, max-snippet:-1, max-video-preview:-1	
https://progressivemartialarts.com.au/product/machado-5-machado-brothers-seminar-4-dvd-set/	200	0	https://progressivemartialarts.com.au/product/machado-5-machado-brothers-seminar-4-dvd-set/	text/html	137368	fd2ab0508b07444d	Machado - 5 Machado Brothers Seminar - 4 DVD Set - Progressive Martial Arts	https://progressivemartialarts.com.au/product/machado-5-machado-brothers-seminar-4-dvd-set/	index, follow, max-image-preview:large, max-snippet:-1, max-video-preview:-1	
https://progressivemartialarts.com.au/product/martial-arts-masters-3-dvd-set/	200	0	https://progressivemartialarts.com.au/product/martial-arts-masters-3-dvd-set/	text/html	138609	fda0b4059fb66139	Martial Arts Masters - 3 DVD Set - Progressive Martial Arts	https://progressivemartialarts.com.au/product/martial-arts-masters-3-dvd-set/	index, follow, max-image-preview:large, max-snippet:-1, max-video-preview:-1	
https://progressivemartialarts.com.au/product/padded-knife-small/	200	0	https://progressivemartialarts.com.au/product/padded-knife-small/	text/html	137341	22b4e0f7fe942ce1	Padded Knife - Small - Progressive Martial Arts	https://progressivemartialarts.com.au/product/padded-knife-small/	index, follow, max-image-preview:large, max-snippet:-1, max-video-preview:-1	
https://progressivemartialarts.com.au/product/padded-sticks-lameco-brand/	200	0	https://progressivemartialarts.com.au/product/padded-sticks-lameco-brand/	text/html	150774	ad611a8aba1af4cc	Padded Sticks - Lameco Brand - Progressive Martial Arts	https://progressivemartialarts.com.au/product/padded-sticks-lameco-brand/	index, follow, max-image-preview:large, max-snippet:-1, max-video-preview:-1	
https://progressivemartialarts.com.au/product/punch-deluxe-thai-style-anklets/	200	0	https://progressivemartialarts.com.au/product/punch-deluxe-thai-style-anklets/	text/html	155375	b8d7ab83e71188bb	Punch Deluxe Thai Style Anklets - Progressive Martial Arts	https://progressivemartialarts.com.au/product/punch-deluxe-thai-style-anklets/	index, follow, max-image-preview:large, max-snippet:-1, max-video-preview:-1	
https://progressivemartialarts.com.au/product/rash-guard-inosanto-academy-long-sleeve/	200	0	https://progressivemartialarts.com.au/product/rash-guard-inosanto-academy-long-sleeve/	text/html	153391	b04664ad21cf37a3	Rash Guard - Inosanto Academy - Long Sleeve - Progressive Martial Arts	https://progressivemartialarts.com.au/product/rash-guard-inosanto-academy-long-sleeve/	index, follow, max-image-preview:large, max-snippet:-1, max-video-preview:-1	
https://progressivemartialarts.com.au/product/rash-guard-inosanto-academy-short-sleeve/	200	0	https://progressivemartialarts.com.au/product/rash-guard-inosanto-academy-short-sleeve/	text/html	153059	e06865e91a8148de	Rash Guard - Inosanto Academy - Short Sleeve - Progressive Martial Arts	https://progressivemartialarts.com.au/product/rash-guard-inosanto-academy-short-sleeve/	index, follow, max-image-preview:large, max-snippet:-1, max-video-preview:-1	
https://progressivemartialarts.com.au/product/rash-guard-jean-jacques-machado-short-sleeve/	200	0	https://progressivemartialarts.com.au/product/rash-guard-jean-jacques-machado-short-sleeve/	text/html	154874	ccb834d9beb74a9e	Jean Jacques Machado Short Sleeve Rash Guard | PMA	https://progressivemartialarts.com.au/product/rash-guard-jean-jacques-machado-short-sleeve/	index, follow, max-image-preview:large, max-snippet:-1, max-video-preview:-1	
https://progressivemartialarts.com.au/product/revgear-shorts/	200	0	https://progressivemartialarts.com.au/product/revgear-shorts/	text/html	161643	85cb92e88477f191	Shorts - Inosanto Academy - MMA Style - Progressive Martial Arts	https://progressivemartialarts.com.au/product/revgear-shorts/	index, follow, max-image-preview:large, max-snippet:-1, max-video-preview:-1	
https://progressivemartialarts.com.au/product/sharkee-open-folder-plastic-training-knife/	200	0	https://progressivemartialarts.com.au/product/sharkee-open-folder-plastic-training-knife/	text/html	136043	e7e1a6c2f2b4ed8d	Sharkee - Open Folder Plastic Training Knife - Progressive Martial Arts	https://progressivemartialarts.com.au/product/sharkee-open-folder-plastic-training-knife/	index, follow, max-image-preview:large, max-snippet:-1, max-video-preview:-1	
https://progressivemartialarts.com.au/product/sharkee-plastic-sparring-dagger/	200	0	https://progressivemartialarts.com.au/product/sharkee-plastic-sparring-dagger/	text/html	136192	da29fd86439e03ca	Sharkee - Plastic Sparring Dagger - Progressive Martial Arts	https://progressivemartialarts.com.au/product/sharkee-plastic-sparring-dagger/	index, follow, max-image-preview:large, max-snippet:-1, max-video-preview:-1	
https://progressivemartialarts.com.au/product/shorts-inosanto-academy-black-with-gold-logo/	200	0	https://progressivemartialarts.com.au/product/shorts-inosanto-academy-black-with-gold-logo/	text/html	151806	834179c3e8aa2acd	Shorts - Inosanto Academy - Black with Gold Logo - Progressive Martial Arts	https://progressivemartialarts.com.au/product/shorts-inosanto-academy-black-with-gold-logo/	index, follow, max-image-preview:large, max-snippet:-1, max-video-preview:-1	
https://progressivemartialarts.com.au/product/shorts-inosanto-academy-black-with-red-and-gold-logo/	200	0	https://progressivemartialarts.com.au/product/shorts-inosanto-academy-black-with-red-and-gold-logo/	text/html	152687	4db9707c46ac747b	Shorts - Inosanto Academy - Black with Red and Gold Logo - Progressive Martial Arts	https://progressivemartialarts.com.au/product/shorts-inosanto-academy-black-with-red-and-gold-logo/	index, follow, max-image-preview:large, max-snippet:-1, max-video-preview:-1	
https://progressivemartialarts.com.au/product/shorts-inosanto-academy-black-with-white-logo/	200	0	https://progressivemartialarts.com.au/product/shorts-inosanto-academy-black-with-white-logo/	text/html	149257	b5917bf4632cc176	RevGear MMA Shorts White Logo | Fight Shorts | Shop Online	https://progressivemartialarts.com.au/product/shorts-inosanto-academy-black-with-white-logo/	index, follow, max-image-preview:large, max-snippet:-1, max-video-preview:-1	Premium RevGear MMA fight shorts with white logo. Comfortable, durable and built for intense training. Perfect for sparring and competition. Buy now.
https://progressivemartialarts.com.au/product/shorts-inosanto-academy-board-shorts/	200	0	https://progressivemartialarts.com.au/product/shorts-inosanto-academy-board-shorts/	text/html	150064	58225114e4d33a5a	Shorts - Inosanto Academy - Board Shorts - Progressive Martial Arts	https://progressivemartialarts.com.au/product/shorts-inosanto-academy-board-shorts/	index, follow, max-image-preview:large, max-snippet:-1, max-video-preview:-1	
https://progressivemartialarts.com.au/product/shorts-thai-boxing-association-classic-logo/	200	0	https://progressivemartialarts.com.au/product/shorts-thai-boxing-association-classic-logo/	text/html	152690	c5a7a1f9b9554ddc	Shorts - Thai Boxing Association - Classic Logo - Progressive Martial Arts	https://progressivemartialarts.com.au/product/shorts-thai-boxing-association-classic-logo/	index, follow, max-image-preview:large, max-snippet:-1, max-video-preview:-1	
https://progressivemartialarts.com.au/product/shorts-thai-boxing-shorts-revgear-various-colours/	200	0	https://progressivemartialarts.com.au/product/shorts-thai-boxing-shorts-revgear-various-colours/	text/html	203131	d65f36b961ff07dd	Shorts - Thai Boxing Shorts - Revgear - Various Colours - Progressive Martial Arts	https://progressivemartialarts.com.au/product/shorts-thai-boxing-shorts-revgear-various-colours/	index, follow, max-image-preview:large, max-snippet:-1, max-video-preview:-1	
https://progressivemartialarts.com.au/product/sifu-francis-fong-2014-train-with-the-masters/	200	0	https://progressivemartialarts.com.au/product/sifu-francis-fong-2014-train-with-the-masters/	text/html	136139	2cbafa33004d2d87	Sifu Francis Fong - 2014 - Train with the Masters - Progressive Martial Arts	https://progressivemartialarts.com.au/product/sifu-francis-fong-2014-train-with-the-masters/	index, follow, max-image-preview:large, max-snippet:-1, max-video-preview:-1	
https://progressivemartialarts.com.au/product/sifu-francis-fong-australia-seminars-november-2026/	200	0	https://progressivemartialarts.com.au/product/sifu-francis-fong-australia-seminars-november-2026/	text/html	166805	57368feed8d826d0	Sifu Francis Fong Seminar 2026 | Progressive Martial Arts	https://progressivemartialarts.com.au/product/sifu-francis-fong-australia-seminars-november-2026/	index, follow, max-image-preview:large, max-snippet:-1, max-video-preview:-1	
https://progressivemartialarts.com.au/product/sifu-francis-fong-wing-chun-for-mma/	200	0	https://progressivemartialarts.com.au/product/sifu-francis-fong-wing-chun-for-mma/	text/html	137604	e91722391ce9f517	Sifu Francis Fong - Wing Chun For MMA - Progressive Martial Arts	https://progressivemartialarts.com.au/product/sifu-francis-fong-wing-chun-for-mma/	index, follow, max-image-preview:large, max-snippet:-1, max-video-preview:-1	
https://progressivemartialarts.com.au/product/singlet-guro-dan-inosanto-australian-tour-2016/	200	0	https://progressivemartialarts.com.au/product/singlet-guro-dan-inosanto-australian-tour-2016/	text/html	156044	dab7c99863500773	Singlet - Guro Dan Inosanto - Australian Tour 2016 - Progressive Martial Arts	https://progressivemartialarts.com.au/product/singlet-guro-dan-inosanto-australian-tour-2016/	index, follow, max-image-preview:large, max-snippet:-1, max-video-preview:-1	
https://progressivemartialarts.com.au/product/singlet-guro-dan-inosanto-australian-tour-2019/	200	0	https://progressivemartialarts.com.au/product/singlet-guro-dan-inosanto-australian-tour-2019/	text/html	164112	e1f802e501baeb11	Singlet - Guro Dan Inosanto - Australian Tour 2019 - Progressive Martial Arts	https://progressivemartialarts.com.au/product/singlet-guro-dan-inosanto-australian-tour-2019/	index, follow, max-image-preview:large, max-snippet:-1, max-video-preview:-1	
https://progressivemartialarts.com.au/product/singlet-inosanto-academy-12-spot/	200	0	https://progressivemartialarts.com.au/product/singlet-inosanto-academy-12-spot/	text/html	172601	78423d841587af53	Singlet - Inosanto Academy - 12-Spot - Progressive Martial Arts	https://progressivemartialarts.com.au/product/singlet-inosanto-academy-12-spot/	index, follow, max-image-preview:large, max-snippet:-1, max-video-preview:-1	
https://progressivemartialarts.com.au/product/singlet-inosanto-academy-absorb-what-is-useful/	200	0	https://progressivemartialarts.com.au/product/singlet-inosanto-academy-absorb-what-is-useful/	text/html	153057	1a68b75c4ff25498	Singlet - Inosanto Academy - &quot;Absorb What Is Useful&quot; - Progressive Martial Arts	https://progressivemartialarts.com.au/product/singlet-inosanto-academy-absorb-what-is-useful/	index, follow, max-image-preview:large, max-snippet:-1, max-video-preview:-1	
https://progressivemartialarts.com.au/product/singlet-inosanto-academy-kali/	200	0	https://progressivemartialarts.com.au/product/singlet-inosanto-academy-kali/	text/html	151848	1e6c3d82ed4f9c0c	Singlet - Inosanto Academy - Kali - Progressive Martial Arts	https://progressivemartialarts.com.au/product/singlet-inosanto-academy-kali/	index, follow, max-image-preview:large, max-snippet:-1, max-video-preview:-1	
https://progressivemartialarts.com.au/product/singlet-inosanto-academy-lacoste-inosanto-weapons/	200	0	https://progressivemartialarts.com.au/product/singlet-inosanto-academy-lacoste-inosanto-weapons/	text/html	150969	5563d37cdd146a43	Singlet - Inosanto Academy - LaCoste-Inosanto Weapons - Progressive Martial Arts	https://progressivemartialarts.com.au/product/singlet-inosanto-academy-lacoste-inosanto-weapons/	index, follow, max-image-preview:large, max-snippet:-1, max-video-preview:-1	
https://progressivemartialarts.com.au/product/singlet-inosanto-academy-ladies-racerback/	200	0	https://progressivemartialarts.com.au/product/singlet-inosanto-academy-ladies-racerback/	text/html	156692	8c977ef4cabc4662	Singlet - Inosanto Academy - Ladies Racerback - Progressive Martial Arts	https://progressivemartialarts.com.au/product/singlet-inosanto-academy-ladies-racerback/	index, follow, max-image-preview:large, max-snippet:-1, max-video-preview:-1	
https://progressivemartialarts.com.au/product/singlet-inosanto-academy-ladies-spaghetti-strap-gold/	200	0	https://progressivemartialarts.com.au/product/singlet-inosanto-academy-ladies-spaghetti-strap-gold/	text/html	150898	eb46f6afa7d5215b	Singlet - Inosanto Academy - Ladies Spaghetti Strap - Gold - Progressive Martial Arts	https://progressivemartialarts.com.au/product/singlet-inosanto-academy-ladies-spaghetti-strap-gold/	index, follow, max-image-preview:large, max-snippet:-1, max-video-preview:-1	
https://progressivemartialarts.com.au/product/singlet-ladies-progressive-martial-arts/	200	0	https://progressivemartialarts.com.au/product/singlet-ladies-progressive-martial-arts/	text/html	157637	430ff1216b518d3d	Singlet - Ladies - Progressive Martial Arts - Progressive Martial Arts	https://progressivemartialarts.com.au/product/singlet-ladies-progressive-martial-arts/	index, follow, max-image-preview:large, max-snippet:-1, max-video-preview:-1	
https://progressivemartialarts.com.au/product/singlet-thai-boxing-association-classic/	200	0	https://progressivemartialarts.com.au/product/singlet-thai-boxing-association-classic/	text/html	149383	b66523e7704f7e7a	Singlet - Thai Boxing Association (Classic) - Progressive Martial Arts	https://progressivemartialarts.com.au/product/singlet-thai-boxing-association-classic/	index, follow, max-image-preview:large, max-snippet:-1, max-video-preview:-1	
https://progressivemartialarts.com.au/product/spezzano-introduction-to-madjapahit-silat-2-disc-set/	200	0	https://progressivemartialarts.com.au/product/spezzano-introduction-to-madjapahit-silat-2-disc-set/	text/html	137276	fa83ce2dc4e9116d	Spezzano - Introduction To Madjapahit Silat - 2 disc set - Progressive Martial Arts	https://progressivemartialarts.com.au/product/spezzano-introduction-to-madjapahit-silat-2-disc-set/	index, follow, max-image-preview:large, max-snippet:-1, max-video-preview:-1	
https://progressivemartialarts.com.au/product/spezzano-madjapahit-silat-2/	200	0	https://progressivemartialarts.com.au/product/spezzano-madjapahit-silat-2/	text/html	137424	c8ca5bd855bef847	Spezzano - Madjapahit Silat 2 - Progressive Martial Arts	https://progressivemartialarts.com.au/product/spezzano-madjapahit-silat-2/	index, follow, max-image-preview:large, max-snippet:-1, max-video-preview:-1	
https://progressivemartialarts.com.au/product/stick-bag-inosanto-academy-medium/	200	0	https://progressivemartialarts.com.au/product/stick-bag-inosanto-academy-medium/	text/html	134824	48b12f55807be932	Stick Bag - Inosanto Academy - Medium - Progressive Martial Arts	https://progressivemartialarts.com.au/product/stick-bag-inosanto-academy-medium/	index, follow, max-image-preview:large, max-snippet:-1, max-video-preview:-1	
https://progressivemartialarts.com.au/product/stick-bag-inosanto-academy-small/	200	0	https://progressivemartialarts.com.au/product/stick-bag-inosanto-academy-small/	text/html	136740	f89cbd6d427fb956	Stick Bag - Inosanto Academy - Small - Progressive Martial Arts	https://progressivemartialarts.com.au/product/stick-bag-inosanto-academy-small/	index, follow, max-image-preview:large, max-snippet:-1, max-video-preview:-1	
https://progressivemartialarts.com.au/product/sulite-lameco-eskrima-advanced-laban-laro-volume-1/	200	0	https://progressivemartialarts.com.au/product/sulite-lameco-eskrima-advanced-laban-laro-volume-1/	text/html	137538	4ab56f050a210271	Sulite - Lameco Eskrima - Advanced Laban Laro - Volume 1 - Progressive Martial Arts	https://progressivemartialarts.com.au/product/sulite-lameco-eskrima-advanced-laban-laro-volume-1/	index, follow, max-image-preview:large, max-snippet:-1, max-video-preview:-1	
https://progressivemartialarts.com.au/product/sulite-lameco-eskrima-advanced-laban-laro-volume-2/	200	0	https://progressivemartialarts.com.au/product/sulite-lameco-eskrima-advanced-laban-laro-volume-2/	text/html	136996	d952d8a392f910a4	Sulite - Lameco Eskrima - Advanced Laban Laro - Volume 2 - Progressive Martial Arts	https://progressivemartialarts.com.au/product/sulite-lameco-eskrima-advanced-laban-laro-volume-2/	index, follow, max-image-preview:large, max-snippet:-1, max-video-preview:-1	
https://progressivemartialarts.com.au/product/sulite-lameco-eskrima-at-the-vortex/	200	0	https://progressivemartialarts.com.au/product/sulite-lameco-eskrima-at-the-vortex/	text/html	136697	cd3816137c1bbafc	Sulite - Lameco Eskrima - At The Vortex - Progressive Martial Arts	https://progressivemartialarts.com.au/product/sulite-lameco-eskrima-at-the-vortex/	index, follow, max-image-preview:large, max-snippet:-1, max-video-preview:-1	
https://progressivemartialarts.com.au/product/sulite-lameco-eskrima-espada-y-daga/	200	0	https://progressivemartialarts.com.au/product/sulite-lameco-eskrima-espada-y-daga/	text/html	136584	c47133ba008fbd35	Sulite - Lameco Eskrima - Espada y Daga - Progressive Martial Arts	https://progressivemartialarts.com.au/product/sulite-lameco-eskrima-espada-y-daga/	index, follow, max-image-preview:large, max-snippet:-1, max-video-preview:-1	
https://progressivemartialarts.com.au/product/sulite-lameco-eskrima-essential-single-stick-skills-volume-1/	200	0	https://progressivemartialarts.com.au/product/sulite-lameco-eskrima-essential-single-stick-skills-volume-1/	text/html	137988	60e43bf6a03d8628	Lameco Single Stick Skills Vol 1 | Progressive Martial Arts	https://progressivemartialarts.com.au/product/sulite-lameco-eskrima-essential-single-stick-skills-volume-1/	index, follow, max-image-preview:large, max-snippet:-1, max-video-preview:-1	
https://progressivemartialarts.com.au/product/sulite-lameco-eskrima-essential-single-stick-skills-volume-2/	200	0	https://progressivemartialarts.com.au/product/sulite-lameco-eskrima-essential-single-stick-skills-volume-2/	text/html	137983	e7fdd59ab0af3b9b	Lameco Single Stick Skills Vol 2 | Progressive Martial Arts	https://progressivemartialarts.com.au/product/sulite-lameco-eskrima-essential-single-stick-skills-volume-2/	index, follow, max-image-preview:large, max-snippet:-1, max-video-preview:-1	
https://progressivemartialarts.com.au/product/sulite-lameco-eskrima-practical-self-defense-volume-1/	200	0	https://progressivemartialarts.com.au/product/sulite-lameco-eskrima-practical-self-defense-volume-1/	text/html	136710	04bf0cf5f0f56ccc	Sulite - Lameco Eskrima - Practical Self Defense - Volume 1 - Progressive Martial Arts	https://progressivemartialarts.com.au/product/sulite-lameco-eskrima-practical-self-defense-volume-1/	index, follow, max-image-preview:large, max-snippet:-1, max-video-preview:-1	
https://progressivemartialarts.com.au/product/sulite-lameco-eskrima-practical-self-defense-volume-2/	200	0	https://progressivemartialarts.com.au/product/sulite-lameco-eskrima-practical-self-defense-volume-2/	text/html	137598	86bc99dbca607303	Lameco Eskrima Self Defense Vol 2 | Progressive Martial Arts	https://progressivemartialarts.com.au/product/sulite-lameco-eskrima-practical-self-defense-volume-2/	index, follow, max-image-preview:large, max-snippet:-1, max-video-preview:-1	
https://progressivemartialarts.com.au/product/sulite-lameco-eskrima-secrets-of-double-stick-fighting-volume-1/	200	0	https://progressivemartialarts.com.au/product/sulite-lameco-eskrima-secrets-of-double-stick-fighting-volume-1/	text/html	137751	795c41f115e4d258	Lameco Eskrima Double Stick Vol 1 | Progressive Martial Arts	https://progressivemartialarts.com.au/product/sulite-lameco-eskrima-secrets-of-double-stick-fighting-volume-1/	index, follow, max-image-preview:large, max-snippet:-1, max-video-preview:-1	
https://progressivemartialarts.com.au/product/sulite-lameco-eskrima-secrets-of-double-stick-fighting-volume-2/	200	0	https://progressivemartialarts.com.au/product/sulite-lameco-eskrima-secrets-of-double-stick-fighting-volume-2/	text/html	137794	b60ea25a344b8036	Lameco Eskrima Double Stick Vol 2 | Progressive Martial Arts	https://progressivemartialarts.com.au/product/sulite-lameco-eskrima-secrets-of-double-stick-fighting-volume-2/	index, follow, max-image-preview:large, max-snippet:-1, max-video-preview:-1	
https://progressivemartialarts.com.au/product/suwanda-sarong-system-advanced-techniques-volume-3/	200	0	https://progressivemartialarts.com.au/product/suwanda-sarong-system-advanced-techniques-volume-3/	text/html	138317	65b72d07e9dce344	Suwanda - Sarong System - Advanced Techniques - Volume 3 - Progressive Martial Arts	https://progressivemartialarts.com.au/product/suwanda-sarong-system-advanced-techniques-volume-3/	index, follow, max-image-preview:large, max-snippet:-1, max-video-preview:-1	
https://progressivemartialarts.com.au/product/sweatpants-inosanto-academy-black-with-gold-logos/	200	0	https://progressivemartialarts.com.au/product/sweatpants-inosanto-academy-black-with-gold-logos/	text/html	158408	9899c70609ebf5b2	Sweatpants - Inosanto Academy - Black with Gold Logos - Progressive Martial Arts	https://progressivemartialarts.com.au/product/sweatpants-inosanto-academy-black-with-gold-logos/	index, follow, max-image-preview:large, max-snippet:-1, max-video-preview:-1	
https://progressivemartialarts.com.au/product/sweatpants-inosanto-academy-black-with-red-and-gold-logos/	200	0	https://progressivemartialarts.com.au/product/sweatpants-inosanto-academy-black-with-red-and-gold-logos/	text/html	160337	7a04edca98ac0b60	Inosanto Academy Sweatpants Red Gold | Progressive Martial Arts	https://progressivemartialarts.com.au/product/sweatpants-inosanto-academy-black-with-red-and-gold-logos/	index, follow, max-image-preview:large, max-snippet:-1, max-video-preview:-1	
https://progressivemartialarts.com.au/product/sweatpants-inosanto-academy-black-with-red-and-white-logos/	200	0	https://progressivemartialarts.com.au/product/sweatpants-inosanto-academy-black-with-red-and-white-logos/	text/html	161543	bf22bf36fe5bc1c8	Inosanto Academy Sweatpants Red White | Progressive Martial Arts	https://progressivemartialarts.com.au/product/sweatpants-inosanto-academy-black-with-red-and-white-logos/	index, follow, max-image-preview:large, max-snippet:-1, max-video-preview:-1	
https://progressivemartialarts.com.au/product/sweatpants-thai-boxing-association-classic-logo/	200	0	https://progressivemartialarts.com.au/product/sweatpants-thai-boxing-association-classic-logo/	text/html	161383	d08a0202d4d09b53	Sweatpants - Thai Boxing Association - Classic Logo - Progressive Martial Arts	https://progressivemartialarts.com.au/product/sweatpants-thai-boxing-association-classic-logo/	index, follow, max-image-preview:large, max-snippet:-1, max-video-preview:-1	
https://progressivemartialarts.com.au/product/t-shirt-15-year-anniversary-train-with-the-legends-2013/	200	0	https://progressivemartialarts.com.au/product/t-shirt-15-year-anniversary-train-with-the-legends-2013/	text/html	154476	2b093cdbab802e2c	Train With The Legends 2013 T-Shirt | Progressive Martial Arts	https://progressivemartialarts.com.au/product/t-shirt-15-year-anniversary-train-with-the-legends-2013/	index, follow, max-image-preview:large, max-snippet:-1, max-video-preview:-1	
https://progressivemartialarts.com.au/product/t-shirt-guro-dan-inosanto-2016-australian-tour/	200	0	https://progressivemartialarts.com.au/product/t-shirt-guro-dan-inosanto-2016-australian-tour/	text/html	155232	67b6d22efb31e90d	Guro Dan Inosanto Tour T-Shirt | Progressive Martial Arts	https://progressivemartialarts.com.au/product/t-shirt-guro-dan-inosanto-2016-australian-tour/	index, follow, max-image-preview:large, max-snippet:-1, max-video-preview:-1	
https://progressivemartialarts.com.au/product/t-shirt-guro-dan-inosanto-2019-australian-tour/	200	0	https://progressivemartialarts.com.au/product/t-shirt-guro-dan-inosanto-2019-australian-tour/	text/html	187017	6dfb03c941588be4	T-Shirt - Guro Dan Inosanto - 2019 Australian Tour - Progressive Martial Arts	https://progressivemartialarts.com.au/product/t-shirt-guro-dan-inosanto-2019-australian-tour/	index, follow, max-image-preview:large, max-snippet:-1, max-video-preview:-1	
https://progressivemartialarts.com.au/product/t-shirt-inosanto-absorb-what-is-useful/	200	0	https://progressivemartialarts.com.au/product/t-shirt-inosanto-absorb-what-is-useful/	text/html	152805	e6e54d83b84cf41f	T-Shirt - Inosanto Academy - Absorb What is Useful - Progressive Martial Arts	https://progressivemartialarts.com.au/product/t-shirt-inosanto-absorb-what-is-useful/	index, follow, max-image-preview:large, max-snippet:-1, max-video-preview:-1	
https://progressivemartialarts.com.au/product/t-shirt-inosanto-academy-12-spot/	200	0	https://progressivemartialarts.com.au/product/t-shirt-inosanto-academy-12-spot/	text/html	199544	2a9def49641afd9a	T-Shirt - Inosanto Academy - 12 Spot - Progressive Martial Arts	https://progressivemartialarts.com.au/product/t-shirt-inosanto-academy-12-spot/	index, follow, max-image-preview:large, max-snippet:-1, max-video-preview:-1	
https://progressivemartialarts.com.au/product/t-shirt-inosanto-academy-angel-necklace/	200	0	https://progressivemartialarts.com.au/product/t-shirt-inosanto-academy-angel-necklace/	text/html	176947	9dab9345696e5154	Inosanto Angel Necklace T-Shirt Black | Progressive Martial Arts	https://progressivemartialarts.com.au/product/t-shirt-inosanto-academy-angel-necklace/	index, follow, max-image-preview:large, max-snippet:-1, max-video-preview:-1	
https://progressivemartialarts.com.au/product/t-shirt-inosanto-academy-angel-sash-blue-with-gold/	200	0	https://progressivemartialarts.com.au/product/t-shirt-inosanto-academy-angel-sash-blue-with-gold/	text/html	161945	db2aedf58ebd8685	Inosanto Academy Angel Sash T-Shirt | Progressive Martial Arts	https://progressivemartialarts.com.au/product/t-shirt-inosanto-academy-angel-sash-blue-with-gold/	index, follow, max-image-preview:large, max-snippet:-1, max-video-preview:-1	
https://progressivemartialarts.com.au/product/t-shirt-inosanto-academy-university-t/	200	0	https://progressivemartialarts.com.au/product/t-shirt-inosanto-academy-university-t/	text/html	201309	19812631766a9baf	T-Shirt - Inosanto Academy - University T - Progressive Martial Arts	https://progressivemartialarts.com.au/product/t-shirt-inosanto-academy-university-t/	index, follow, max-image-preview:large, max-snippet:-1, max-video-preview:-1	
https://progressivemartialarts.com.au/product/t-shirt-inosanto-academy-weapons-of-the-southern-philippines/	200	0	https://progressivemartialarts.com.au/product/t-shirt-inosanto-academy-weapons-of-the-southern-philippines/	text/html	150247	3bc436c06f2b5fce	Inosanto Southern Philippines T-Shirt | Progressive Martial Arts	https://progressivemartialarts.com.au/product/t-shirt-inosanto-academy-weapons-of-the-southern-philippines/	index, follow, max-image-preview:large, max-snippet:-1, max-video-preview:-1	
https://progressivemartialarts.com.au/product/t-shirt-inosanto-academy-womens-bella-top/	200	0	https://progressivemartialarts.com.au/product/t-shirt-inosanto-academy-womens-bella-top/	text/html	150840	aa4ba6492ba491f9	T-Shirt - Inosanto Academy - Women&#039;s Bella Top - Progressive Martial Arts	https://progressivemartialarts.com.au/product/t-shirt-inosanto-academy-womens-bella-top/	index, follow, max-image-preview:large, max-snippet:-1, max-video-preview:-1	
https://progressivemartialarts.com.au/product/t-shirt-inosanto-kali/	200	0	https://progressivemartialarts.com.au/product/t-shirt-inosanto-kali/	text/html	150782	1e794bc6fea6b821	T-Shirt - Inosanto Kali - Progressive Martial Arts	https://progressivemartialarts.com.au/product/t-shirt-inosanto-kali/	index, follow, max-image-preview:large, max-snippet:-1, max-video-preview:-1	
https://progressivemartialarts.com.au/product/t-shirt-jean-jacques-machado-academia-de-jiu-jitsu-2/	200	0	https://progressivemartialarts.com.au/product/t-shirt-jean-jacques-machado-academia-de-jiu-jitsu-2/	text/html	208201	ad17b967cbff7dda	Jean Jacques Machado Jiu Jitsu T-Shirt | Buy Today	https://progressivemartialarts.com.au/product/t-shirt-jean-jacques-machado-academia-de-jiu-jitsu-2/	index, follow, max-image-preview:large, max-snippet:-1, max-video-preview:-1	
https://progressivemartialarts.com.au/product/t-shirt-jean-jacques-machado-academia-de-jiu-jitsu-small-logo/	200	0	https://progressivemartialarts.com.au/product/t-shirt-jean-jacques-machado-academia-de-jiu-jitsu-small-logo/	text/html	151546	d0f76faee4ff95b8	Jean Jacques Machado Small Logo Shirt | Progressive Martial Arts	https://progressivemartialarts.com.au/product/t-shirt-jean-jacques-machado-academia-de-jiu-jitsu-small-logo/	index, follow, max-image-preview:large, max-snippet:-1, max-video-preview:-1	
https://progressivemartialarts.com.au/product/t-shirt-lacoste-inosanto-system/	200	0	https://progressivemartialarts.com.au/product/t-shirt-lacoste-inosanto-system/	text/html	150924	43435667fc42a94d	T-Shirt - Lacoste-Inosanto System - Progressive Martial Arts	https://progressivemartialarts.com.au/product/t-shirt-lacoste-inosanto-system/	index, follow, max-image-preview:large, max-snippet:-1, max-video-preview:-1	
https://progressivemartialarts.com.au/product/t-shirt-mini-muscles/	200	0	https://progressivemartialarts.com.au/product/t-shirt-mini-muscles/	text/html	205743	bc2f7886a9526c63	T-Shirt - Mini Muscles - Progressive Martial Arts	https://progressivemartialarts.com.au/product/t-shirt-mini-muscles/	index, follow, max-image-preview:large, max-snippet:-1, max-video-preview:-1	
https://progressivemartialarts.com.au/product/t-shirt-progressive-martial-arts/	200	0	https://progressivemartialarts.com.au/product/t-shirt-progressive-martial-arts/	text/html	171830	89781da849aa09b6	T-Shirt - Progressive Martial Arts - Progressive Martial Arts	https://progressivemartialarts.com.au/product/t-shirt-progressive-martial-arts/	index, follow, max-image-preview:large, max-snippet:-1, max-video-preview:-1	
https://progressivemartialarts.com.au/product/t-shirt-thai-boxing-association-classic/	200	0	https://progressivemartialarts.com.au/product/t-shirt-thai-boxing-association-classic/	text/html	151632	2ef7a042689b7491	Thai Boxing Association Classic T-Shirt | PMA	https://progressivemartialarts.com.au/product/t-shirt-thai-boxing-association-classic/	index, follow, max-image-preview:large, max-snippet:-1, max-video-preview:-1	
https://progressivemartialarts.com.au/product/t-shirt-world-thai-boxing-association-new/	200	0	https://progressivemartialarts.com.au/product/t-shirt-world-thai-boxing-association-new/	text/html	152228	7a4e6ddfe2a61b73	T-Shirt - World Thai Boxing Association (New) - Progressive Martial Arts	https://progressivemartialarts.com.au/product/t-shirt-world-thai-boxing-association-new/	index, follow, max-image-preview:large, max-snippet:-1, max-video-preview:-1	
https://progressivemartialarts.com.au/product/thai-pads-curved-punch-brand/	200	0	https://progressivemartialarts.com.au/product/thai-pads-curved-punch-brand/	text/html	148869	71aab7bd7d05edea	Thai Pads - Curved - Punch Brand - Progressive Martial Arts	https://progressivemartialarts.com.au/product/thai-pads-curved-punch-brand/	index, follow, max-image-preview:large, max-snippet:-1, max-video-preview:-1	
https://progressivemartialarts.com.au/product/the-lord-is-my-shepherd-by-chaplain-michael-wise/	200	0	https://progressivemartialarts.com.au/product/the-lord-is-my-shepherd-by-chaplain-michael-wise/	text/html	134518	354f8c500e07a713	The Lord is My Shepherd by Chaplain Michael Wise - Progressive Martial Arts	https://progressivemartialarts.com.au/product/the-lord-is-my-shepherd-by-chaplain-michael-wise/	index, follow, max-image-preview:large, max-snippet:-1, max-video-preview:-1	
https://progressivemartialarts.com.au/product/the-winning-mindset-jim-brault-and-kevin-seamen/	200	0	https://progressivemartialarts.com.au/product/the-winning-mindset-jim-brault-and-kevin-seamen/	text/html	141048	f1dbc2ab80f9c608	The Winning Mindset - Jim Brault and Kevin Seamen - Progressive Martial Arts	https://progressivemartialarts.com.au/product/the-winning-mindset-jim-brault-and-kevin-seamen/	index, follow, max-image-preview:large, max-snippet:-1, max-video-preview:-1	
https://progressivemartialarts.com.au/product/towels-progressive-martial-arts-body-towels/	200	0	https://progressivemartialarts.com.au/product/towels-progressive-martial-arts-body-towels/	text/html	149613	ec4d6d5b84391bf4	Martial Arts Body Towels | Stay Fresh &amp; Dry During Training	https://progressivemartialarts.com.au/product/towels-progressive-martial-arts-body-towels/	index, follow, max-image-preview:large, max-snippet:-1, max-video-preview:-1	Stay comfortable during training sessions with our high-quality body towels. Soft, absorbent, and durable – a must-have for every martial artist.
https://progressivemartialarts.com.au/product/towels-progressive-martial-arts-large-bath-towel/	200	0	https://progressivemartialarts.com.au/product/towels-progressive-martial-arts-large-bath-towel/	text/html	142164	7b33bd673022e0cd	Towels - Progressive Martial Arts - Large Bath Towel - Progressive Martial Arts	https://progressivemartialarts.com.au/product/towels-progressive-martial-arts-large-bath-towel/	index, follow, max-image-preview:large, max-snippet:-1, max-video-preview:-1	
https://progressivemartialarts.com.au/product/viking-shorts/	200	0	https://progressivemartialarts.com.au/product/viking-shorts/	text/html	182890	6404a09e4f0174c5	Viking Shorts - Progressive Martial Arts	https://progressivemartialarts.com.au/product/viking-shorts/	index, follow, max-image-preview:large, max-snippet:-1, max-video-preview:-1	
https://progressivemartialarts.com.au/product/womens-yoga-pants/	200	0	https://progressivemartialarts.com.au/product/womens-yoga-pants/	text/html	144605	0de05b49ceef7c37	Women&#039;s Yoga Pants - Progressive Martial Arts	https://progressivemartialarts.com.au/product/womens-yoga-pants/	index, follow, max-image-preview:large, max-snippet:-1, max-video-preview:-1	
https://progressivemartialarts.com.au/product/wraps-ikat/	200	0	https://progressivemartialarts.com.au/product/wraps-ikat/	text/html	140706	14b9fdadb0559a5d	Wraps - Ikat - Progressive Martial Arts	https://progressivemartialarts.com.au/product/wraps-ikat/	index, follow, max-image-preview:large, max-snippet:-1, max-video-preview:-1	
https://progressivemartialarts.com.au/product/wraps-malong/	200	0	https://progressivemartialarts.com.au/product/wraps-malong/	text/html	136678	7ca3c23a40438a20	Wraps - Malong - Progressive Martial Arts	https://progressivemartialarts.com.au/product/wraps-malong/	index, follow, max-image-preview:large, max-snippet:-1, max-video-preview:-1	
https://progressivemartialarts.com.au/product/wraps-sarong/	200	0	https://progressivemartialarts.com.au/product/wraps-sarong/	text/html	136027	a9c3f438fbfa7e61	Wraps - Sarong - Progressive Martial Arts	https://progressivemartialarts.com.au/product/wraps-sarong/	index, follow, max-image-preview:large, max-snippet:-1, max-video-preview:-1	
https://progressivemartialarts.com.au/professor-jean-jacques-seminar/	200	0	https://progressivemartialarts.com.au/professor-jean-jacques-seminar/	text/html	116144	471e9e3abec80867	Professor Jean Jacques Machado Seminar - Progressive Martial Arts	https://progressivemartialarts.com.au/professor-jean-jacques-seminar/	index, follow, max-image-preview:large, max-snippet:-1, max-video-preview:-1	
https://progressivemartialarts.com.au/ranges/	200	0	https://progressivemartialarts.com.au/ranges/	text/html	116737	789021c1ba9d7aec	Ranges - Progressive Martial Arts	https://progressivemartialarts.com.au/ranges/	index, follow, max-image-preview:large, max-snippet:-1, max-video-preview:-1	Understanding the range you are in is crucial to the effectiveness of any attack or defense being used, and where you and your opponent can flow to as a situation develops.
https://progressivemartialarts.com.au/shop-2/	200	0	https://progressivemartialarts.com.au/shop-2/	text/html	106575	636e0ab1f960048d	Shop - Progressive Martial Arts	https://progressivemartialarts.com.au/shop-2/	index, follow, max-image-preview:large, max-snippet:-1, max-video-preview:-1	
https://progressivemartialarts.com.au/shop/	200	0	https://progressivemartialarts.com.au/shop/	text/html	142596	bad0d5e54ba1d72a	Martial Arts Shop | Brisbane | Progressive Martial Arts	https://progressivemartialarts.com.au/shop/	index, follow, max-image-preview:large, max-snippet:-1, max-video-preview:-1	Our wide range of gear, training DVDs &amp; apparel, are designed to enhance your practice &amp; passion for martial arts. Shop online now at Progressive Martial Arts!
https://progressivemartialarts.com.au/shopping-bag/	200	0	https://progressivemartialarts.com.au/shopping-bag/	text/html	176625	f3a6006dbacc1e49	Shopping Bag - Progressive Martial Arts	https://progressivemartialarts.com.au/shopping-bag/	noindex, follow	
https://progressivemartialarts.com.au/sifu-francis/	200	0	https://progressivemartialarts.com.au/sifu-francis/	text/html	123288	0f45ed378d1631b1	Sifu Francis - Progressive Martial Arts	https://progressivemartialarts.com.au/sifu-francis/	index, follow, max-image-preview:large, max-snippet:-1, max-video-preview:-1	
https://progressivemartialarts.com.au/silat/	200	0	https://progressivemartialarts.com.au/silat/	text/html	138816	50d2dd7898d5e13d	Learn MAPHILINDO Silat Martial Art | Progressive Martial Arts	https://progressivemartialarts.com.au/silat/	index, follow, max-image-preview:large, max-snippet:-1, max-video-preview:-1	Learn the basics of Maphilindo Silat in Brisbane at Progressive Martial Arts. Improve on useful hand-to-hand combat for your self-defense skills. Enrol today!
https://progressivemartialarts.com.au/student-photos/	200	0	https://progressivemartialarts.com.au/student-photos/	text/html	118996	be0e84703cf8df2c	Student Photos - Progressive Martial Arts	https://progressivemartialarts.com.au/student-photos/	index, follow, max-image-preview:large, max-snippet:-1, max-video-preview:-1	Progressive Martial Arts Academy International has a long and proud history under Guro Dan Inosanto and the Inosanto Academy of Martial Arts.
https://progressivemartialarts.com.au/tag/bjj/	200	0	https://progressivemartialarts.com.au/tag/bjj/	text/html	107835	13f85b2e9644468f	BJJ Archives - Progressive Martial Arts	https://progressivemartialarts.com.au/tag/bjj/	index, follow, max-image-preview:large, max-snippet:-1, max-video-preview:-1	
https://progressivemartialarts.com.au/tag/brazilian-jiu-jitsu/	200	0	https://progressivemartialarts.com.au/tag/brazilian-jiu-jitsu/	text/html	108027	9ebae6c1d7c590c8	Brazilian Jiu Jitsu Archives - Progressive Martial Arts	https://progressivemartialarts.com.au/tag/brazilian-jiu-jitsu/	index, follow, max-image-preview:large, max-snippet:-1, max-video-preview:-1	
https://progressivemartialarts.com.au/tag/jean-jacques-machado/	200	0	https://progressivemartialarts.com.au/tag/jean-jacques-machado/	text/html	108039	325459e623734b5e	Jean Jacques Machado Archives - Progressive Martial Arts	https://progressivemartialarts.com.au/tag/jean-jacques-machado/	index, follow, max-image-preview:large, max-snippet:-1, max-video-preview:-1	
https://progressivemartialarts.com.au/tag/seminar/	200	0	https://progressivemartialarts.com.au/tag/seminar/	text/html	107883	bdc4485d1ad7b7c2	Seminar Archives - Progressive Martial Arts	https://progressivemartialarts.com.au/tag/seminar/	index, follow, max-image-preview:large, max-snippet:-1, max-video-preview:-1	
https://progressivemartialarts.com.au/thai-boxing/	200	0	https://progressivemartialarts.com.au/thai-boxing/	text/html	119129	9dd909424a9cb3eb	Thai Boxing - Progressive Martial Arts	https://progressivemartialarts.com.au/thai-boxing/	index, follow, max-image-preview:large, max-snippet:-1, max-video-preview:-1	Thai Boxing and Thai Boxers are some of the most highly respected martial artists throughout the world. Find Thai Kickboxing classes on our CLASS TIMETABLE.
https://progressivemartialarts.com.au/this-url-must-404-24826	404	0	https://progressivemartialarts.com.au/this-url-must-404-24826	text/html	104771					
https://progressivemartialarts.com.au/timetable/	200	0	https://progressivemartialarts.com.au/timetable/	text/html	122727	2095ef5a8ea96298	Timetable - Progressive Martial Arts	https://progressivemartialarts.com.au/timetable/	index, follow, max-image-preview:large, max-snippet:-1, max-video-preview:-1	Progressive Martial Arts Academy International has a long and proud history under Guro Dan Inosanto and the Inosanto Academy of Martial Arts.
https://progressivemartialarts.com.au/visiting-student-information/	200	0	https://progressivemartialarts.com.au/visiting-student-information/	text/html	120591	e3604354a36438e4	Visiting Student Information - Progressive Martial Arts	https://progressivemartialarts.com.au/visiting-student-information/	index, follow, max-image-preview:large, max-snippet:-1, max-video-preview:-1	PMAAI caters to interstate and international students wishing to continue their training while away from home, whether visiting briefly to attend a seminar.
url	status	redirect_hops	final_location	content_type	bytes	body_sha256_16	title	canonical	meta_robots	meta_description
